subject,difficulty,hours_available,deadline_days,importance,study_type,previous_score,actual_hours_needed
Biology,4,5,1,5,Theory,60,33.28
Economics,4,2,4,2,Theory,66,4.29
Geography,1,5,10,3,Conceptual,72,2.06
Computer Science,3,1,14,3,Conceptual,70,2.98
History,2,7,6,4,Conceptual,95,3.44
Economics,2,5,13,5,Theory,58,2.57
Biology,5,1,11,3,Theory,65,3.3
Math,3,4,6,5,Conceptual,73,7.3
Machine Learning,3,4,14,1,Theory,65,1.46
Machine Learning,5,3,9,2,Conceptual,72,4.01
Economics,3,7,14,5,Theory,64,2.87
Machine Learning,2,1,4,1,Practical,45,4.8
English,1,1,14,5,Practical,95,1.37
Statistics,4,2,14,3,Practical,92,3.05
Geography,3,7,1,3,Theory,88,14.78
AI,2,3,15,5,Practical,76,3.44
Math,4,7,10,1,Conceptual,84,1.73
English,1,2,2,3,Conceptual,63,5.38
English,2,2,14,4,Theory,71,1.84
Biology,2,5,12,1,Conceptual,47,2.94
Geography,5,3,10,2,Theory,54,3.07
Geography,2,2,1,2,Conceptual,46,12.19
Physics,3,3,15,1,Conceptual,50,2.88
Statistics,5,2,4,5,Practical,89,19.41
Geography,5,1,15,5,Theory,47,4.36
Geography,5,2,13,2,Practical,71,4.05
Programming,3,4,14,2,Theory,76,1.45
Economics,1,4,8,3,Practical,91,1.66
Physics,2,6,5,1,Theory,52,2.18
Machine Learning,2,7,11,5,Practical,95,3.03
Geography,3,8,13,3,Theory,84,1.62
English,1,6,14,5,Theory,48,2.24
Geography,2,4,8,3,Theory,73,2.06
AI,1,3,9,2,Practical,42,4.15
Physics,4,8,5,4,Practical,49,12.66
Computer Science,4,8,2,3,Conceptual,78,15.46
AI,5,4,14,1,Practical,43,4.49
AI,2,2,8,5,Theory,75,2.8
AI,4,1,9,3,Theory,51,3.7
English,5,3,5,4,Conceptual,43,12.34
Programming,1,8,11,3,Theory,45,2.2
Physics,2,6,10,2,Conceptual,88,1.54
English,1,7,15,4,Theory,45,2.19
Physics,1,8,2,5,Theory,50,5.6
Math,4,2,14,3,Conceptual,75,3.26
English,5,6,2,2,Practical,52,17.88
Machine Learning,2,1,6,3,Conceptual,55,4.56
Math,3,1,13,5,Practical,57,6.04
AI,2,4,10,2,Conceptual,54,3.17
Economics,5,5,1,5,Practical,69,76.86
Math,3,4,1,1,Practical,61,11.34
Economics,4,5,1,2,Theory,50,14.4
Biology,1,1,3,4,Practical,55,6.7
Physics,4,2,9,5,Theory,66,4.64
Math,3,2,12,1,Conceptual,88,1.18
Machine Learning,1,3,9,4,Conceptual,94,1.35
Computer Science,2,4,9,1,Practical,95,0.97
Biology,3,4,3,5,Conceptual,49,14.45
Geography,4,3,9,4,Theory,53,4.35
English,5,6,15,3,Theory,60,2.88
Machine Learning,1,8,5,1,Practical,79,1.86
Computer Science,3,7,5,1,Theory,49,2.59
Programming,3,1,8,5,Conceptual,59,6.47
Economics,5,4,10,5,Conceptual,50,8.4
Math,3,7,13,4,Practical,85,3.67
Machine Learning,4,2,13,5,Theory,81,3.07
Computer Science,5,5,11,4,Theory,65,4.03
AI,2,7,3,4,Practical,50,11.0
Chemistry,1,7,10,2,Conceptual,60,2.4
History,4,6,14,3,Theory,70,2.33
Physics,2,2,1,2,Practical,77,13.38
Chemistry,1,2,15,4,Practical,93,1.22
Statistics,2,4,7,4,Practical,80,4.63
Geography,4,3,10,2,Practical,81,3.54
Computer Science,1,8,10,3,Theory,69,1.47
Economics,1,8,2,3,Conceptual,60,5.52
History,3,5,12,4,Practical,61,5.34
History,4,4,14,4,Practical,70,5.23
Geography,5,4,8,4,Practical,43,10.92
Geography,5,4,8,1,Practical,80,3.07
English,5,7,6,5,Practical,57,15.08
Geography,5,2,4,5,Theory,88,10.38
Biology,3,8,6,1,Theory,72,1.7
Computer Science,2,7,12,3,Practical,74,3.06
Programming,1,5,15,1,Theory,66,1.19
Statistics,4,1,2,3,Practical,50,21.0
Machine Learning,1,1,7,4,Theory,80,1.55
English,1,2,3,3,Conceptual,85,3.12
Physics,4,2,1,2,Conceptual,66,20.83
Economics,2,1,10,1,Practical,47,3.78
Physics,3,4,1,1,Theory,51,6.37
Computer Science,3,6,10,5,Practical,62,6.78
Economics,5,7,7,4,Practical,62,10.85
Machine Learning,1,7,3,2,Theory,90,1.39
Math,2,6,14,2,Conceptual,83,1.5
Economics,2,4,12,2,Theory,55,1.97
Geography,1,3,2,2,Practical,77,4.38
Physics,5,2,6,5,Conceptual,95,10.24
AI,1,4,8,5,Practical,40,5.47
Geography,4,7,9,5,Theory,92,3.81
Computer Science,1,5,3,3,Conceptual,78,3.46
Math,3,2,5,4,Theory,58,5.18
Biology,1,2,10,5,Theory,47,2.5
Chemistry,1,8,5,1,Practical,62,2.88
Physics,5,1,9,2,Theory,46,3.51
Math,2,5,7,2,Conceptual,81,2.28
Statistics,2,3,12,4,Conceptual,95,1.84
Biology,5,8,7,4,Conceptual,44,9.55
History,3,1,8,2,Conceptual,44,4.49
Computer Science,3,2,10,5,Practical,75,6.0
AI,2,2,4,2,Theory,90,1.92
Biology,3,5,8,3,Theory,75,2.6
AI,3,5,7,2,Practical,57,5.15
Geography,4,1,11,2,Practical,44,5.54
History,5,3,15,3,Conceptual,43,5.14
AI,2,1,5,4,Theory,76,3.33
Computer Science,2,4,10,4,Practical,75,3.9
Physics,5,2,12,5,Practical,59,8.71
Machine Learning,3,5,2,3,Theory,75,8.0
English,3,4,6,3,Theory,61,3.65
Statistics,2,8,9,5,Theory,41,3.67
History,1,2,14,4,Conceptual,78,1.74
Math,1,6,6,4,Theory,67,2.12
Math,2,1,15,4,Theory,52,2.39
Statistics,4,4,9,5,Theory,64,4.71
Math,5,4,10,2,Practical,80,4.2
Machine Learning,5,1,2,5,Theory,53,21.5
Statistics,2,7,15,5,Practical,90,2.6
Computer Science,5,4,5,4,Practical,54,14.76
Economics,4,3,5,1,Practical,66,4.44
AI,2,6,5,1,Practical,47,4.38
Biology,4,1,1,5,Practical,43,63.42
English,3,2,2,1,Conceptual,86,4.27
Computer Science,5,8,14,5,Theory,73,3.72
History,1,7,6,2,Theory,82,1.11
Statistics,2,8,5,3,Theory,80,2.56
English,1,5,3,4,Practical,52,6.88
Economics,3,6,12,3,Conceptual,84,2.57
Computer Science,2,3,8,4,Theory,88,1.98
Physics,2,5,14,3,Practical,86,2.13
AI,1,5,11,1,Practical,60,2.67
Geography,4,3,4,3,Practical,69,10.86
Computer Science,5,4,12,5,Conceptual,54,7.21
Math,3,2,10,4,Theory,59,3.23
Programming,5,8,13,5,Conceptual,79,5.62
Geography,1,3,11,1,Theory,57,1.52
Programming,5,3,5,2,Theory,90,3.52
AI,5,6,5,3,Conceptual,51,9.55
Chemistry,1,5,15,3,Practical,44,3.96
Chemistry,3,4,10,3,Conceptual,81,3.07
English,4,8,10,3,Practical,42,7.08
AI,3,7,9,1,Practical,95,1.3
Biology,1,8,4,1,Conceptual,40,3.48
Math,3,2,2,5,Conceptual,89,18.53
Computer Science,3,6,14,2,Practical,74,2.85
AI,1,7,7,4,Theory,64,2.07
Machine Learning,5,3,9,4,Theory,76,4.32
English,1,5,2,3,Theory,48,4.06
Statistics,2,5,4,3,Practical,82,5.58
Computer Science,3,2,3,4,Conceptual,58,11.62
English,1,6,4,2,Theory,78,1.5
History,1,6,10,1,Practical,76,1.74
Geography,3,6,5,1,Theory,85,1.44
English,2,2,4,3,Theory,54,3.87
Machine Learning,1,5,6,2,Theory,75,1.33
Programming,1,8,9,2,Theory,51,1.92
Statistics,2,7,15,5,Practical,59,4.46
English,3,8,8,1,Practical,51,4.06
English,5,6,9,3,Conceptual,41,6.83
Economics,5,4,15,4,Conceptual,57,5.26
Physics,1,3,5,3,Conceptual,75,2.64
Physics,4,4,9,1,Practical,90,1.93
Computer Science,2,6,13,3,Practical,53,4.2
Math,4,2,15,1,Theory,92,0.68
History,4,2,10,5,Conceptual,94,5.09
Chemistry,2,8,4,3,Practical,80,5.7
English,5,8,9,5,Practical,82,9.41
Statistics,5,3,10,2,Practical,83,4.02
AI,1,1,8,2,Conceptual,73,1.9
Machine Learning,5,3,4,4,Theory,66,9.09
AI,1,7,1,3,Practical,80,10.2
History,1,3,10,3,Conceptual,50,3.12
Chemistry,1,2,2,4,Conceptual,65,6.48
AI,5,8,4,4,Conceptual,56,14.11
Geography,5,8,15,2,Conceptual,45,4.24
Physics,2,5,7,2,Conceptual,63,3.15
Computer Science,3,3,5,2,Conceptual,88,3.46
Computer Science,4,5,13,3,Conceptual,44,4.9
Biology,2,1,8,5,Theory,74,2.83
Programming,5,1,1,1,Conceptual,64,13.73
Statistics,5,4,10,3,Conceptual,78,4.66
English,5,3,6,4,Conceptual,90,8.48
Geography,4,2,11,1,Theory,89,0.93
Economics,3,1,13,1,Theory,72,1.27
AI,1,4,5,2,Theory,77,1.38
History,2,7,10,2,Theory,77,1.38
History,3,4,3,2,Conceptual,59,6.77
AI,4,6,12,5,Theory,49,4.3
Programming,5,6,14,5,Practical,54,8.12
Machine Learning,2,4,13,5,Conceptual,55,4.01
Geography,3,7,12,2,Practical,75,3.0
Chemistry,1,3,14,4,Conceptual,83,1.5
AI,1,5,12,5,Theory,82,1.24
Computer Science,2,2,4,5,Practical,84,8.46
Biology,1,2,13,4,Practical,83,1.94
Geography,2,4,3,2,Theory,91,2.42
Machine Learning,2,8,10,1,Theory,89,0.67
Machine Learning,1,3,15,2,Theory,83,0.76
Programming,2,5,2,5,Practical,57,17.58
Physics,1,6,5,1,Practical,89,1.26
Biology,2,8,8,2,Practical,67,3.48
Chemistry,1,3,2,1,Conceptual,62,3.02
Biology,5,5,1,5,Conceptual,62,61.82
History,2,6,2,2,Theory,52,4.74
Economics,1,3,5,1,Conceptual,71,1.87
Physics,1,6,13,3,Theory,46,2.1
Machine Learning,1,2,15,2,Conceptual,90,0.8
Statistics,2,1,11,2,Theory,51,2.15
Math,3,6,1,1,Practical,64,11.16
Physics,3,8,7,1,Theory,66,1.77
Geography,1,7,3,4,Theory,65,3.25
Physics,4,6,12,1,Conceptual,68,2.34
History,4,2,14,1,Practical,45,4.16
Economics,2,4,12,3,Practical,81,2.64
Biology,4,5,4,3,Theory,81,5.41
English,5,2,10,3,Practical,88,5.22
Geography,1,1,4,5,Theory,79,2.67
Chemistry,5,6,7,3,Practical,51,9.37
Geography,4,3,8,3,Theory,94,2.59
Geography,1,3,8,4,Theory,40,2.72
Physics,1,5,9,5,Conceptual,65,3.01
English,2,6,15,2,Conceptual,54,2.85
English,5,3,8,5,Theory,91,5.29
Geography,4,2,4,5,Conceptual,83,12.82
Computer Science,2,3,6,4,Conceptual,78,4.26
Chemistry,2,6,3,4,Practical,69,9.86
Programming,1,3,5,5,Theory,62,2.82
Machine Learning,2,4,9,1,Theory,77,1.09
Programming,5,4,1,4,Theory,76,32.77
History,1,6,1,4,Practical,45,15.3
Machine Learning,1,7,14,4,Theory,95,0.62
AI,3,6,13,4,Practical,69,4.63
Computer Science,4,6,2,5,Conceptual,63,25.78
AI,2,6,8,4,Theory,70,2.56
AI,1,3,2,1,Conceptual,41,4.03
Computer Science,4,3,10,3,Practical,94,3.96
Biology,3,4,11,3,Theory,60,2.59
Economics,3,5,11,2,Practical,76,3.08
English,4,4,15,4,Conceptual,86,3.23
Statistics,5,6,6,2,Theory,52,4.2
Economics,1,4,10,5,Conceptual,54,3.41
Computer Science,3,1,5,3,Practical,57,7.98
Chemistry,4,1,2,5,Conceptual,73,25.3
Math,4,6,10,3,Theory,66,3.01
Physics,5,1,12,1,Practical,86,2.09
Math,5,1,15,1,Practical,62,3.28
Statistics,3,7,12,4,Conceptual,58,4.42
Chemistry,3,5,6,4,Practical,77,7.38
Physics,2,1,12,5,Theory,78,2.04
History,5,4,2,2,Conceptual,80,12.96
History,4,2,3,1,Practical,44,7.36
Programming,5,4,9,3,Conceptual,66,5.63
Biology,2,8,1,3,Theory,46,11.33
Programming,1,4,11,1,Conceptual,68,1.75
Geography,2,7,12,5,Practical,45,5.8
Machine Learning,4,7,4,5,Practical,61,17.34
Economics,1,1,4,4,Practical,46,6.24
Physics,1,7,3,2,Conceptual,42,4.38
AI,4,1,6,1,Conceptual,95,1.84
Economics,1,3,10,5,Conceptual,59,3.17
Statistics,4,4,3,2,Practical,59,10.46
English,1,8,6,3,Theory,83,1.34
Physics,3,1,9,5,Theory,81,3.27
Math,2,5,4,3,Practical,51,7.44
Machine Learning,4,2,7,1,Practical,88,2.43
AI,5,8,11,2,Conceptual,51,4.53
AI,2,2,2,5,Theory,62,9.22
Computer Science,1,7,11,4,Practical,84,2.05
Chemistry,1,2,6,4,Conceptual,68,3.14
Geography,4,7,7,3,Conceptual,91,4.55
AI,3,2,11,2,Theory,73,1.74
Physics,2,2,2,5,Practical,82,16.08
Machine Learning,5,3,10,3,Theory,40,4.32
Programming,5,3,6,3,Practical,45,10.8
Economics,1,2,8,3,Conceptual,42,3.68
Geography,1,2,2,5,Theory,65,5.12
Programming,3,5,12,1,Conceptual,76,1.75
Computer Science,5,3,12,4,Theory,51,4.23
Machine Learning,2,4,9,5,Theory,86,2.23
Physics,5,3,11,3,Practical,49,7.15
Math,4,2,14,1,Practical,47,4.04
Machine Learning,3,4,14,3,Conceptual,92,1.93
AI,4,3,1,4,Conceptual,90,38.88
Physics,1,8,4,5,Conceptual,57,5.06
Computer Science,5,2,1,1,Conceptual,76,13.15
Physics,1,6,13,1,Practical,41,3.77
History,4,1,8,1,Theory,49,2.43
Chemistry,4,7,4,4,Conceptual,78,10.66
Math,4,2,13,4,Theory,59,3.28
Geography,4,7,13,1,Practical,45,4.22
Physics,3,5,5,1,Theory,90,1.28
English,2,2,8,1,Theory,40,2.32
AI,5,3,15,5,Conceptual,65,5.68
Chemistry,5,1,4,4,Practical,93,15.42
History,1,1,13,1,Conceptual,84,0.95
Programming,4,4,5,3,Conceptual,55,7.92
Economics,4,6,6,3,Theory,82,3.78
Economics,1,7,1,5,Practical,90,15.6
Physics,2,8,9,4,Theory,75,2.22
English,5,3,9,5,Practical,63,10.55
Machine Learning,2,1,1,2,Theory,86,6.85
Computer Science,5,2,5,1,Theory,67,2.66
Statistics,2,7,12,1,Theory,57,1.64
Geography,5,6,6,3,Theory,62,5.22
Programming,4,2,15,1,Practical,48,3.92
Chemistry,4,3,15,4,Theory,78,2.41
AI,5,3,3,4,Theory,69,11.66
AI,4,6,8,5,Conceptual,85,6.72
Programming,3,3,2,5,Conceptual,86,18.67
Biology,3,2,10,2,Theory,65,2.08
Math,4,6,1,2,Practical,43,27.42
Chemistry,2,1,1,4,Theory,84,13.31
Geography,3,6,3,2,Practical,58,8.52
Programming,4,3,9,2,Theory,82,2.0
Statistics,4,3,10,3,Theory,42,3.78
Geography,2,8,9,4,Theory,40,3.34
Geography,4,4,11,2,Practical,49,5.24
English,5,3,13,4,Conceptual,92,4.08
Computer Science,2,6,11,4,Theory,64,2.32
Machine Learning,4,7,3,1,Conceptual,78,4.26
Physics,1,4,9,2,Practical,55,3.37
English,4,2,3,5,Theory,48,12.33
Biology,5,4,12,5,Conceptual,40,7.88
Math,2,2,1,3,Practical,42,21.48
Computer Science,4,2,6,3,Theory,74,4.03
Economics,3,7,2,4,Theory,47,11.3
Economics,2,4,14,4,Practical,48,4.83
Chemistry,5,1,4,1,Conceptual,91,3.43
AI,4,5,13,3,Theory,60,2.76
Statistics,5,5,10,5,Theory,48,5.66
Economics,3,4,8,2,Conceptual,45,4.44
History,1,2,10,3,Practical,48,4.02
History,3,5,11,5,Practical,76,5.53
English,4,1,7,5,Practical,50,11.57
English,5,6,2,1,Practical,74,9.06
AI,3,4,12,1,Practical,76,2.19
Biology,3,6,13,1,Theory,73,1.23
Biology,3,7,7,1,Practical,71,3.03
Economics,4,4,2,5,Practical,68,31.92
Programming,2,3,9,2,Practical,63,3.55
AI,4,8,1,5,Practical,68,61.92
Biology,1,8,4,1,Theory,58,1.74
History,5,7,14,3,Conceptual,67,4.16
Math,5,7,14,1,Practical,70,2.87
Programming,1,2,13,5,Conceptual,41,3.76
English,2,2,15,4,Practical,56,4.24
Computer Science,1,1,15,1,Conceptual,68,1.7
English,2,2,2,1,Theory,52,3.14
Math,1,4,7,3,Conceptual,55,3.19
AI,1,1,8,1,Theory,63,1.38
Chemistry,1,8,7,5,Practical,75,3.64
Computer Science,3,3,7,5,Practical,71,8.17
History,4,6,13,1,Practical,65,3.02
Economics,5,6,1,1,Practical,94,15.36
Biology,2,4,2,1,Conceptual,73,3.7
Geography,4,6,9,1,Theory,47,2.41
Math,2,1,15,2,Conceptual,56,2.75
Machine Learning,4,4,6,5,Theory,87,5.75
Economics,3,6,6,3,Practical,61,6.84
Economics,4,7,15,4,Practical,60,5.6
Computer Science,4,5,9,2,Theory,42,3.28
Physics,1,1,15,4,Conceptual,77,1.74
English,1,6,13,3,Conceptual,95,0.79
Computer Science,5,8,7,2,Theory,50,3.89
Statistics,3,4,5,3,Practical,72,7.08
Geography,4,3,1,1,Practical,45,15.3
English,2,4,2,1,Conceptual,59,4.37
Math,4,5,2,5,Practical,77,31.38
History,1,5,14,2,Conceptual,56,2.45
History,3,3,6,2,Conceptual,41,5.23
AI,3,5,15,4,Theory,71,2.21
History,4,8,10,5,Practical,56,8.64
Computer Science,4,1,15,3,Conceptual,84,2.69
Statistics,5,5,2,3,Theory,86,12.45
Biology,1,4,11,5,Conceptual,45,3.73
Math,5,1,1,2,Conceptual,88,24.58
English,5,1,5,3,Practical,77,10.38
Math,5,7,14,3,Theory,49,3.35
Geography,5,1,7,5,Theory,74,6.55
Chemistry,2,1,2,4,Theory,42,8.26
Computer Science,2,2,2,5,Theory,56,9.41
History,1,2,8,4,Theory,80,1.44
Math,4,2,15,5,Conceptual,91,3.63
History,2,8,12,1,Conceptual,48,2.9
Machine Learning,5,4,9,1,Practical,91,2.21
Geography,4,5,11,4,Conceptual,68,5.03
Computer Science,4,4,2,5,Conceptual,74,25.25
Geography,1,3,9,4,Theory,65,1.83
English,5,3,3,1,Theory,84,3.18
Physics,1,1,6,4,Practical,80,3.2
History,4,2,7,4,Practical,92,7.34
Machine Learning,4,5,13,4,Conceptual,76,4.11
Chemistry,3,4,5,1,Practical,61,4.14
English,1,6,15,2,Theory,52,1.75
History,1,6,2,5,Practical,87,8.28
AI,1,4,1,5,Practical,48,18.12
Math,2,7,9,1,Practical,58,3.19
Math,2,2,7,2,Theory,64,2.07
Statistics,2,5,2,3,Conceptual,86,7.87
English,1,8,2,1,Practical,81,2.64
Computer Science,2,2,4,2,Theory,58,2.94
Statistics,3,2,1,2,Theory,45,11.36
Math,5,1,6,5,Practical,92,12.98
Programming,5,7,5,1,Practical,44,6.36
Statistics,4,7,14,5,Conceptual,45,6.07
Chemistry,1,3,6,3,Theory,89,1.15
Computer Science,4,8,4,2,Conceptual,70,6.24
Physics,2,4,9,1,Conceptual,79,1.54
Economics,5,6,2,4,Conceptual,58,26.02
Geography,3,7,9,5,Practical,82,6.08
AI,4,1,12,3,Practical,71,4.74
Statistics,5,5,9,4,Theory,60,4.84
Biology,1,1,5,5,Theory,57,2.98
English,1,2,5,2,Practical,88,1.92
Biology,4,1,2,1,Conceptual,66,6.43
Programming,4,2,9,4,Theory,40,4.76
Biology,3,8,15,2,Theory,86,1.09
English,5,5,6,3,Theory,89,4.35
Computer Science,1,3,4,1,Conceptual,61,2.47
History,3,5,3,5,Practical,56,17.64
Computer Science,2,6,13,5,Conceptual,57,3.91
Physics,3,1,15,3,Practical,75,3.3
Geography,5,2,1,3,Practical,40,48.6
Economics,1,3,10,3,Conceptual,41,3.55
Computer Science,2,4,8,3,Conceptual,84,2.57
History,4,4,10,2,Practical,40,6.0
Statistics,5,7,14,3,Conceptual,89,3.1
Computer Science,3,5,11,3,Practical,60,4.85
Programming,2,8,1,4,Practical,57,26.58
Programming,3,8,7,1,Theory,54,2.16
English,2,7,14,4,Practical,41,5.25
Programming,4,7,9,3,Conceptual,74,4.45
Statistics,1,4,14,2,Theory,71,1.16
Economics,4,2,8,4,Theory,44,4.99
Physics,1,7,2,2,Conceptual,88,2.98
Programming,5,4,13,1,Conceptual,85,1.64
Machine Learning,3,8,11,5,Practical,73,5.71
Math,4,1,1,3,Theory,60,20.48
Geography,4,5,5,5,Theory,54,7.87
Biology,1,6,8,4,Conceptual,77,2.3
Physics,5,8,15,5,Practical,85,5.9
Computer Science,2,1,3,1,Conceptual,76,2.75
Economics,5,4,2,4,Conceptual,53,26.26
Geography,3,5,14,4,Theory,55,2.81
Programming,4,4,4,1,Practical,46,6.24
Math,5,8,3,1,Conceptual,67,5.58
Biology,1,7,7,1,Practical,70,2.23
Statistics,5,6,12,4,Theory,59,3.98
English,1,5,15,5,Practical,58,3.52
Statistics,5,5,1,4,Conceptual,93,48.34
Statistics,1,1,7,3,Conceptual,59,3.0
History,4,1,13,5,Conceptual,56,5.8
English,5,2,2,1,Practical,62,9.78
Machine Learning,1,3,8,1,Conceptual,73,1.6
Economics,3,7,9,4,Practical,64,6.16
Geography,3,4,4,2,Theory,78,3.1
History,2,6,1,4,Theory,66,13.89
Biology,4,3,13,2,Conceptual,45,4.12
Computer Science,2,8,13,4,Practical,62,4.13
Machine Learning,3,5,7,2,Theory,81,1.98
Math,3,3,4,2,Conceptual,74,4.85
History,2,3,2,3,Theory,42,6.66
History,5,4,5,1,Practical,77,4.38
Math,1,5,6,2,Practical,82,2.08
English,2,5,3,2,Practical,68,5.92
Geography,5,3,6,4,Conceptual,74,9.25
AI,2,7,11,4,Theory,70,2.12
English,2,3,15,2,Conceptual,80,1.6
History,3,3,5,5,Theory,70,5.76
Programming,3,3,1,1,Theory,74,5.63
Geography,4,5,10,3,Practical,90,4.2
English,4,7,5,1,Conceptual,41,4.75
History,2,1,6,2,Practical,61,4.34
Machine Learning,1,1,7,4,Practical,42,5.19
AI,5,3,10,2,Conceptual,66,4.03
Programming,1,1,10,3,Practical,64,3.06
Machine Learning,1,6,8,4,Practical,55,4.2
Geography,5,8,12,4,Practical,47,8.18
History,2,2,5,1,Practical,43,4.62
Biology,3,7,14,1,Theory,52,1.88
Programming,5,3,15,3,Theory,57,2.98
English,1,7,8,1,Conceptual,70,1.74
Biology,5,4,7,5,Theory,71,6.64
History,5,5,11,3,Conceptual,42,6.06
Biology,2,7,9,5,Conceptual,40,5.55
AI,5,6,2,3,Conceptual,52,20.3
Machine Learning,3,7,3,5,Theory,65,9.12
Geography,5,1,8,1,Theory,71,1.93
Chemistry,1,6,5,1,Theory,74,1.15
Chemistry,5,1,5,5,Theory,81,8.61
AI,3,5,13,5,Practical,81,4.6
Geography,4,5,10,3,Conceptual,93,3.22
History,5,4,11,2,Practical,55,5.43
Chemistry,5,6,15,3,Practical,85,3.9
History,5,7,10,3,Conceptual,82,4.46
Statistics,1,6,1,1,Theory,89,1.95
Statistics,4,3,12,4,Conceptual,90,3.68
Geography,1,4,1,2,Conceptual,59,6.77
English,4,8,7,4,Conceptual,61,7.36
Biology,3,2,6,2,Practical,77,4.38
Geography,5,1,7,2,Conceptual,95,3.67
Chemistry,1,7,4,3,Theory,91,1.49
Math,5,5,8,3,Conceptual,88,5.08
Geography,2,7,13,3,Conceptual,58,3.12
History,2,7,2,4,Theory,46,8.13
Programming,1,7,2,1,Conceptual,68,2.74
English,2,6,7,4,Practical,87,4.21
Machine Learning,3,3,14,5,Practical,95,3.51
Physics,5,3,8,3,Practical,62,7.9
Biology,1,7,2,4,Practical,92,6.48
English,5,5,1,2,Practical,88,30.72
English,2,4,15,2,Practical,92,1.28
Computer Science,3,8,4,5,Theory,44,7.79
Statistics,1,1,3,3,Theory,60,2.88
Geography,2,5,14,5,Theory,64,2.29
Statistics,2,4,9,4,Theory,52,2.96
Programming,3,7,1,5,Practical,75,46.5
Machine Learning,4,6,10,2,Practical,52,5.28
Math,3,5,11,5,Conceptual,70,4.71
Biology,5,5,2,1,Conceptual,55,8.16
Math,3,3,7,2,Practical,81,3.71
AI,2,3,15,2,Conceptual,55,2.8
Programming,2,7,2,1,Theory,89,1.95
Geography,5,2,5,4,Theory,64,7.55
History,2,1,8,3,Theory,74,2.03
Economics,2,4,1,1,Conceptual,75,6.0
English,3,5,13,1,Practical,47,3.87
Geography,3,3,6,4,Conceptual,80,5.76
English,1,5,7,3,Theory,83,1.23
Computer Science,2,2,1,4,Theory,51,14.37
AI,5,7,8,3,Conceptual,61,6.37
Math,3,2,6,4,Practical,78,7.32
Biology,3,7,8,5,Practical,44,8.98
Machine Learning,4,1,4,1,Theory,88,1.98
Physics,2,3,8,3,Conceptual,61,3.67
AI,1,4,15,5,Theory,80,1.17
English,3,1,3,4,Conceptual,71,10.99
Machine Learning,2,3,14,4,Conceptual,84,2.14
Machine Learning,3,4,14,5,Conceptual,78,3.63
Geography,2,3,15,4,Practical,88,2.32
English,1,7,9,2,Theory,64,1.51
Biology,5,8,11,3,Conceptual,62,5.1
Chemistry,3,8,7,2,Theory,90,1.69
Physics,5,6,6,1,Practical,85,3.4
AI,2,3,3,2,Practical,80,5.2
Biology,2,8,7,4,Practical,51,6.37
History,3,3,5,4,Conceptual,78,6.82
Machine Learning,2,5,9,2,Practical,50,4.33
Machine Learning,5,5,9,2,Conceptual,95,2.91
Machine Learning,3,8,14,5,Theory,80,2.35
AI,1,5,13,5,Practical,40,4.75
Economics,5,5,7,4,Practical,60,10.97
English,1,3,1,5,Practical,84,15.96
English,5,7,15,3,Conceptual,59,4.37
Economics,2,7,3,5,Conceptual,61,9.87
Programming,1,7,7,4,Theory,90,1.23
Machine Learning,4,6,3,3,Theory,61,7.65
Physics,2,5,12,3,Conceptual,49,3.65
Chemistry,1,8,3,4,Conceptual,81,4.11
Biology,1,8,12,2,Conceptual,67,1.98
Statistics,4,3,2,1,Theory,84,3.71
Statistics,1,8,7,2,Conceptual,95,0.93
English,5,4,11,2,Conceptual,42,4.97
Geography,3,1,15,5,Theory,46,3.33
Statistics,2,6,11,4,Practical,71,3.92
Chemistry,4,4,3,3,Practical,41,15.54
Computer Science,1,8,9,3,Conceptual,74,2.05
Machine Learning,5,5,15,4,Theory,40,4.05
Math,3,5,10,3,Theory,92,1.7
AI,3,2,14,2,Theory,68,1.71
History,2,3,7,5,Theory,53,3.79
History,1,5,3,1,Theory,67,1.59
Geography,2,8,7,3,Conceptual,55,4.22
Math,1,7,5,1,Practical,72,2.28
Chemistry,2,4,1,4,Conceptual,79,20.21
Chemistry,5,6,12,2,Conceptual,65,3.68
Biology,5,4,1,4,Conceptual,50,50.4
English,3,1,9,1,Practical,73,2.62
Statistics,1,8,15,3,Conceptual,69,1.97
Geography,5,7,5,3,Practical,55,11.7
Economics,2,4,5,2,Practical,57,4.98
Programming,4,8,13,1,Conceptual,68,2.27
Machine Learning,1,4,11,2,Theory,87,0.71
Geography,2,2,13,2,Practical,95,1.22
Statistics,4,3,8,5,Theory,50,5.6
Physics,5,3,10,1,Conceptual,83,2.02
History,1,2,14,1,Practical,51,3.15
Programming,1,8,10,2,Conceptual,73,1.78
Math,1,5,6,4,Theory,66,2.15
AI,1,5,12,1,Theory,58,1.48
Statistics,4,1,4,4,Conceptual,78,10.66
Math,3,2,15,5,Conceptual,60,4.32
Physics,3,7,4,3,Conceptual,77,6.5
Chemistry,1,4,2,4,Conceptual,55,6.96
Economics,1,8,5,5,Theory,75,2.4
AI,5,8,2,1,Theory,63,5.18
Machine Learning,2,3,11,1,Conceptual,92,0.82
Computer Science,1,4,6,2,Theory,44,2.33
Machine Learning,3,8,8,3,Theory,92,2.06
English,5,5,3,2,Practical,65,12.1
Programming,4,1,1,1,Practical,66,14.04
Computer Science,2,4,9,2,Conceptual,82,1.93
Math,2,8,7,1,Conceptual,70,2.13
History,4,8,3,1,Practical,81,5.14
Economics,1,2,12,5,Theory,62,1.88
Geography,2,7,13,1,Practical,56,3.1
Biology,5,7,7,5,Conceptual,91,9.0
Statistics,5,8,7,5,Conceptual,43,11.31
Chemistry,3,7,14,3,Conceptual,94,1.83
Math,2,7,5,3,Practical,88,4.32
History,4,1,6,4,Theory,58,5.61
Computer Science,4,6,8,1,Conceptual,70,2.64
Geography,5,4,12,5,Theory,86,3.78
Biology,1,5,1,5,Theory,63,9.18
Economics,2,7,10,4,Conceptual,64,3.65
Programming,5,4,8,3,Theory,82,3.58
Statistics,4,5,4,3,Practical,74,10.56
Chemistry,5,7,15,5,Theory,66,3.75
History,5,3,8,3,Practical,91,6.17
Math,1,5,15,5,Theory,87,0.95
Machine Learning,2,3,13,1,Conceptual,70,1.81
Programming,4,7,8,5,Conceptual,75,7.2
Geography,2,8,9,4,Practical,62,4.95
Physics,3,8,12,3,Practical,81,3.39
Geography,1,8,1,4,Practical,61,14.34
Machine Learning,3,6,10,5,Practical,49,7.56
Statistics,1,6,3,5,Conceptual,64,5.73
Math,5,8,5,4,Practical,82,13.08
History,1,3,1,5,Practical,54,17.76
Computer Science,5,7,3,4,Practical,49,23.06
History,3,4,7,2,Theory,79,2.04
Machine Learning,1,8,1,4,Practical,94,12.36
Programming,5,8,11,4,Practical,64,7.61
Chemistry,2,2,6,3,Theory,42,3.46
AI,5,1,2,5,Conceptual,73,31.3
Programming,5,4,15,2,Theory,49,2.7
Chemistry,5,3,12,3,Theory,65,3.12
Physics,4,7,12,5,Conceptual,76,5.15
English,4,3,2,3,Theory,42,11.46
Statistics,1,7,1,5,Conceptual,79,13.01
Programming,5,5,15,5,Conceptual,55,6.16
Machine Learning,2,1,7,4,Theory,83,2.37
AI,1,6,7,1,Practical,83,1.45
Chemistry,3,5,7,1,Theory,44,2.48
Machine Learning,1,5,2,2,Theory,56,3.01
English,2,3,1,5,Practical,81,31.14
Statistics,5,1,1,2,Conceptual,51,26.35
Computer Science,2,5,10,2,Theory,66,1.73
Statistics,1,7,12,3,Conceptual,61,2.47
History,4,2,13,5,Practical,72,6.3
Physics,4,6,13,3,Conceptual,62,4.04
Computer Science,1,3,15,3,Practical,65,2.7
Chemistry,5,7,11,3,Practical,61,6.43
English,5,8,3,4,Theory,59,11.98
Economics,4,3,15,3,Theory,59,2.59
Statistics,2,8,1,3,Practical,66,20.04
Programming,3,7,10,3,Conceptual,89,2.69
AI,1,2,13,3,Theory,40,2.29
Economics,5,5,3,1,Practical,84,5.96
English,5,1,10,3,Theory,45,4.16
AI,2,3,4,2,Practical,47,6.18
Programming,4,1,6,3,Practical,83,7.02
Geography,1,7,3,4,Theory,40,4.05
Biology,3,1,2,5,Theory,69,12.99
Physics,5,5,13,5,Theory,78,3.78
Biology,4,7,13,1,Conceptual,73,2.03
Biology,4,3,11,5,Practical,57,8.03
Chemistry,1,8,7,2,Conceptual,47,3.23
English,5,3,3,4,Conceptual,68,17.54
History,1,8,12,1,Conceptual,88,0.78
Computer Science,1,6,13,1,Theory,54,1.6
Statistics,4,6,13,2,Conceptual,84,2.24
Geography,5,3,14,5,Conceptual,85,5.01
Geography,5,6,8,4,Practical,41,11.04
Economics,3,1,6,1,Theory,47,2.5
Physics,1,1,14,2,Practical,49,3.49
Economics,3,5,10,1,Practical,81,2.04
History,1,6,7,5,Theory,78,1.85
Biology,2,4,3,3,Theory,56,4.61
Statistics,3,3,8,5,Theory,60,4.28
Physics,4,2,13,3,Theory,69,2.47
AI,5,8,3,4,Theory,40,12.59
Geography,5,2,2,3,Theory,86,12.45
Biology,4,5,4,5,Practical,70,16.8
Biology,4,4,9,4,Practical,56,7.97
History,3,1,15,2,Practical,72,2.88
Math,5,1,3,5,Practical,40,28.6
Physics,3,7,3,2,Practical,41,9.54
Machine Learning,2,5,5,4,Conceptual,76,4.99
AI,3,1,6,2,Conceptual,68,3.94
AI,1,6,12,5,Theory,92,0.92
Economics,3,2,3,3,Practical,82,10.08
Physics,5,7,14,4,Conceptual,90,3.91
AI,5,6,10,3,Practical,71,6.24
Chemistry,5,2,3,3,Theory,89,8.35
Statistics,5,3,14,4,Practical,88,5.01
AI,2,7,15,3,Conceptual,44,3.65
AI,5,4,9,2,Practical,88,4.05
Machine Learning,4,5,7,5,Conceptual,53,9.11
Physics,5,6,7,3,Practical,49,9.49
Math,5,4,1,3,Conceptual,76,37.15
History,4,8,11,4,Conceptual,68,5.03
Computer Science,3,1,12,5,Practical,59,6.21
Math,1,5,8,5,Theory,52,2.54
Math,3,1,15,2,Conceptual,68,2.5
Chemistry,4,7,2,5,Conceptual,77,25.1
Physics,5,7,12,5,Theory,79,4.01
Statistics,2,3,7,3,Conceptual,71,3.45
Machine Learning,4,4,8,2,Practical,48,6.12
Math,4,6,4,2,Theory,86,3.65
English,2,5,14,1,Theory,62,1.44
Machine Learning,1,1,13,2,Practical,87,1.24
Computer Science,3,5,4,5,Conceptual,54,11.21
Biology,4,4,12,5,Practical,47,8.18
Math,1,5,3,2,Theory,89,1.42
Statistics,2,3,9,1,Conceptual,52,2.84
Chemistry,5,3,9,3,Conceptual,76,5.15
Chemistry,2,3,2,3,Practical,46,12.24
Statistics,5,5,7,3,Practical,56,9.07
Computer Science,5,4,13,1,Theory,42,2.47
Economics,5,8,8,2,Practical,77,5.13
Computer Science,4,1,15,5,Theory,61,3.38
Programming,1,3,3,2,Conceptual,43,4.34
Machine Learning,5,6,13,3,Practical,54,6.22
Programming,3,8,5,5,Theory,73,5.66
History,2,3,13,1,Conceptual,67,1.95
Programming,2,8,11,2,Practical,50,4.09
AI,5,5,15,4,Theory,88,2.52
Biology,5,1,6,4,Practical,43,13.42
Biology,2,8,11,5,Practical,68,4.65
English,4,7,2,2,Theory,49,8.03
Computer Science,2,2,15,1,Conceptual,93,0.66
Chemistry,5,5,9,2,Practical,84,4.29
History,2,1,12,3,Conceptual,66,2.83
Biology,4,8,15,5,Practical,91,4.54
English,4,7,10,3,Practical,64,5.76
Economics,1,1,7,2,Conceptual,91,1.12
Programming,1,7,8,3,Conceptual,93,1.24
History,4,3,8,5,Practical,79,8.76
Physics,2,4,9,4,Practical,67,4.65
Machine Learning,4,5,14,5,Conceptual,70,4.87
Statistics,1,8,13,5,Conceptual,87,1.55
Physics,1,2,15,5,Practical,41,4.54
History,5,8,2,5,Practical,76,38.94
Math,3,3,4,1,Theory,87,1.62
Geography,2,1,13,1,Practical,79,1.72
Machine Learning,1,7,14,2,Practical,71,2.17
AI,1,3,9,4,Practical,55,4.03
Physics,1,3,12,4,Theory,62,1.75
Statistics,5,2,9,4,Practical,65,8.77
Programming,3,3,9,2,Conceptual,40,4.48
Physics,1,3,1,1,Conceptual,42,5.18
Chemistry,1,4,11,4,Conceptual,91,1.3
Machine Learning,2,8,11,2,Theory,80,1.22
History,4,3,12,3,Conceptual,54,4.61
Machine Learning,5,8,15,1,Theory,89,0.89
Programming,1,3,12,2,Practical,70,2.3
Geography,4,1,10,5,Conceptual,69,6.29
Statistics,5,4,4,1,Conceptual,80,3.96
Geography,2,4,6,5,Practical,95,5.3
History,3,2,5,1,Conceptual,57,3.5
Math,2,5,14,2,Theory,85,0.94
History,3,6,11,3,Conceptual,81,2.88
Computer Science,1,8,10,1,Theory,75,0.96
Math,1,6,4,5,Practical,49,6.81
Chemistry,3,8,6,1,Practical,55,4.2
Math,3,4,7,2,Conceptual,64,3.79
History,5,2,9,3,Practical,51,7.94
Statistics,5,1,7,4,Theory,58,5.92
Programming,5,4,10,4,Practical,41,9.54
History,1,1,7,1,Conceptual,74,1.59
Biology,5,6,11,2,Theory,48,3.12
Math,5,1,3,5,Conceptual,61,21.87
Physics,5,6,8,5,Theory,50,6.6
Programming,1,8,7,1,Practical,59,2.89
Chemistry,5,8,8,3,Theory,49,4.63
Biology,2,2,15,3,Practical,46,4.44
Biology,2,6,13,3,Conceptual,57,3.17
Economics,2,8,14,3,Conceptual,65,2.71
Physics,4,1,3,1,Conceptual,44,5.89
Machine Learning,4,8,13,4,Practical,45,6.99
Statistics,1,3,13,4,Practical,44,4.28
Biology,5,6,15,3,Theory,81,2.21
English,4,3,15,4,Conceptual,47,5.1
Economics,3,1,3,1,Theory,44,3.39
Programming,1,5,6,4,Practical,66,4.04
Computer Science,1,6,3,4,Theory,57,3.51
Geography,3,8,3,4,Theory,52,7.94
Computer Science,4,8,4,4,Theory,81,7.01
Math,2,8,12,1,Practical,64,2.66
Economics,1,8,10,3,Theory,67,1.54
AI,3,8,5,3,Conceptual,93,4.66
History,5,1,6,5,Theory,77,7.4
Biology,4,3,4,4,Practical,85,12.9
Economics,2,7,8,2,Theory,40,2.72
Geography,1,6,2,5,Theory,47,5.7
English,5,7,12,3,Conceptual,59,4.97
History,1,1,11,5,Conceptual,70,2.53
Geography,1,6,10,1,Theory,54,1.63
Statistics,1,1,4,4,Conceptual,52,4.7
Machine Learning,4,7,7,4,Conceptual,47,8.03
Machine Learning,4,1,12,3,Conceptual,63,4.18
History,5,8,14,3,Theory,55,3.15
Physics,2,7,15,5,Practical,95,2.3
Economics,4,6,2,4,Theory,65,13.92
AI,4,8,12,3,Practical,78,4.32
Economics,3,5,6,5,Practical,95,7.8
Machine Learning,3,6,10,2,Conceptual,86,2.11
Geography,2,4,10,2,Practical,57,3.78
AI,5,2,5,4,Practical,65,14.1
Programming,4,7,13,2,Theory,61,2.23
English,3,3,12,1,Theory,77,1.14
History,1,3,7,5,Theory,44,2.93
Math,5,6,7,1,Conceptual,52,4.02
Programming,3,1,4,5,Theory,78,6.7
History,3,7,9,2,Practical,86,2.84
Geography,1,3,4,2,Conceptual,95,1.44
Machine Learning,5,5,12,4,Conceptual,68,5.54
Statistics,1,2,2,3,Theory,43,4.22
Math,5,8,11,2,Theory,60,2.73
Programming,4,7,12,5,Conceptual,44,6.69
Biology,3,6,12,1,Theory,61,1.65
Chemistry,1,2,5,4,Conceptual,81,2.83
Geography,5,1,6,1,Conceptual,94,2.29
Geography,2,6,4,5,Theory,79,4.67
Chemistry,4,5,11,4,Theory,82,2.9
English,5,2,8,4,Theory,88,4.38
Machine Learning,5,1,10,3,Practical,86,5.34
English,3,2,14,4,Practical,53,5.39
Biology,3,1,7,2,Conceptual,89,2.59
Economics,5,2,11,3,Practical,59,6.55
Economics,4,5,3,2,Conceptual,87,7.02
Chemistry,1,6,5,2,Practical,41,4.74
History,5,6,14,2,Practical,91,2.68
Physics,1,8,14,5,Conceptual,73,2.15
Geography,4,4,10,2,Theory,85,1.76
Math,4,1,5,1,Practical,91,2.94
Geography,1,3,9,5,Theory,67,1.94
Economics,1,7,14,1,Conceptual,42,2.96
Programming,1,8,7,2,Conceptual,81,1.6
Statistics,3,5,6,4,Theory,76,3.97
Chemistry,3,5,9,4,Conceptual,66,4.83
Computer Science,3,7,8,2,Theory,51,2.77
Computer Science,1,4,4,5,Practical,48,6.87
History,4,2,8,5,Theory,65,5.12
Physics,1,8,7,1,Conceptual,57,2.41
Physics,5,8,6,3,Theory,44,5.79
AI,1,6,13,5,Conceptual,48,3.42
Geography,2,1,1,4,Practical,65,26.1
Biology,1,4,4,2,Conceptual,71,2.59
Chemistry,3,4,2,3,Theory,56,8.61
Computer Science,3,6,3,2,Practical,68,7.92
Machine Learning,4,3,6,3,Conceptual,79,5.81
Programming,2,5,4,5,Theory,66,5.09
Physics,1,2,10,2,Theory,84,0.83
Programming,2,2,14,5,Theory,69,2.13
Economics,5,7,4,3,Theory,43,7.82
Economics,3,5,5,5,Practical,52,11.88
Computer Science,3,4,6,2,Practical,40,6.6
Geography,2,4,14,1,Practical,59,2.89
Geography,1,3,1,3,Conceptual,46,9.79
Machine Learning,3,4,7,4,Practical,70,6.94
Chemistry,1,4,1,5,Conceptual,60,13.92
Math,5,4,7,5,Practical,56,13.35
Computer Science,3,3,15,1,Practical,88,1.32
Computer Science,2,3,8,1,Practical,89,1.41
Biology,1,5,4,1,Practical,61,3.09
Math,1,8,5,2,Theory,81,1.25
Math,3,4,15,1,Conceptual,81,1.39
Math,1,4,2,5,Theory,64,5.15
Programming,2,7,5,2,Theory,71,2.21
History,2,7,8,2,Conceptual,71,2.59
Biology,4,4,3,5,Theory,74,11.5
History,2,4,8,1,Practical,50,3.75
Chemistry,5,6,2,2,Theory,52,9.54
Programming,1,7,3,2,Practical,83,3.02
English,1,5,14,3,Practical,47,3.82
History,4,7,13,5,Theory,73,3.33
English,4,2,15,2,Practical,44,4.96
AI,4,6,2,3,Conceptual,74,15.65
Geography,3,5,7,4,Theory,52,4.28
Physics,1,3,12,5,Theory,92,0.92
English,2,3,5,1,Conceptual,71,2.35
English,3,2,6,4,Practical,67,7.98
Geography,2,5,15,5,Theory,76,1.83
Statistics,3,1,4,1,Theory,40,3.12
Math,2,8,10,2,Practical,73,2.82
Economics,3,8,2,2,Theory,64,5.95
Geography,4,5,8,5,Conceptual,48,8.5
Statistics,2,2,1,3,Practical,65,20.1
Programming,3,3,6,2,Practical,94,3.36
History,3,4,7,2,Conceptual,89,2.59
Statistics,3,4,12,2,Theory,71,1.73
Statistics,3,1,3,3,Conceptual,72,8.54
Math,2,3,4,3,Conceptual,50,6.0
Economics,5,2,11,2,Theory,73,2.32
Computer Science,4,2,14,5,Theory,81,2.89
Economics,5,2,6,2,Theory,61,3.91
Statistics,1,3,7,3,Theory,71,1.61
AI,3,7,4,4,Theory,74,5.63
Physics,4,4,9,4,Conceptual,52,6.57
Machine Learning,2,4,12,1,Conceptual,86,1.07
Physics,5,1,2,4,Conceptual,55,26.16
Biology,3,5,14,2,Conceptual,73,2.32
Biology,4,3,3,4,Theory,71,9.46
English,5,8,5,3,Theory,47,6.5
History,5,2,12,1,Conceptual,49,3.45
Physics,5,8,8,2,Theory,63,3.18
Biology,2,7,2,3,Practical,76,10.44
Economics,3,7,3,3,Practical,46,12.24
Programming,5,1,14,4,Conceptual,94,3.72
Programming,2,3,3,4,Conceptual,53,8.66
Math,4,3,8,4,Practical,48,9.12
Chemistry,1,8,2,3,Conceptual,63,5.38
AI,3,4,4,2,Practical,61,6.84
AI,2,4,2,1,Conceptual,95,2.64
Physics,2,8,8,4,Conceptual,49,4.85
Computer Science,5,7,6,4,Conceptual,51,10.35
Geography,2,5,1,5,Practical,46,33.24
AI,1,6,15,5,Theory,49,2.17
Programming,3,5,9,2,Practical,47,5.18
Programming,4,1,15,4,Practical,90,3.8
AI,4,6,7,4,Conceptual,44,8.17
Programming,3,5,10,2,Conceptual,94,1.73
History,1,5,10,1,Conceptual,94,0.53
Machine Learning,4,2,7,1,Theory,50,2.51
English,4,6,10,1,Practical,89,1.86
Math,2,5,7,3,Practical,80,3.77
Chemistry,5,2,14,2,Practical,63,4.36
Statistics,5,6,2,5,Practical,80,38.7
Chemistry,2,3,10,4,Theory,60,2.56
Machine Learning,3,5,12,1,Conceptual,90,1.08
History,2,2,6,5,Conceptual,92,4.38
Math,5,8,2,3,Conceptual,76,19.15
Math,2,6,3,5,Practical,42,13.48
AI,2,7,9,4,Theory,76,2.19
English,4,4,5,3,Practical,93,7.62
Biology,1,6,10,2,Practical,47,3.78
Statistics,5,3,12,4,Practical,45,8.3
History,1,8,6,5,Conceptual,74,3.25
Chemistry,2,4,6,2,Theory,86,1.51
History,5,8,1,2,Conceptual,45,26.64
Chemistry,4,1,15,2,Conceptual,89,1.81
Geography,3,8,11,2,Conceptual,65,2.99
Computer Science,3,1,1,5,Theory,53,25.5
Physics,3,2,2,4,Practical,66,20.04
Statistics,2,6,9,5,Conceptual,51,5.02
Chemistry,5,6,1,4,Theory,70,32.96
Machine Learning,4,3,8,4,Theory,71,4.13
Programming,4,8,11,2,Conceptual,91,2.18
Machine Learning,3,4,5,2,Practical,51,6.54
Programming,4,7,12,1,Practical,76,2.44
AI,4,1,5,2,Practical,89,5.46
Geography,2,7,9,1,Theory,78,1.06
English,4,8,5,2,Conceptual,49,6.29
Economics,5,2,14,2,Practical,72,3.82
Biology,4,7,9,2,Theory,88,1.81
Machine Learning,5,5,3,5,Theory,47,15.03
Math,4,8,13,2,Conceptual,63,3.25
Physics,5,4,10,5,Theory,77,4.74
Computer Science,1,6,15,1,Theory,45,1.87
Math,1,4,1,4,Practical,48,15.12
Statistics,3,1,7,4,Theory,43,4.57
Programming,4,8,1,5,Conceptual,87,48.62
Economics,2,4,2,3,Conceptual,62,9.02
History,4,2,3,1,Theory,50,3.73
AI,1,2,4,2,Conceptual,60,3.12
Computer Science,1,3,1,1,Conceptual,89,2.93
Economics,1,4,12,4,Practical,57,3.58
Machine Learning,1,3,3,5,Practical,50,8.0
Chemistry,4,7,12,4,Conceptual,63,4.98
Geography,1,4,8,2,Theory,66,1.49
Statistics,3,3,5,2,Conceptual,83,3.7
AI,1,4,10,5,Theory,41,2.69
Chemistry,2,8,12,2,Conceptual,82,1.66
History,4,4,15,2,Theory,89,1.21
AI,4,7,15,3,Practical,95,2.7
Computer Science,5,3,10,5,Theory,85,4.48
Physics,4,6,5,4,Conceptual,79,8.69
History,2,2,3,4,Conceptual,73,7.7
Programming,2,8,13,1,Theory,95,0.41
Economics,3,5,13,5,Conceptual,75,3.97
English,3,2,13,1,Practical,52,3.57
Computer Science,5,3,9,3,Theory,93,2.89
Biology,1,2,6,4,Theory,43,2.89
Physics,1,3,3,4,Theory,91,2.42
AI,3,7,2,5,Theory,91,12.29
AI,2,5,4,5,Conceptual,86,6.67
Computer Science,5,7,7,4,Conceptual,59,8.83
Chemistry,3,6,12,3,Practical,57,4.83
English,3,1,8,3,Conceptual,76,3.85
Statistics,5,3,13,2,Theory,42,3.09
Physics,5,5,15,5,Conceptual,55,6.16
Economics,1,5,8,1,Conceptual,52,2.6
Chemistry,3,1,10,4,Practical,48,6.72
Physics,5,4,15,3,Practical,67,4.98
English,1,3,8,1,Conceptual,43,3.04
Statistics,2,1,1,2,Conceptual,66,11.23
Programming,1,4,7,1,Conceptual,58,2.36
Chemistry,5,2,4,2,Conceptual,60,7.92
History,1,3,14,3,Conceptual,91,0.95
History,2,5,2,2,Practical,94,6.36
Geography,1,8,3,1,Conceptual,61,2.67
Biology,3,4,6,2,Theory,58,2.94
Biology,1,8,15,3,Theory,88,0.7
Statistics,2,7,13,4,Practical,58,4.37
Computer Science,2,5,7,5,Conceptual,51,5.78
Computer Science,5,5,15,2,Theory,53,2.57
Statistics,1,4,1,5,Practical,40,18.6
Math,1,7,14,3,Theory,49,1.97
English,5,8,14,1,Theory,77,1.31
History,5,7,10,1,Practical,45,4.8
Programming,2,3,10,4,Conceptual,85,2.64
Chemistry,2,1,6,2,Practical,68,3.92
Geography,4,1,1,3,Conceptual,68,30.34
Physics,2,1,11,5,Conceptual,71,3.57
Geography,5,3,2,1,Theory,80,4.64
English,4,8,5,4,Theory,65,6.24
Machine Learning,4,6,8,2,Theory,81,2.21
AI,1,8,7,1,Theory,44,2.02
Physics,4,3,7,5,Theory,72,5.47
Programming,5,7,1,3,Conceptual,83,36.82
Computer Science,5,4,5,1,Conceptual,67,3.98
Programming,1,3,3,2,Practical,85,2.9
Math,4,7,2,3,Theory,62,10.82
AI,1,8,14,2,Practical,90,1.03
Geography,5,7,7,4,Conceptual,59,8.83
Physics,4,4,13,2,Practical,55,4.55
Economics,1,8,5,3,Practical,48,4.92
History,2,1,7,1,Conceptual,48,3.18
Chemistry,3,2,5,1,Conceptual,45,4.08
AI,1,5,10,1,Theory,55,1.6
Math,1,4,15,3,Conceptual,52,2.78
Physics,4,5,5,3,Theory,85,4.32
Physics,1,1,14,2,Theory,42,2.08
English,4,2,12,2,Conceptual,65,3.28
Physics,3,4,13,1,Practical,54,3.45
AI,2,3,1,3,Practical,53,20.82
Machine Learning,1,6,7,4,Theory,42,2.77
AI,4,8,14,3,Theory,46,3.1
Programming,2,1,13,1,Conceptual,73,1.67
English,2,3,13,5,Practical,78,3.63
Machine Learning,1,6,11,1,Practical,67,2.25
History,3,4,5,2,Theory,52,3.46
Physics,1,2,4,4,Conceptual,46,4.99
Biology,1,1,7,4,Practical,79,2.97
Economics,1,6,14,4,Practical,57,3.44
Physics,2,6,10,1,Conceptual,62,2.3
AI,5,1,9,4,Theory,83,4.1
Geography,4,3,6,4,Practical,94,8.36
Computer Science,4,7,1,3,Conceptual,57,30.86
Economics,3,3,14,5,Theory,54,3.19
AI,2,5,1,3,Theory,72,10.5
Programming,1,4,8,1,Conceptual,94,0.59
Machine Learning,5,5,15,4,Theory,71,3.06
Math,1,8,13,5,Practical,92,1.63
English,2,2,8,2,Theory,43,2.62
Biology,5,3,4,1,Theory,93,2.22
English,1,5,9,3,Conceptual,61,2.67
Statistics,3,3,2,2,Theory,75,5.6
Economics,5,6,6,5,Theory,41,8.55
Math,1,8,10,5,Practical,92,1.98
Geography,5,2,9,3,Theory,83,3.21
Economics,5,7,7,1,Conceptual,93,2.05
Machine Learning,5,6,7,4,Theory,63,5.76
Physics,4,3,4,3,Conceptual,52,9.5
Machine Learning,4,8,2,5,Conceptual,57,26.06
Machine Learning,1,3,7,3,Practical,64,3.45
Machine Learning,5,8,4,2,Theory,43,5.82
History,4,3,12,4,Practical,51,6.94
Machine Learning,2,4,7,4,Conceptual,45,5.38
Machine Learning,1,8,11,5,Conceptual,72,2.43
History,1,7,15,2,Practical,46,3.64
Economics,4,2,12,5,Theory,42,4.52
Economics,1,6,6,2,Practical,95,1.3
Math,4,4,4,5,Practical,94,15.36
Economics,3,1,10,1,Practical,44,4.26
Biology,1,7,1,1,Theory,43,3.42
Statistics,3,8,3,1,Practical,68,4.92
Physics,5,5,5,2,Theory,41,5.09
Computer Science,4,6,5,5,Practical,78,13.32
Math,5,6,9,5,Practical,73,9.95
Chemistry,1,7,5,2,Theory,69,1.63
AI,1,8,8,4,Conceptual,63,2.98
Biology,5,3,5,4,Theory,72,7.3
Machine Learning,3,8,13,3,Theory,52,2.64
Computer Science,3,5,3,4,Theory,61,7.65
Biology,3,6,3,5,Practical,56,17.64
History,4,1,5,5,Theory,92,6.66
English,3,1,3,5,Theory,40,9.92
Biology,5,4,13,5,Practical,50,8.77
Programming,1,7,9,3,Practical,66,3.04
Physics,2,3,11,1,Theory,64,1.44
Geography,1,5,3,5,Conceptual,81,4.91
Biology,2,1,4,4,Conceptual,60,6.72
Machine Learning,5,8,4,5,Practical,79,20.01
Economics,1,2,1,1,Theory,78,2.3
Economics,5,3,2,5,Theory,74,20.83
Math,3,2,6,1,Theory,71,1.73
AI,4,7,14,5,Conceptual,49,5.88
Statistics,2,2,4,4,Theory,93,3.42
History,1,3,6,3,Theory,51,2.37
Geography,1,6,9,3,Practical,91,1.54
Biology,3,5,12,3,Theory,89,1.55
Programming,4,4,5,1,Practical,89,3.06
AI,3,5,8,3,Theory,66,2.89
Geography,3,4,7,1,Theory,58,2.03
AI,1,1,2,1,Theory,80,1.44
History,1,5,13,3,Practical,80,1.89
Math,4,2,8,1,Theory,49,2.43
Statistics,1,3,5,5,Practical,43,6.42
History,2,5,15,5,Conceptual,43,4.34
AI,5,5,10,4,Practical,83,7.02
Machine Learning,4,8,6,1,Conceptual,80,2.56
AI,3,1,11,2,Theory,93,1.1
Geography,1,8,6,4,Conceptual,43,4.34
Geography,1,3,14,3,Theory,93,0.57
Programming,5,2,2,3,Practical,50,25.5
AI,3,5,3,2,Practical,86,6.84
AI,5,6,5,3,Theory,52,6.34
Math,4,1,2,3,Conceptual,71,15.79
Math,5,7,14,4,Theory,40,4.21
Statistics,1,3,11,3,Practical,87,1.6
Machine Learning,4,3,12,3,Theory,49,3.23
History,4,2,10,4,Theory,51,4.13
Math,3,7,1,4,Practical,75,37.5
Chemistry,1,5,5,3,Conceptual,43,4.18
Programming,2,3,4,5,Theory,73,4.86
Machine Learning,4,5,15,4,Conceptual,63,4.34
Computer Science,1,8,5,1,Theory,83,0.86
Economics,5,3,14,1,Theory,56,1.98
Programming,4,3,1,3,Practical,45,39.3
AI,3,5,9,5,Practical,84,5.96
Statistics,2,5,10,1,Theory,84,0.83
Math,2,5,3,4,Theory,92,4.52
Geography,3,1,3,1,Practical,75,4.5
Biology,2,7,9,4,Conceptual,57,4.2
Geography,1,1,10,1,Conceptual,87,0.86
Math,1,8,9,4,Theory,65,1.83
Geography,2,5,8,3,Conceptual,61,3.67
History,2,7,12,4,Theory,48,2.73
AI,4,3,15,5,Theory,48,3.8
Chemistry,3,4,9,2,Conceptual,82,2.46
Statistics,2,1,7,5,Practical,75,5.79
Chemistry,3,1,15,5,Theory,80,2.24
Machine Learning,5,8,8,4,Theory,50,5.6
Biology,5,3,9,4,Theory,42,5.41
Statistics,1,3,15,3,Theory,93,0.54
Economics,5,7,8,1,Theory,63,2.18
Computer Science,4,5,5,1,Conceptual,63,3.7
AI,4,6,8,1,Theory,82,1.38
Geography,5,8,14,5,Theory,40,4.78
English,3,2,11,2,Theory,71,1.8
Math,5,2,7,2,Practical,53,7.11
Biology,4,7,15,3,Conceptual,60,3.84
History,1,8,13,5,Theory,47,2.31
Geography,3,7,6,4,Conceptual,78,5.86
English,2,6,5,5,Theory,47,4.9
Statistics,4,7,5,3,Practical,78,8.52
History,3,4,14,2,Theory,58,2.03
History,1,8,7,4,Conceptual,48,3.87
Geography,2,4,2,5,Conceptual,79,13.01
Physics,4,7,6,1,Practical,54,4.76
Machine Learning,2,4,6,2,Theory,70,2.03
Geography,5,2,14,5,Conceptual,40,7.17
Statistics,2,3,11,5,Conceptual,67,3.77
English,4,4,1,4,Conceptual,57,40.46
Machine Learning,4,7,12,4,Conceptual,58,5.22
Programming,3,1,7,3,Practical,59,6.32
English,3,7,5,5,Conceptual,42,9.98
Statistics,1,2,2,5,Practical,44,10.86
Geography,3,2,5,2,Theory,56,3.33
Machine Learning,5,1,3,4,Theory,87,11.08
Statistics,1,2,11,1,Theory,55,1.59
Chemistry,3,8,8,5,Conceptual,68,6.04
AI,2,6,11,5,Practical,59,5.19
Math,5,6,10,4,Conceptual,53,7.06
Math,1,6,14,1,Practical,44,3.57
Biology,5,2,14,2,Conceptual,94,2.0
Geography,4,4,13,4,Theory,91,2.26
Computer Science,2,4,11,1,Conceptual,44,3.12
AI,5,2,15,2,Practical,59,4.46
Math,1,1,3,4,Conceptual,45,5.84
Chemistry,1,3,9,4,Theory,91,1.0
Machine Learning,1,5,9,4,Theory,79,1.38
Math,4,6,1,2,Theory,72,13.7
Geography,1,7,12,5,Practical,75,2.75
Programming,3,5,14,3,Practical,53,4.75
AI,4,8,13,1,Theory,83,1.04
History,4,5,7,4,Conceptual,95,5.73
History,1,1,9,2,Practical,88,1.39
Machine Learning,5,4,9,1,Conceptual,47,3.88
English,2,2,3,4,Theory,54,5.74
AI,3,4,12,3,Practical,88,2.97
History,5,1,8,3,Theory,77,3.74
English,5,3,6,1,Practical,44,5.86
Programming,5,1,6,4,Theory,64,6.49
Economics,5,2,15,1,Theory,67,1.59
History,1,7,9,2,Conceptual,91,0.97
Computer Science,5,4,12,4,Practical,55,7.7
Machine Learning,3,1,4,5,Practical,60,13.65
Math,2,5,13,3,Conceptual,61,2.98
Machine Learning,2,8,7,2,Conceptual,44,4.06
Computer Science,2,4,2,2,Conceptual,78,5.86
Physics,1,5,7,4,Theory,54,2.39
Geography,1,6,14,4,Practical,81,2.0
Math,5,2,15,1,Conceptual,81,1.71
Statistics,2,6,14,1,Theory,73,1.09
Geography,1,6,4,3,Practical,72,3.93
Programming,1,4,4,4,Practical,40,6.6
History,4,2,13,4,Theory,72,2.87
Physics,4,7,5,2,Practical,86,5.64
Physics,1,1,12,5,Theory,77,1.4
Programming,5,3,9,2,Practical,81,4.47
English,1,8,2,2,Conceptual,75,3.6
Math,2,1,14,1,Conceptual,93,0.68
Chemistry,4,6,11,1,Practical,77,2.47
English,5,4,5,1,Practical,95,3.3
Geography,1,6,5,3,Practical,72,3.48
Programming,2,7,2,1,Conceptual,92,2.78
Machine Learning,5,8,8,2,Practical,67,5.73
Math,4,3,1,4,Practical,60,50.4
Economics,1,1,2,3,Conceptual,44,6.29
Computer Science,5,8,14,4,Theory,88,2.67
Statistics,3,5,15,3,Practical,77,3.18
AI,4,8,4,2,Practical,79,7.26
History,5,6,5,5,Practical,40,18.6
Computer Science,3,2,9,3,Conceptual,50,4.8
Chemistry,1,6,10,1,Conceptual,59,2.21
Machine Learning,1,4,6,5,Practical,80,3.7
Programming,3,5,9,5,Practical,50,8.0
English,4,1,2,5,Theory,69,16.99
Machine Learning,2,1,7,2,Theory,51,2.48
Machine Learning,1,1,3,2,Conceptual,62,3.42
Geography,5,1,11,5,Conceptual,47,8.0
AI,4,1,5,2,Conceptual,54,6.05
Geography,1,4,2,2,Theory,74,2.43
History,5,7,9,5,Practical,66,10.37
Statistics,2,6,9,4,Practical,86,3.51
Geography,2,1,9,2,Conceptual,88,1.64
History,1,3,8,5,Theory,88,1.38
Programming,3,2,3,2,Practical,55,8.7
Programming,5,1,12,2,Conceptual,95,2.24
Math,4,8,2,5,Conceptual,77,25.1
AI,5,7,8,5,Theory,73,5.86
Chemistry,2,1,2,3,Theory,94,4.99
Geography,3,2,5,2,Conceptual,61,4.75
Chemistry,4,8,13,2,Practical,82,2.93
Geography,5,5,12,1,Theory,43,2.49
AI,1,4,1,3,Practical,75,10.5
Programming,3,3,2,2,Practical,82,10.08
Geography,3,1,11,2,Theory,54,2.34
Programming,2,6,4,1,Conceptual,94,1.49
English,5,3,8,3,Practical,76,7.06
Math,5,3,13,2,Practical,80,3.51
English,3,5,5,2,Theory,47,3.62
History,4,5,13,5,Theory,55,3.9
Geography,3,8,2,3,Theory,42,9.06
Chemistry,2,4,13,1,Practical,82,1.54
Economics,1,7,8,1,Theory,48,1.86
Statistics,4,1,10,3,Theory,40,3.84
AI,1,8,12,5,Conceptual,80,1.96
Biology,5,5,7,2,Theory,43,4.11
History,1,2,14,5,Conceptual,78,1.91
History,2,5,8,2,Practical,56,4.14
AI,1,8,8,5,Practical,52,4.75
Math,1,7,11,4,Conceptual,95,1.11
Economics,1,2,14,4,Theory,48,2.12
Chemistry,3,3,4,2,Theory,60,3.68
Economics,5,3,15,2,Practical,74,3.56
Statistics,2,1,12,3,Conceptual,86,1.87
Physics,4,4,9,5,Conceptual,68,6.87
Machine Learning,3,3,6,1,Theory,89,1.15
Physics,1,1,9,2,Theory,91,0.64
History,5,3,14,3,Conceptual,94,2.86
Programming,2,6,3,4,Practical,62,10.28
English,5,1,5,5,Conceptual,89,12.53
Math,4,7,10,5,Theory,61,4.45
Biology,3,6,12,1,Theory,83,0.94
AI,2,1,5,2,Theory,57,2.66
Statistics,4,6,12,3,Theory,85,2.08
Programming,1,8,11,4,Theory,71,1.51
Statistics,3,2,15,4,Conceptual,59,3.89
English,1,7,2,2,Theory,70,2.56
Economics,2,3,1,4,Conceptual,46,21.79
Computer Science,1,1,14,5,Practical,55,3.77
Geography,4,1,14,5,Theory,81,2.89
Economics,2,6,15,2,Conceptual,45,3.28
Biology,5,4,3,1,Theory,40,4.59
Math,3,7,7,1,Conceptual,61,2.9
Statistics,4,4,15,2,Theory,44,2.65
Chemistry,3,3,5,1,Conceptual,52,3.74
Biology,4,2,12,1,Practical,86,1.84
Economics,3,7,4,5,Practical,71,12.99
Math,2,1,9,4,Practical,78,3.99
Physics,1,3,11,1,Theory,68,1.17
Chemistry,2,6,7,5,Conceptual,63,5.2
Biology,5,3,11,4,Practical,65,7.55
History,1,5,6,5,Practical,64,4.66
Computer Science,2,7,5,4,Conceptual,62,5.66
Programming,2,6,8,4,Practical,86,3.84
Machine Learning,1,6,12,1,Theory,60,1.41
Programming,2,5,14,2,Conceptual,68,2.22
Programming,2,2,10,4,Practical,73,4.02
Computer Science,4,2,9,5,Practical,46,9.91
Geography,5,4,15,3,Practical,41,6.54
Chemistry,1,4,4,2,Theory,76,1.57
AI,3,1,3,2,Theory,62,4.42
AI,2,2,2,5,Practical,44,18.36
Physics,1,1,9,1,Conceptual,64,1.99
Programming,4,2,5,3,Practical,89,7.86
Machine Learning,2,8,15,3,Conceptual,48,3.46
Chemistry,1,4,10,3,Practical,78,2.22
AI,1,5,3,1,Theory,51,2.1
Chemistry,4,2,9,5,Practical,49,9.73
AI,3,5,11,4,Theory,65,2.87
Statistics,5,6,14,5,Practical,80,6.56
Programming,3,2,15,1,Theory,51,1.89
History,5,1,8,1,Practical,44,5.24
Biology,3,4,2,5,Practical,58,25.02
Math,3,3,6,3,Theory,74,3.23
Math,5,3,13,2,Theory,48,2.89
History,1,3,11,2,Theory,69,1.28
AI,2,7,11,5,Conceptual,83,3.0
Math,1,2,6,5,Theory,55,2.77
AI,5,5,15,5,Theory,75,3.47
Statistics,2,3,8,4,Practical,85,3.9
Math,4,3,2,3,Conceptual,65,16.08
AI,4,3,15,4,Theory,68,2.73
History,5,4,8,2,Conceptual,72,4.34
Programming,4,8,8,3,Theory,75,3.2
Chemistry,2,3,5,3,Practical,72,5.28
Biology,2,6,13,2,Conceptual,87,1.36
Economics,3,5,2,1,Theory,57,3.78
Economics,1,6,3,1,Conceptual,51,3.15
English,1,2,14,3,Theory,88,0.73
History,5,6,11,2,Conceptual,90,2.66
Machine Learning,5,5,9,4,Conceptual,88,5.91
History,4,7,6,2,Theory,76,2.9
Math,4,4,15,5,Conceptual,70,4.64
Geography,4,8,5,3,Conceptual,72,7.1
AI,4,7,13,1,Practical,54,3.68
AI,1,7,11,1,Theory,74,0.98
Biology,2,2,2,5,Practical,86,15.84
AI,2,7,9,5,Practical,66,5.37
Geography,3,4,9,5,Practical,59,7.46
English,5,2,15,1,Practical,87,1.78
Programming,3,2,10,4,Theory,66,3.01
Chemistry,5,2,13,2,Practical,87,3.09
Computer Science,4,1,14,4,Theory,67,2.88
Economics,2,5,12,4,Practical,50,5.0
Computer Science,4,2,7,3,Practical,85,6.04
Geography,2,3,11,4,Practical,84,3.14
Economics,4,5,15,2,Practical,41,5.14
History,5,1,1,1,Practical,82,16.08
Statistics,4,8,4,4,Conceptual,50,12.0
Biology,5,5,2,2,Conceptual,50,14.4
Math,4,2,15,3,Practical,68,4.32
Programming,5,6,12,2,Practical,56,5.14
Computer Science,4,3,3,1,Practical,80,5.2
History,4,8,11,2,Practical,44,5.54
English,5,4,1,1,Conceptual,85,12.72
Economics,2,2,3,3,Theory,93,3.42
Computer Science,1,8,11,1,Theory,66,1.23
Chemistry,1,5,5,3,Theory,46,2.69
Biology,5,6,7,1,Practical,60,4.54
Computer Science,4,4,9,3,Practical,85,4.9
Machine Learning,1,5,5,2,Practical,54,3.96
Physics,1,6,14,1,Conceptual,80,1.13
Computer Science,2,1,3,1,Conceptual,48,4.1
Statistics,5,1,7,4,Theory,40,6.49
History,3,6,11,4,Conceptual,60,4.54
Math,1,6,7,5,Conceptual,76,2.87
Biology,3,1,13,2,Conceptual,45,3.75
Math,2,4,9,1,Theory,44,2.15
Math,1,4,5,5,Practical,42,6.48
Statistics,5,7,5,2,Practical,86,6.84
English,5,4,15,1,Conceptual,93,1.14
Machine Learning,4,4,7,4,Theory,66,4.75
Geography,4,8,12,3,Conceptual,94,2.69
Machine Learning,3,5,13,3,Practical,69,3.94
Computer Science,1,5,8,5,Theory,63,2.18
Math,3,6,2,1,Practical,56,7.14
Computer Science,4,3,9,5,Theory,86,4.0
AI,1,7,10,3,Practical,41,4.44
Math,3,6,14,3,Practical,86,2.77
Geography,4,1,10,4,Conceptual,89,4.37
Machine Learning,1,7,4,5,Theory,47,3.7
English,1,8,3,5,Conceptual,86,4.67
English,4,3,2,3,Practical,59,20.46
Machine Learning,4,3,13,1,Practical,65,3.02
Physics,4,6,8,1,Conceptual,77,2.3
Machine Learning,3,4,8,3,Theory,74,2.63
Math,3,1,3,5,Theory,89,8.35
English,4,8,14,4,Theory,69,2.82
Economics,4,3,1,4,Theory,77,26.34
Chemistry,4,7,1,2,Conceptual,50,21.6
Chemistry,4,8,9,1,Theory,60,1.99
Biology,2,5,5,1,Theory,84,1.15
Programming,3,5,4,1,Conceptual,50,4.2
Computer Science,5,3,12,5,Theory,49,4.97
Statistics,1,6,15,5,Conceptual,86,1.47
History,5,6,7,3,Theory,84,3.94
History,3,1,11,4,Theory,47,3.44
Machine Learning,2,7,7,4,Theory,61,3.08
Programming,2,3,6,3,Conceptual,56,4.51
Math,4,5,3,1,Conceptual,94,3.49
Statistics,2,1,11,3,Practical,42,5.12
Physics,2,4,2,5,Practical,74,16.56
Statistics,4,2,4,5,Theory,82,8.58
Economics,1,4,11,5,Conceptual,75,2.29
AI,1,6,6,4,Practical,74,3.56
Economics,1,4,2,3,Practical,83,5.52
Economics,2,2,2,5,Practical,70,16.8
Physics,5,2,10,4,Practical,73,7.62
Economics,3,5,15,2,Practical,72,2.88
History,3,2,13,4,Conceptual,42,5.0
AI,2,7,4,5,Theory,48,5.66
Programming,1,4,12,4,Practical,47,4.18
Computer Science,5,2,12,1,Conceptual,64,2.73
Machine Learning,3,2,3,3,Conceptual,86,7.87
History,3,4,12,1,Conceptual,76,1.75
Statistics,1,3,15,3,Conceptual,94,0.77
Machine Learning,5,6,5,3,Practical,94,9.36
English,5,3,13,1,Practical,91,1.69
Geography,2,3,10,2,Theory,85,1.12
Programming,5,3,10,2,Theory,74,2.43
Math,5,4,1,5,Theory,69,40.99
Economics,3,4,13,2,Conceptual,46,3.7
English,2,2,6,4,Theory,88,2.52
AI,4,7,12,4,Theory,95,2.29
Biology,5,8,9,3,Theory,71,3.59
Computer Science,4,5,9,5,Practical,43,10.09
English,1,5,11,1,Practical,80,1.47
History,4,8,13,4,Practical,84,4.65
Geography,2,2,12,3,Conceptual,64,2.93
Machine Learning,4,6,7,2,Theory,77,2.56
AI,3,4,1,1,Conceptual,67,8.78
English,2,6,1,5,Theory,58,17.34
Math,1,8,15,5,Conceptual,72,2.14
English,1,7,8,2,Practical,49,3.81
Geography,1,7,9,3,Conceptual,54,3.01
Programming,5,6,14,4,Conceptual,43,6.16
Economics,4,7,7,5,Conceptual,89,7.39
History,5,4,15,5,Theory,67,3.72
Statistics,4,7,11,3,Conceptual,75,3.82
Computer Science,3,7,11,5,Conceptual,42,6.06
Chemistry,5,5,7,3,Conceptual,77,6.25
English,5,6,10,5,Conceptual,65,7.68
Geography,5,5,8,3,Theory,78,3.7
History,2,8,1,1,Conceptual,67,6.38
History,1,8,11,5,Conceptual,91,1.52
Physics,4,6,14,4,Theory,84,2.34
Geography,1,8,4,1,Practical,82,1.83
Computer Science,4,7,15,4,Theory,67,2.76
Math,3,6,1,2,Theory,65,10.72
Biology,3,2,11,3,Practical,85,3.35
Math,2,3,11,3,Practical,91,2.18
Programming,4,5,10,5,Theory,51,4.77
AI,3,7,1,4,Conceptual,52,31.1
Geography,4,2,14,4,Theory,64,2.98
English,5,4,1,4,Conceptual,54,50.21
AI,3,2,3,4,Theory,43,8.22
Biology,3,3,11,4,Theory,50,3.35
History,4,7,9,2,Theory,89,1.77
Chemistry,2,4,7,4,Conceptual,60,4.66
Math,1,1,6,4,Theory,41,2.95
AI,3,1,6,1,Conceptual,83,2.02
Statistics,1,8,2,2,Practical,68,4.92
Computer Science,3,8,12,5,Practical,86,4.59
Economics,3,5,4,3,Practical,63,8.97
Biology,3,7,6,5,Practical,55,10.2
Math,5,1,11,3,Conceptual,70,4.71
English,5,5,11,3,Practical,93,4.51
Economics,4,2,15,1,Theory,50,2.03
Computer Science,5,3,14,2,Conceptual,62,3.54
English,5,8,4,5,Practical,95,19.05
Physics,2,6,8,1,Theory,57,1.78
Chemistry,5,3,5,2,Theory,63,4.38
Physics,5,2,15,5,Conceptual,77,5.1
Chemistry,1,8,12,2,Practical,48,3.62
Chemistry,2,7,7,3,Theory,47,3.07
Chemistry,3,8,6,4,Practical,48,9.12
Machine Learning,5,3,5,4,Conceptual,67,11.18
English,1,1,5,4,Conceptual,79,2.93
Chemistry,2,3,12,2,Practical,46,4.24
Machine Learning,3,3,1,4,Practical,81,37.14
Biology,4,3,14,2,Theory,92,1.17
Biology,4,6,3,1,Theory,86,2.58
Biology,5,2,6,4,Practical,69,11.86
Geography,4,4,13,1,Conceptual,85,1.46
Computer Science,5,2,1,1,Practical,52,17.88
Computer Science,5,6,6,4,Theory,60,6.61
Physics,2,8,7,4,Practical,40,7.03
English,2,1,10,4,Conceptual,43,4.66
Economics,3,2,14,2,Conceptual,75,2.23
Programming,1,3,7,1,Conceptual,49,2.79
Machine Learning,2,2,14,5,Theory,79,1.81
Chemistry,3,1,10,1,Theory,42,2.34
Physics,2,2,3,4,Theory,88,4.65
Chemistry,2,2,15,3,Conceptual,86,1.63
Economics,3,4,5,3,Practical,66,7.44
AI,4,6,10,2,Theory,90,1.6
Machine Learning,4,4,11,1,Theory,82,1.16
AI,5,3,1,5,Theory,65,41.12
Statistics,2,4,12,3,Theory,44,2.59
Computer Science,5,4,4,2,Theory,73,4.86
Math,1,2,4,3,Theory,91,1.49
Statistics,1,5,5,5,Practical,62,5.28
History,2,6,10,1,Theory,84,0.83
Machine Learning,1,8,3,2,Practical,54,4.76
Math,5,2,14,4,Practical,76,5.73
Math,1,2,3,3,Theory,72,2.5
Math,4,1,11,2,Practical,83,3.2
Machine Learning,3,2,13,4,Theory,89,1.83
Math,4,5,1,2,Conceptual,93,19.54
Economics,2,1,6,5,Practical,91,5.54
Math,4,7,1,1,Practical,51,14.94
Computer Science,2,2,6,4,Theory,92,2.39
Computer Science,5,7,12,1,Practical,52,4.13
Computer Science,1,3,3,4,Conceptual,83,4.02
Programming,5,8,4,5,Practical,70,20.55
Biology,2,2,4,1,Practical,95,1.8
History,1,5,5,2,Practical,76,2.64
Programming,5,7,12,5,Conceptual,74,6.25
Computer Science,1,4,13,1,Practical,86,1.07
English,1,4,10,5,Conceptual,57,3.26
Chemistry,4,2,9,2,Practical,68,4.59
Computer Science,5,6,4,5,Conceptual,58,17.02
Machine Learning,3,3,8,3,Practical,49,6.44
Chemistry,5,4,6,5,Practical,85,13.4
Computer Science,1,6,13,1,Conceptual,80,1.14
Statistics,1,2,11,5,Theory,93,0.95
English,3,7,1,2,Theory,86,10.05
Chemistry,5,1,6,5,Practical,62,14.78
AI,4,3,5,2,Conceptual,63,5.62
Programming,3,7,5,3,Theory,67,3.94
History,5,8,9,2,Practical,49,6.39
Computer Science,1,3,8,2,Practical,90,1.35
Economics,3,7,9,3,Practical,69,4.86
AI,4,8,11,1,Practical,48,4.21
Computer Science,4,2,4,4,Conceptual,71,10.99
Chemistry,2,6,4,2,Practical,81,4.14
Physics,5,7,4,3,Conceptual,47,11.54
AI,3,5,6,1,Practical,86,2.34
English,5,8,5,3,Theory,63,5.98
Geography,1,4,8,4,Theory,81,1.41
Programming,1,3,8,1,Conceptual,80,1.26
English,2,1,2,1,Theory,64,2.75
AI,2,8,7,2,Theory,73,1.78
Economics,3,8,9,1,Theory,88,0.92
Math,4,1,5,5,Theory,63,7.58
Physics,5,3,3,3,Conceptual,89,12.53
Chemistry,1,1,9,5,Practical,65,3.77
Physics,5,5,9,4,Practical,67,8.65
Math,1,5,15,5,Practical,77,2.38
Math,4,6,4,3,Conceptual,70,8.64
Geography,2,5,7,1,Conceptual,53,2.94
Statistics,5,8,1,5,Practical,67,76.98
Chemistry,5,5,11,1,Conceptual,92,1.47
Economics,5,5,1,1,Theory,87,8.42
Economics,5,3,15,4,Practical,87,4.78
Geography,1,5,1,5,Practical,59,17.46
Programming,5,7,14,2,Theory,63,2.33
Geography,5,4,7,4,Theory,71,5.5
Computer Science,4,6,8,5,Practical,48,10.62
AI,1,2,5,2,Practical,54,3.96
Statistics,5,2,7,3,Conceptual,67,6.73
Programming,3,2,2,4,Conceptual,51,16.75
Programming,1,7,15,1,Theory,90,0.43
Math,3,3,14,3,Practical,57,4.51
Physics,2,7,15,3,Conceptual,93,1.3
Statistics,3,8,9,1,Practical,91,1.54
History,5,3,1,1,Theory,45,9.76
Machine Learning,1,8,7,3,Theory,55,2.13
Programming,5,6,6,4,Theory,77,6.07
Economics,3,3,7,4,Theory,43,4.57
Chemistry,4,2,6,5,Practical,93,10.42
Statistics,5,3,2,2,Theory,70,8.96
Geography,2,8,12,4,Theory,59,2.38
Math,4,1,1,2,Practical,94,24.36
Machine Learning,5,5,7,4,Practical,53,11.39
History,5,7,4,2,Practical,63,9.72
Machine Learning,5,8,2,4,Practical,41,33.54
Programming,5,4,3,2,Conceptual,63,9.78
History,5,2,13,2,Practical,57,4.89
Chemistry,5,6,8,2,Conceptual,40,5.88
Economics,3,7,3,3,Conceptual,69,8.69
Computer Science,4,4,11,1,Theory,70,1.54
Chemistry,5,5,13,5,Practical,53,8.59
Programming,5,3,14,4,Theory,77,3.02
English,4,7,7,3,Practical,76,6.58
Chemistry,4,3,15,2,Theory,56,2.26
Biology,2,8,4,4,Practical,43,9.42
History,3,8,5,3,Theory,46,4.61
Math,3,3,1,4,Practical,94,36.36
Economics,1,1,12,4,Theory,76,1.3
History,4,4,10,3,Practical,93,4.02
English,5,5,8,2,Conceptual,50,5.4
Economics,5,4,15,1,Conceptual,76,1.95
Economics,2,2,9,3,Practical,77,3.38
Statistics,1,3,12,5,Theory,68,1.69
Biology,1,6,11,3,Practical,68,2.74
Biology,3,6,1,2,Theory,71,10.53
Computer Science,1,2,8,2,Conceptual,54,2.81
Machine Learning,3,7,3,4,Practical,44,15.36
English,5,8,15,5,Practical,41,8.54
Physics,3,5,4,5,Conceptual,92,9.38
Economics,1,5,13,3,Conceptual,40,3.43
History,4,7,5,2,Theory,87,2.98
Biology,1,2,8,2,Conceptual,70,2.04
AI,4,1,6,3,Conceptual,47,7.34
Chemistry,1,5,1,3,Practical,49,12.06
Geography,3,7,3,2,Theory,70,4.16
Machine Learning,4,8,2,4,Practical,44,27.36
Biology,2,4,9,5,Theory,68,2.8
Physics,5,7,5,3,Practical,40,12.6
Biology,2,1,4,3,Conceptual,88,4.18
Math,3,1,11,1,Practical,43,4.24
Economics,1,2,3,3,Practical,48,6.12
Physics,4,2,11,5,Theory,93,3.13
Physics,4,6,15,5,Practical,62,6.28
History,5,2,15,2,Practical,47,5.18
Economics,1,8,3,4,Conceptual,61,5.07
Geography,1,7,15,3,Conceptual,65,2.16
Computer Science,2,4,12,3,Practical,66,3.54
Chemistry,2,3,3,4,Theory,95,4.43
History,1,3,4,4,Conceptual,91,2.83
Computer Science,1,7,15,2,Conceptual,42,3.1
Math,1,3,1,1,Practical,80,4.2
History,2,1,10,2,Practical,48,4.32
Chemistry,1,1,13,1,Practical,94,0.59
Math,3,7,12,1,Conceptual,74,1.85
Geography,2,8,9,1,Practical,58,3.19
Math,1,6,5,4,Theory,53,2.78
Machine Learning,4,4,8,4,Practical,54,8.76
Biology,1,4,15,4,Practical,59,3.26
Economics,3,3,14,4,Practical,87,3.35
English,5,6,9,3,Conceptual,69,5.49
Geography,5,6,7,5,Practical,82,11.79
Math,2,5,4,4,Theory,66,4.29
Computer Science,5,6,7,1,Practical,53,4.96
Math,3,8,12,4,Practical,69,4.86
Math,2,6,5,5,Theory,91,3.49
Physics,5,4,15,1,Practical,50,4.0
Physics,5,5,3,5,Practical,41,28.54
Geography,5,5,9,5,Practical,77,9.71
Programming,1,3,13,2,Practical,95,0.76
Computer Science,4,7,9,1,Practical,95,1.63
Chemistry,3,6,5,3,Practical,56,8.04
Biology,2,1,8,1,Theory,42,2.26
Statistics,2,8,12,1,Practical,41,4.04
Machine Learning,2,7,7,4,Practical,61,5.77
Physics,1,7,7,4,Conceptual,52,3.68
Statistics,1,3,9,4,Practical,68,3.25
Chemistry,3,6,5,5,Conceptual,56,9.31
History,4,5,2,5,Theory,85,16.48
Computer Science,5,5,2,3,Practical,95,22.8
English,5,3,4,2,Conceptual,48,8.5
Economics,2,4,9,4,Conceptual,83,2.95
AI,2,3,15,4,Theory,72,1.75
Geography,4,1,14,4,Theory,44,3.62
Physics,2,4,2,2,Conceptual,81,5.71
AI,3,4,7,2,Practical,85,3.47
Math,4,5,12,1,Conceptual,42,3.58
Machine Learning,4,5,11,5,Theory,66,4.0
History,3,2,14,5,Conceptual,50,4.97
Machine Learning,1,2,13,3,Conceptual,70,1.99
English,4,7,1,1,Conceptual,91,10.03
Geography,5,1,14,4,Theory,43,4.11
Math,1,7,1,3,Theory,74,5.63
Economics,3,6,6,4,Practical,46,9.24
Computer Science,1,6,7,3,Practical,66,3.33
Physics,2,1,14,2,Theory,59,1.77
Economics,4,7,4,5,Conceptual,44,14.69
Computer Science,4,6,5,2,Practical,90,5.4
AI,3,1,14,1,Theory,78,1.05
Programming,5,2,9,2,Conceptual,48,5.16
History,5,5,9,5,Conceptual,64,8.39
English,4,1,8,5,Practical,71,9.24
Physics,5,4,14,4,Conceptual,93,3.76
Programming,4,6,14,1,Conceptual,73,1.98
Math,5,1,6,4,Conceptual,57,10.06
Biology,1,1,13,1,Practical,43,3.65
Economics,3,4,4,4,Theory,84,5.31
History,1,4,10,5,Conceptual,87,1.82
English,5,2,2,4,Theory,89,16.35
Economics,1,3,5,5,Theory,64,2.75
Machine Learning,5,8,4,1,Theory,64,3.15
Machine Learning,2,4,3,3,Conceptual,58,6.82
Math,2,5,13,1,Practical,51,3.4
Biology,5,5,11,5,Theory,67,4.69
Economics,5,5,7,2,Conceptual,50,5.83
Statistics,2,2,1,2,Theory,55,7.84
AI,4,8,8,3,Conceptual,53,5.86
Geography,2,5,15,4,Theory,86,1.3
Geography,3,8,2,1,Conceptual,68,5.14
Economics,1,8,13,5,Theory,62,1.83
Geography,2,7,13,2,Conceptual,46,3.33
Biology,4,7,4,2,Theory,90,3.52
Physics,2,5,2,2,Theory,47,4.9
Machine Learning,3,3,8,3,Theory,72,2.7
Statistics,2,2,12,2,Conceptual,76,1.95
AI,2,2,2,5,Theory,59,9.31
Economics,4,6,7,4,Theory,49,5.29
Machine Learning,3,8,6,5,Conceptual,95,6.24
Computer Science,3,7,2,5,Conceptual,42,20.78
Programming,5,3,12,1,Theory,54,2.14
History,2,6,3,2,Theory,48,3.8
Statistics,1,3,6,1,Practical,60,2.9
History,3,8,1,1,Practical,65,11.1
History,1,1,14,4,Practical,52,3.74
Computer Science,4,7,4,1,Practical,60,5.4
AI,4,5,7,2,Conceptual,67,4.33
Physics,5,7,10,1,Theory,48,2.46
Chemistry,3,4,13,2,Practical,55,4.08
AI,1,1,4,1,Practical,45,4.05
Programming,1,3,3,4,Conceptual,68,4.74
Physics,2,2,7,3,Theory,78,2.08
History,3,8,5,2,Conceptual,66,4.51
Programming,4,7,2,2,Practical,67,13.98
Machine Learning,4,5,3,3,Practical,77,13.38
Chemistry,4,3,14,3,Theory,75,2.17
History,1,4,13,1,Conceptual,86,0.86
Geography,1,3,8,5,Theory,54,2.47
Computer Science,2,4,5,2,Practical,43,5.82
Computer Science,4,7,15,3,Theory,87,1.7
Machine Learning,2,2,2,3,Conceptual,49,9.65
Math,3,4,10,4,Conceptual,67,4.46
AI,5,1,9,4,Practical,87,7.45
Computer Science,5,8,3,5,Conceptual,92,20.38
Math,3,5,4,4,Practical,64,11.16
Economics,2,5,9,4,Practical,53,5.49
Chemistry,1,4,8,5,Practical,77,3.25
Economics,4,6,15,1,Theory,95,0.59
English,4,4,4,4,Conceptual,51,11.95
Physics,4,2,14,4,Practical,89,4.09
Machine Learning,1,7,4,2,Conceptual,93,1.54
Economics,5,4,14,2,Practical,58,4.66
Statistics,2,8,8,5,Practical,89,4.41
AI,3,7,2,3,Theory,54,8.67
Chemistry,1,8,13,3,Theory,69,1.36
Programming,2,7,13,4,Theory,95,1.14
Economics,4,5,9,5,Practical,73,8.29
Chemistry,1,1,15,1,Practical,60,2.6
Physics,4,3,7,3,Practical,72,6.82
Geography,1,2,12,4,Conceptual,89,1.33
Computer Science,2,8,9,4,Theory,54,2.89
AI,2,2,7,5,Conceptual,74,4.68
History,4,4,4,3,Conceptual,81,8.11
Computer Science,4,4,13,2,Conceptual,60,3.4
Math,3,4,14,4,Theory,66,2.46
Statistics,4,7,15,4,Theory,46,3.43
Biology,5,1,12,2,Conceptual,79,3.01
Math,5,3,1,2,Practical,48,33.12
Biology,2,1,14,3,Conceptual,86,1.7
English,5,4,15,2,Practical,62,4.28
Programming,2,1,14,2,Theory,55,1.9
Chemistry,4,5,7,1,Conceptual,95,1.61
Economics,3,4,3,3,Conceptual,89,7.73
Programming,3,1,10,2,Conceptual,54,3.65
Chemistry,5,6,2,5,Conceptual,46,32.59
Geography,1,5,5,3,Conceptual,40,4.32
Biology,5,2,2,2,Practical,86,15.84
AI,1,1,2,1,Practical,56,4.14
Chemistry,1,1,12,3,Practical,78,2.07
Physics,5,6,12,3,Theory,67,3.06
History,5,1,13,3,Conceptual,48,5.27
Computer Science,3,8,2,3,Practical,78,14.82
History,3,3,15,2,Practical,59,3.66
Chemistry,2,5,8,3,Practical,64,4.41
Physics,5,1,1,3,Practical,91,45.54
English,4,3,13,1,Theory,44,2.28
Programming,5,2,3,5,Practical,85,25.9
Economics,5,8,4,3,Conceptual,94,9.29
Machine Learning,1,1,9,2,Conceptual,85,1.25
Computer Science,3,7,8,3,Practical,80,4.57
Physics,1,8,12,4,Practical,84,1.96
Economics,5,1,3,4,Conceptual,82,16.86
Geography,4,4,15,1,Practical,58,3.32
History,5,5,4,4,Practical,89,15.66
Math,4,5,10,2,Practical,84,3.36
History,1,3,7,3,Theory,85,1.17
Machine Learning,1,8,4,2,Practical,49,4.56
Biology,2,7,10,2,Theory,80,1.28
Chemistry,5,2,14,1,Theory,63,1.76
History,4,6,4,1,Theory,84,2.11
Math,1,1,2,3,Conceptual,52,5.9
English,5,7,3,3,Conceptual,70,13.44
Programming,4,5,3,5,Conceptual,75,17.2
Geography,3,3,7,4,Conceptual,75,5.31
Programming,5,8,7,2,Conceptual,69,4.92
Math,1,1,10,5,Conceptual,54,3.41
Economics,4,6,10,1,Conceptual,77,2.06
English,3,8,3,1,Conceptual,47,4.94
Statistics,3,3,5,4,Practical,68,9.12
Computer Science,3,8,7,2,Practical,44,5.93
Machine Learning,5,6,3,4,Theory,60,11.95
Physics,4,3,8,1,Conceptual,60,3.12
History,5,5,14,2,Conceptual,40,4.59
Biology,1,3,12,4,Theory,47,2.23
Machine Learning,3,3,6,4,Theory,48,4.86
History,4,5,4,1,Theory,71,2.53
English,1,4,14,4,Conceptual,69,2.17
Chemistry,3,7,3,1,Theory,61,2.85
Statistics,3,1,8,1,Conceptual,80,1.86
Math,3,2,7,5,Theory,87,3.84
Machine Learning,5,5,13,1,Conceptual,43,3.66
Physics,1,1,10,5,Practical,62,3.78
Machine Learning,1,6,10,4,Practical,84,2.16
Physics,5,8,15,2,Conceptual,74,2.85
Machine Learning,1,7,8,2,Theory,42,2.26
History,2,1,1,2,Conceptual,89,10.13
History,4,3,11,1,Conceptual,48,3.37
Math,3,1,11,4,Theory,69,2.74
AI,1,5,5,5,Conceptual,46,4.99
Economics,5,6,10,5,Practical,69,9.36
Statistics,5,6,10,5,Conceptual,71,7.39
Machine Learning,3,5,7,5,Theory,63,4.61
Economics,2,5,10,5,Conceptual,69,3.89
Math,1,5,1,4,Conceptual,67,11.18
English,4,5,5,4,Practical,69,11.46
Geography,3,7,10,1,Theory,71,1.41
Chemistry,5,4,9,2,Conceptual,43,5.4
Geography,3,2,9,2,Conceptual,85,2.32
Biology,5,2,6,1,Theory,89,1.69
Biology,5,2,13,1,Conceptual,46,3.52
AI,1,8,4,2,Practical,90,2.1
Programming,5,4,5,5,Conceptual,42,14.78
English,4,8,5,4,Conceptual,41,10.51
Computer Science,1,7,15,1,Conceptual,89,0.69
Economics,1,8,12,2,Practical,40,4.1
Machine Learning,4,5,1,4,Theory,67,26.66
Physics,3,1,12,2,Theory,68,1.82
History,2,3,12,5,Practical,58,5.02
Math,1,7,3,3,Theory,72,2.5
Economics,1,5,10,2,Theory,49,1.95
Math,4,3,11,1,Theory,46,2.31
English,2,4,12,5,Conceptual,43,4.74
Chemistry,1,2,9,4,Theory,89,1.06
Physics,1,2,1,3,Conceptual,47,9.74
Biology,2,3,1,2,Theory,49,8.03
Computer Science,5,6,6,5,Theory,49,8.3
Programming,2,4,2,1,Theory,43,3.42
English,3,8,2,3,Conceptual,53,13.06
History,4,7,1,3,Practical,69,37.86
Computer Science,2,2,11,4,Theory,43,2.99
Chemistry,2,1,3,4,Theory,48,5.93
Programming,4,6,2,1,Conceptual,77,5.9
Geography,4,4,15,5,Conceptual,65,4.88
Physics,3,8,13,2,Practical,51,4.32
Statistics,4,5,12,5,Conceptual,84,4.77
Economics,1,8,4,1,Conceptual,46,3.19
Computer Science,2,6,13,4,Theory,40,2.9
Statistics,4,4,13,5,Practical,82,5.7
Economics,4,1,7,1,Conceptual,89,1.9
Chemistry,2,1,11,1,Practical,57,3.13
Geography,1,8,6,1,Theory,75,1.07
Physics,1,6,15,3,Conceptual,58,2.5
Geography,2,7,15,4,Practical,47,4.78
Physics,5,1,7,2,Conceptual,45,6.07
Statistics,3,2,13,5,Theory,72,2.74
English,4,6,10,5,Theory,59,4.51
Geography,5,6,13,4,Practical,59,7.08
Geography,2,3,10,4,Conceptual,45,4.56
AI,3,6,6,3,Conceptual,58,5.62
Machine Learning,2,4,1,5,Theory,70,16.96
Geography,5,3,1,4,Theory,85,32.48
History,1,5,15,4,Theory,59,1.74
Biology,1,8,3,4,Conceptual,55,5.36
Chemistry,2,6,15,4,Practical,44,4.96
AI,1,7,15,2,Practical,59,2.86
Math,2,8,2,3,Conceptual,94,7.49
History,4,5,7,1,Theory,44,2.71
Biology,3,1,14,5,Conceptual,75,3.77
History,4,4,10,5,Conceptual,92,5.18
Geography,1,2,13,1,Conceptual,45,2.82
Machine Learning,5,6,10,5,Practical,61,9.84
Programming,5,4,2,1,Theory,71,4.93
Biology,1,5,5,2,Practical,88,1.92
Computer Science,3,4,9,2,Conceptual,71,2.99
Computer Science,5,1,6,2,Conceptual,74,5.25
History,3,3,13,2,Practical,58,3.9
AI,5,1,12,1,Conceptual,74,2.25
Chemistry,2,4,1,5,Practical,62,32.28
Machine Learning,5,4,4,4,Conceptual,48,14.5
History,1,5,6,5,Conceptual,82,2.86
Computer Science,3,1,11,1,Theory,56,1.84
Machine Learning,2,5,3,1,Practical,88,2.72
Geography,1,2,11,4,Conceptual,56,2.98
Statistics,2,5,14,1,Conceptual,42,3.13
English,5,5,13,3,Practical,55,6.16
Machine Learning,4,2,7,3,Conceptual,81,5.03
Machine Learning,1,2,7,2,Practical,52,3.74
AI,1,5,14,1,Conceptual,59,2.14
Geography,1,2,8,5,Theory,78,1.7
Statistics,3,8,12,1,Theory,82,0.98
Biology,5,1,6,2,Theory,72,3.56
Programming,4,8,4,3,Theory,77,5.54
Programming,4,2,6,2,Conceptual,95,3.44
Programming,4,6,3,2,Conceptual,49,8.85
Machine Learning,4,1,4,3,Theory,89,5.15
Chemistry,2,1,3,4,Practical,47,11.18
Physics,5,1,9,1,Theory,44,2.68
Computer Science,2,8,9,3,Theory,50,2.67
Physics,1,8,15,5,Practical,80,2.2
Statistics,1,6,9,2,Theory,53,1.86
AI,1,7,6,5,Conceptual,66,3.63
Economics,2,5,7,4,Theory,43,3.65
Computer Science,4,6,1,2,Theory,73,13.66
Statistics,4,8,5,5,Conceptual,63,11.38
Biology,2,6,11,1,Theory,92,0.55
Machine Learning,3,3,3,3,Conceptual,66,8.83
History,5,2,5,4,Practical,80,13.2
AI,3,2,14,3,Practical,78,3.25
Biology,2,1,2,3,Theory,65,5.92
AI,4,7,6,2,Conceptual,93,3.54
Geography,3,5,8,2,Practical,40,5.85
History,2,8,9,5,Theory,90,2.1
Math,3,2,7,2,Practical,56,5.21
Physics,2,4,11,1,Theory,79,0.96
Programming,1,2,14,3,Theory,46,2.07
Physics,4,7,10,2,Conceptual,91,2.35
Geography,1,8,11,4,Practical,59,3.55
Physics,1,5,15,4,Theory,76,1.19
Machine Learning,2,5,10,5,Theory,75,2.4
Geography,5,6,2,1,Conceptual,77,7.1
History,3,5,12,5,Conceptual,45,5.64
Statistics,3,5,5,2,Conceptual,59,4.85
Machine Learning,2,5,13,3,Conceptual,43,3.84
History,1,8,9,2,Theory,49,1.99
Physics,5,6,10,1,Conceptual,85,1.92
Geography,4,2,8,1,Conceptual,92,1.58
AI,3,5,13,4,Theory,44,3.27
History,5,3,10,3,Theory,85,2.88
Computer Science,5,1,11,2,Conceptual,52,4.49
Computer Science,2,3,13,4,Conceptual,72,2.82
Geography,4,5,4,5,Theory,89,8.35
Biology,4,4,12,5,Conceptual,54,6.21
History,5,1,6,4,Practical,64,12.16
Physics,2,2,11,5,Theory,70,2.41
AI,4,7,10,5,Conceptual,49,7.25
Biology,1,2,11,4,Theory,47,2.28
Biology,1,3,15,4,Practical,67,2.78
Biology,5,3,8,3,Conceptual,64,6.23
Computer Science,2,5,9,2,Theory,41,2.6
Computer Science,2,7,7,2,Practical,50,4.71
Economics,3,2,1,5,Conceptual,60,37.92
AI,5,1,12,3,Practical,76,5.19
Geography,1,7,13,3,Conceptual,48,3.05
Statistics,1,6,3,3,Theory,68,2.62
Chemistry,2,6,8,4,Practical,88,3.72
Geography,3,4,12,2,Theory,70,1.76
English,1,1,7,3,Conceptual,46,3.62
English,5,1,5,1,Theory,81,2.21
Economics,1,7,8,4,Practical,49,4.56
Statistics,1,4,11,5,Theory,72,1.62
Geography,4,1,12,4,Theory,78,2.84
Statistics,4,1,14,2,Conceptual,78,2.43
AI,3,3,6,1,Theory,74,1.63
AI,2,8,8,3,Theory,85,1.68
Machine Learning,3,3,15,4,Theory,76,2.05
Economics,3,3,2,5,Practical,61,24.84
Machine Learning,2,8,6,1,Practical,63,3.22
History,4,8,7,1,Practical,93,2.13
Programming,5,4,7,1,Theory,86,1.59
Economics,3,3,8,2,Practical,63,4.47
Math,2,1,13,4,Conceptual,45,4.12
Programming,2,4,11,3,Practical,49,4.7
Economics,1,5,1,4,Practical,41,15.54
Math,1,6,3,2,Conceptual,62,3.42
Geography,4,5,14,1,Conceptual,41,3.52
Programming,1,4,9,1,Conceptual,79,1.27
Geography,1,4,7,3,Conceptual,94,1.32
Machine Learning,1,7,10,5,Practical,72,3.18
English,1,3,8,1,Theory,46,1.93
History,2,1,5,2,Theory,48,2.94
Computer Science,3,2,8,3,Conceptual,75,3.9
Geography,2,5,11,4,Practical,62,4.46
Computer Science,4,8,4,1,Practical,80,4.2
Computer Science,3,5,2,1,Conceptual,60,5.52
Machine Learning,1,5,6,1,Practical,59,2.96
Programming,2,4,6,3,Conceptual,54,4.61
Math,1,8,1,4,Practical,51,14.94
Geography,1,6,7,5,Practical,61,4.48
Computer Science,2,4,15,1,Practical,52,3.28
English,4,8,4,3,Practical,92,9.48
Computer Science,1,3,5,5,Conceptual,47,4.94
Chemistry,2,8,8,4,Conceptual,46,4.99
Machine Learning,3,2,10,4,Conceptual,76,4.03
History,5,1,3,4,Conceptual,57,18.06
AI,1,7,6,3,Theory,53,2.3
Computer Science,5,5,11,3,Practical,94,4.45
Biology,1,1,11,1,Conceptual,51,2.57
English,2,8,10,3,Theory,52,2.5
English,2,8,8,2,Theory,94,0.99
Math,4,1,1,5,Practical,70,61.8
Chemistry,2,6,14,5,Conceptual,86,2.39
Computer Science,4,3,6,3,Conceptual,47,7.34
Chemistry,3,2,14,4,Conceptual,47,4.6
Math,2,2,8,3,Conceptual,49,4.25
Programming,1,1,6,2,Theory,70,1.49
Physics,1,8,11,3,Practical,58,3.34
Computer Science,1,3,7,1,Practical,40,4.03
History,4,6,9,1,Theory,80,1.35
Biology,4,4,8,3,Conceptual,94,3.89
Math,2,8,13,3,Practical,43,4.8
Computer Science,2,6,9,1,Theory,92,0.61
Statistics,2,6,3,1,Conceptual,60,3.52
Geography,5,1,10,2,Theory,78,2.3
Machine Learning,3,7,13,4,Practical,40,6.37
Machine Learning,5,7,3,5,Theory,91,13.62
Machine Learning,1,7,10,5,Conceptual,76,2.35
Geography,2,2,2,4,Theory,41,8.29
Economics,3,7,6,2,Conceptual,57,4.46
Physics,2,5,4,5,Practical,73,9.12
Statistics,5,1,3,2,Practical,50,13.0
Biology,5,1,3,2,Theory,81,5.94
Statistics,5,6,2,4,Conceptual,78,25.06
Statistics,5,4,13,1,Practical,63,3.37
History,3,2,11,1,Practical,48,3.94
Math,3,4,1,3,Practical,66,29.04
Programming,4,5,4,2,Conceptual,41,7.63
Statistics,2,8,6,1,Theory,89,0.89
Economics,2,7,9,1,Theory,54,1.83
Chemistry,5,6,2,1,Practical,93,7.92
Machine Learning,5,6,5,3,Practical,61,11.34
Chemistry,3,5,7,2,Practical,92,3.05
Machine Learning,1,1,15,2,Theory,69,1.21
Economics,1,2,13,2,Conceptual,56,2.48
Machine Learning,2,1,15,1,Conceptual,50,2.72
Geography,4,8,7,5,Conceptual,73,8.15
Biology,1,4,10,1,Theory,48,1.82
Statistics,4,4,13,4,Practical,66,5.73
Statistics,2,3,2,1,Conceptual,84,3.17
English,5,4,13,4,Practical,40,8.22
Chemistry,1,2,12,1,Practical,53,3.07
Programming,3,4,4,2,Theory,64,3.55
Statistics,4,1,2,3,Conceptual,45,17.04
Economics,1,7,11,3,Conceptual,41,3.49
Geography,5,7,10,3,Theory,77,3.14
Math,1,1,3,4,Practical,79,5.26
Math,1,5,7,2,Theory,62,1.67
Programming,5,3,8,5,Theory,72,5.9
English,2,2,5,1,Practical,59,3.66
Physics,2,2,8,2,Conceptual,87,1.82
Biology,1,1,9,3,Theory,54,2.01
English,2,2,15,1,Practical,79,1.66
Biology,4,6,8,1,Practical,93,1.92
Programming,1,5,10,2,Theory,42,2.18
Statistics,4,2,6,2,Practical,88,4.72
Computer Science,5,6,7,3,Practical,46,9.67
Geography,4,2,8,2,Conceptual,95,2.64
Biology,4,3,2,4,Practical,72,25.68
Computer Science,2,1,10,5,Practical,46,6.24
Biology,2,3,2,3,Theory,44,6.59
Programming,5,4,7,2,Conceptual,61,5.3
Machine Learning,4,4,4,4,Practical,85,12.9
Computer Science,3,7,5,1,Practical,61,4.14
Machine Learning,2,5,13,5,Conceptual,59,3.81
Geography,3,5,1,5,Practical,47,48.18
English,5,1,14,2,Practical,94,2.5
Chemistry,1,6,9,3,Conceptual,73,2.1
Computer Science,2,8,3,1,Theory,92,1.32
Economics,2,8,8,4,Practical,79,4.26
Chemistry,1,7,8,2,Conceptual,50,3.0
AI,1,5,13,4,Practical,69,2.78
Machine Learning,1,3,4,1,Theory,52,1.94
Statistics,1,6,8,5,Theory,88,1.38
Biology,4,8,2,4,Theory,58,14.14
Economics,1,3,15,5,Conceptual,84,1.57
History,5,1,15,1,Conceptual,57,2.86
Chemistry,2,7,15,2,Theory,64,1.58
Geography,2,5,14,4,Theory,60,2.19
Physics,3,7,9,5,Practical,74,6.56
Chemistry,4,1,2,5,Theory,69,16.99
Biology,1,6,6,1,Theory,93,0.49
English,5,3,3,2,Conceptual,89,8.53
Economics,2,6,6,3,Theory,75,2.4
Statistics,3,5,10,2,Theory,57,2.34
English,3,8,10,4,Practical,81,4.74
Geography,4,5,13,4,Conceptual,56,5.07
Computer Science,5,4,3,5,Theory,78,14.04
Statistics,4,1,14,5,Practical,79,5.55
History,1,7,11,3,Theory,64,1.59
Chemistry,2,5,5,2,Practical,45,5.7
Geography,5,3,3,5,Practical,49,28.06
Machine Learning,2,2,10,3,Theory,48,2.62
Physics,3,6,6,4,Practical,56,8.64
Biology,2,4,9,3,Conceptual,90,2.08
Biology,1,8,8,5,Conceptual,92,1.88
AI,4,8,8,5,Theory,58,5.34
Machine Learning,1,5,1,4,Practical,41,15.54
Statistics,5,4,5,3,Theory,61,6.05
Programming,1,4,4,1,Conceptual,56,2.71
Computer Science,2,2,7,5,Theory,51,3.85
Physics,5,3,13,3,Practical,75,4.96
History,4,7,1,2,Practical,68,25.92
Economics,1,2,12,5,Conceptual,74,2.25
Programming,4,7,7,3,Practical,56,7.78
Computer Science,3,1,3,2,Conceptual,94,5.09
History,4,1,1,3,Theory,51,20.77
Economics,3,1,15,4,Theory,92,1.54
English,5,3,10,3,Practical,85,5.4
Math,2,6,3,1,Conceptual,43,4.34
Statistics,5,7,1,5,Theory,86,40.45
Chemistry,2,6,4,1,Conceptual,55,3.36
Machine Learning,1,3,7,2,Practical,90,1.46
Programming,4,5,5,2,Theory,71,3.49
Statistics,1,6,8,4,Practical,45,4.8
Machine Learning,2,3,12,5,Theory,93,1.56
Geography,1,5,10,2,Practical,80,1.8
AI,3,8,4,2,Conceptual,82,4.46
History,4,7,3,5,Practical,42,23.48
Programming,5,4,7,2,Practical,47,7.47
Statistics,3,6,12,2,Conceptual,54,3.41
Machine Learning,1,1,10,5,Theory,78,1.5
Machine Learning,1,8,15,1,Conceptual,41,2.99
Economics,1,8,2,4,Practical,41,9.54
AI,4,8,11,4,Practical,46,7.6
Math,2,8,10,5,Practical,46,6.24
Programming,5,7,13,5,Practical,91,6.31
Economics,2,8,4,4,Conceptual,90,5.28
Biology,4,7,15,3,Conceptual,95,2.16
English,2,5,8,3,Practical,91,2.79
Economics,5,4,7,3,Practical,46,9.67
History,5,7,6,4,Practical,61,12.34
English,4,4,3,5,Practical,73,21.62
Biology,2,7,3,5,Practical,46,13.24
Programming,3,1,3,2,Practical,54,8.76
Geography,3,8,4,1,Theory,60,2.48
History,2,6,8,3,Practical,91,2.79
Math,1,1,8,5,Theory,44,2.79
Economics,2,4,4,4,Practical,86,6.84
Economics,3,3,15,3,Conceptual,78,2.5
Biology,4,3,10,1,Conceptual,89,1.49
English,3,1,14,3,Conceptual,74,2.79
Statistics,5,1,9,1,Conceptual,79,2.34
Math,3,5,10,1,Practical,67,2.88
Math,2,4,14,3,Conceptual,66,2.66
Programming,4,8,6,4,Theory,73,5.13
Programming,4,4,14,2,Theory,62,2.13
English,5,1,2,5,Practical,40,41.1
Geography,3,4,1,3,Practical,46,30.24
Math,2,7,2,5,Theory,65,9.12
Math,5,5,1,1,Theory,62,9.22
Biology,3,3,14,5,Theory,84,2.23
History,4,8,1,5,Conceptual,55,50.16
Economics,1,8,14,3,Theory,64,1.49
Programming,4,7,12,1,Conceptual,67,2.38
Biology,4,8,7,3,Practical,42,8.62
AI,1,2,8,5,Practical,78,3.19
English,1,6,3,1,Theory,87,0.95
Chemistry,3,4,10,4,Theory,66,3.01
History,1,3,4,2,Theory,49,2.43
English,2,6,15,4,Theory,58,2.2
History,2,4,10,3,Conceptual,79,2.45
Math,5,1,3,4,Practical,90,20.6
History,1,7,11,4,Conceptual,64,2.6
Programming,2,3,4,4,Theory,84,3.71
Computer Science,5,2,12,4,Theory,89,3.02
Programming,3,5,13,2,Conceptual,78,2.16
Programming,1,5,6,3,Practical,45,4.8
History,5,6,12,2,Practical,63,4.72
AI,2,7,11,1,Practical,59,3.01
Physics,5,7,3,5,Theory,61,14.58
Statistics,5,6,8,1,Practical,67,3.86
Statistics,2,4,4,3,Theory,80,3.04
History,2,3,14,2,Conceptual,65,2.37
Chemistry,1,5,6,5,Theory,78,2.04
English,3,7,7,4,Practical,52,8.02
Physics,4,4,11,2,Conceptual,95,1.99
Machine Learning,3,2,12,4,Theory,62,2.82
History,3,6,15,5,Theory,86,2.05
Statistics,1,4,13,1,Theory,70,1.08
Math,3,5,3,4,Practical,55,14.7
Physics,1,8,15,3,Conceptual,59,2.45
Statistics,5,3,11,4,Theory,65,4.03
Machine Learning,1,4,1,1,Practical,55,5.7
History,3,1,6,5,Practical,54,10.26
Computer Science,5,7,13,5,Theory,65,4.2
Economics,5,1,5,3,Conceptual,86,7.87
Economics,2,4,7,3,Theory,84,1.88
Computer Science,5,2,1,2,Conceptual,62,25.82
Statistics,2,5,2,1,Theory,48,3.26
Biology,2,8,6,5,Conceptual,61,5.87
Chemistry,5,5,2,4,Practical,67,31.98
Statistics,4,3,14,5,Practical,72,5.97
Machine Learning,1,5,6,2,Conceptual,69,2.29
Geography,5,7,13,4,Theory,85,2.94
Statistics,5,8,15,3,Theory,78,2.3
Chemistry,1,7,5,3,Conceptual,65,3.12
Biology,4,2,1,2,Practical,41,27.54
Math,2,2,4,5,Theory,45,5.76
Machine Learning,5,7,5,3,Conceptual,80,8.16
Chemistry,4,5,15,2,Practical,67,3.58
Biology,5,2,1,2,Theory,48,17.66
Statistics,1,7,4,3,Practical,72,3.93
Computer Science,3,4,5,2,Practical,85,4.5
Physics,4,2,12,5,Conceptual,90,4.48
Geography,5,8,4,5,Theory,43,11.82
Computer Science,5,3,4,4,Conceptual,88,12.58
English,4,2,3,4,Conceptual,94,13.09
Geography,2,6,12,2,Theory,86,0.98
Programming,3,3,8,4,Practical,91,5.04
Computer Science,5,8,1,3,Theory,58,25.34
Economics,1,7,8,4,Practical,64,3.66
Biology,2,4,8,1,Conceptual,76,1.75
Programming,5,1,2,3,Conceptual,67,19.58
Math,3,6,2,4,Practical,55,20.7
Physics,4,7,10,5,Conceptual,68,6.34
Statistics,2,6,2,1,Conceptual,73,3.7
Math,1,2,14,3,Conceptual,73,1.81
Math,2,2,5,2,Theory,76,2.05
Geography,5,4,8,4,Theory,41,5.89
Geography,3,7,12,3,Conceptual,85,2.52
Economics,4,6,6,5,Theory,79,6.01
Chemistry,2,2,10,3,Practical,55,4.5
Programming,2,4,2,2,Practical,79,7.26
Economics,2,4,1,4,Conceptual,46,21.79
Computer Science,1,3,3,4,Theory,79,2.81
AI,2,4,11,2,Theory,48,2.25
Machine Learning,2,2,13,1,Conceptual,65,2.05
History,5,2,3,5,Conceptual,88,20.58
Geography,3,2,13,4,Theory,48,3.14
Economics,4,5,1,1,Practical,77,13.38
Geography,4,4,14,1,Theory,58,1.8
Biology,2,2,10,4,Practical,89,3.06
AI,3,1,12,2,Conceptual,73,2.5
Chemistry,4,6,14,4,Theory,53,3.33
Machine Learning,2,6,10,3,Practical,92,2.28
Programming,1,3,13,2,Practical,52,3.34
Physics,1,5,3,3,Conceptual,47,4.94
Computer Science,4,4,15,1,Conceptual,43,3.38
History,3,8,3,2,Practical,53,8.82
History,1,3,10,3,Theory,43,2.3
Geography,3,2,3,5,Practical,88,15.72
English,5,8,2,3,Practical,91,23.04
Computer Science,3,8,4,4,Practical,81,10.14
Geography,4,1,5,4,Practical,68,11.52
Statistics,5,3,7,1,Practical,82,3.22
AI,3,7,6,4,Practical,90,6.6
Computer Science,3,5,4,4,Theory,88,5.18
Biology,1,4,7,1,Theory,89,0.58
English,1,8,1,2,Practical,69,7.86
Physics,5,4,5,4,Theory,55,7.84
Machine Learning,4,8,6,3,Practical,81,7.14
Programming,3,7,12,1,Theory,70,1.36
Biology,2,7,11,4,Practical,67,4.16
Machine Learning,4,6,5,2,Practical,71,6.54
Chemistry,4,8,13,5,Theory,88,2.85
Geography,1,2,8,3,Theory,56,2.01
Chemistry,1,7,9,3,Practical,46,4.24
Machine Learning,4,3,2,2,Practical,63,14.22
Programming,2,5,11,3,Conceptual,90,1.79
Geography,3,7,13,5,Conceptual,55,4.93
Economics,2,1,14,2,Conceptual,53,2.94
Geography,4,1,11,3,Theory,59,3.06
Computer Science,2,3,13,5,Practical,89,2.97
AI,5,3,1,2,Conceptual,95,24.24
Computer Science,3,6,13,1,Theory,92,0.63
Machine Learning,5,5,1,1,Theory,94,8.19
Computer Science,3,2,8,2,Practical,88,2.97
Physics,1,2,4,4,Conceptual,82,3.26
Machine Learning,2,7,1,2,Conceptual,64,11.33
Chemistry,4,5,10,2,Practical,57,4.98
Machine Learning,3,2,12,5,Conceptual,57,5.06
Physics,4,8,10,2,Practical,53,5.22
History,5,3,14,4,Practical,54,7.05
Biology,1,6,2,2,Conceptual,53,4.66
Math,1,3,11,1,Theory,44,1.94
English,5,4,4,4,Practical,49,18.06
Math,1,6,12,5,Conceptual,49,3.45
Math,1,3,12,3,Practical,66,2.79
English,2,4,5,2,Conceptual,44,4.61
Biology,4,7,1,3,Theory,87,19.62
Biology,1,1,5,2,Theory,74,1.47
Chemistry,5,1,6,1,Theory,57,2.71
Statistics,2,4,4,4,Conceptual,60,6.72
AI,5,5,6,2,Conceptual,54,6.21
Chemistry,4,8,11,2,Practical,65,4.28
Computer Science,1,4,7,2,Theory,95,0.62
Machine Learning,4,4,13,2,Theory,47,2.68
Math,1,7,13,2,Theory,65,1.37
Math,1,5,4,5,Theory,85,2.48
Math,1,4,3,5,Conceptual,70,5.44
Statistics,3,3,13,5,Conceptual,70,4.21
English,5,3,1,1,Conceptual,92,12.38
Physics,2,3,1,3,Theory,69,10.59
Statistics,1,3,7,4,Theory,46,2.64
Chemistry,1,3,4,4,Practical,88,3.72
Computer Science,3,6,10,5,Theory,94,2.59
Machine Learning,2,1,7,3,Conceptual,59,4.03
Chemistry,4,5,9,2,Practical,53,5.49
English,5,7,1,5,Practical,61,77.34
English,3,5,11,3,Practical,73,4.07
Geography,3,7,14,3,Conceptual,58,3.56
Economics,1,8,13,3,Conceptual,71,1.95
Statistics,5,5,3,5,Conceptual,79,21.01
Physics,2,3,12,5,Practical,68,4.42
Math,1,5,9,5,Conceptual,52,3.64
Math,3,6,12,4,Conceptual,76,3.55
Biology,2,4,9,3,Practical,92,2.48
English,3,8,10,5,Practical,77,5.88
AI,3,1,4,4,Theory,68,5.82
Geography,1,6,9,5,Theory,69,1.88
Geography,1,4,6,5,Theory,89,1.69
History,3,6,11,3,Theory,69,2.3
English,4,6,3,2,Conceptual,48,8.9
Geography,4,4,1,5,Practical,89,60.66
History,1,6,12,1,Practical,74,1.81
Geography,5,8,4,2,Theory,90,4.32
Statistics,5,6,9,5,Conceptual,62,8.49
Programming,4,3,13,5,Theory,46,4.19
Machine Learning,3,2,3,3,Conceptual,50,9.6
Biology,3,7,11,4,Theory,85,2.23
Geography,3,7,8,5,Theory,79,3.67
English,4,2,6,1,Conceptual,76,2.75
Computer Science,3,4,4,5,Conceptual,60,10.92
Programming,2,7,3,1,Practical,48,5.12
Programming,1,4,4,5,Theory,90,2.32
AI,1,3,2,1,Conceptual,68,2.74
History,3,1,14,4,Practical,65,4.67
Geography,2,1,13,1,Practical,61,2.8
English,3,7,15,2,Practical,45,4.5
Programming,1,7,12,4,Conceptual,72,2.14
Economics,3,5,10,3,Practical,72,4.38
English,1,7,3,5,Conceptual,55,6.16
Statistics,3,7,2,3,Theory,89,7.55
History,2,2,7,4,Theory,49,3.46
Machine Learning,5,7,8,4,Practical,46,10.74
Math,1,8,6,2,Conceptual,92,1.18
Biology,3,4,4,4,Conceptual,90,7.68
Computer Science,4,4,11,5,Conceptual,91,4.8
Statistics,3,2,12,4,Conceptual,47,4.94
Computer Science,4,7,8,5,Conceptual,74,7.25
Physics,4,3,15,5,Theory,89,2.49
Statistics,2,1,15,1,Conceptual,61,2.19
English,2,8,1,2,Practical,91,12.54
Economics,1,2,12,2,Conceptual,63,2.18
Statistics,3,8,4,4,Practical,47,12.18
Physics,4,5,11,5,Practical,81,6.59
Physics,2,3,14,2,Conceptual,59,2.65
Programming,2,5,1,4,Conceptual,76,20.35
Biology,2,2,8,5,Practical,90,4.35
Programming,4,2,5,2,Practical,60,7.2
History,5,4,12,2,Conceptual,91,2.43
Geography,1,6,12,4,Theory,89,0.89
English,1,6,4,3,Practical,72,3.93
Statistics,4,4,9,4,Theory,77,3.58
Chemistry,3,4,10,2,Practical,63,4.02
AI,5,6,13,5,Theory,40,5.0
Economics,2,8,14,1,Practical,45,3.73
Economics,2,5,14,1,Conceptual,73,1.64
Math,2,2,5,3,Theory,80,2.56
Economics,3,2,7,2,Theory,42,3.23
English,1,1,5,2,Conceptual,61,2.83
AI,4,2,9,1,Theory,86,1.16
Math,3,3,12,4,Theory,93,1.82
English,5,1,4,5,Conceptual,84,15.77
Programming,3,1,10,5,Theory,67,3.46
Machine Learning,3,6,12,1,Practical,95,1.05
Statistics,4,3,2,5,Theory,94,16.19
Machine Learning,3,7,7,1,Theory,51,2.25
Math,4,1,4,2,Practical,78,7.32
English,5,5,15,5,Practical,78,6.32
Programming,5,7,3,1,Theory,71,3.59
English,2,1,5,5,Conceptual,44,7.49
History,1,6,4,1,Practical,59,3.21
Geography,4,8,4,4,Practical,79,13.26
Programming,2,1,5,5,Theory,50,4.8
Biology,3,8,15,1,Conceptual,52,2.78
Chemistry,2,7,4,5,Practical,84,8.46
Chemistry,3,2,5,3,Practical,61,7.74
Biology,4,7,13,1,Practical,56,3.56
Geography,5,4,6,4,Conceptual,83,8.82
Economics,4,1,12,4,Theory,75,2.93
English,2,4,11,5,Theory,41,3.34
Economics,4,6,4,4,Conceptual,51,11.95
English,1,6,4,2,Practical,94,1.86
Statistics,1,1,7,4,Conceptual,56,3.48
Biology,2,3,14,2,Practical,61,3.2
Economics,2,4,5,4,Practical,49,7.86
Chemistry,4,4,5,3,Conceptual,86,6.43
Geography,2,2,5,3,Practical,61,5.94
Programming,3,6,2,2,Conceptual,80,8.16
Chemistry,5,5,15,2,Practical,88,2.72
Programming,1,5,1,1,Practical,93,3.42
AI,2,3,14,2,Conceptual,48,3.18
Economics,1,1,6,5,Practical,69,4.36
AI,3,7,1,5,Theory,86,24.45
Math,2,8,6,1,Conceptual,62,2.62
Biology,5,3,10,2,Conceptual,47,4.94
Machine Learning,3,5,11,5,Practical,55,6.79
Biology,1,5,13,4,Conceptual,89,1.27
Computer Science,5,3,15,5,Theory,77,3.4
Geography,1,7,11,1,Theory,40,2.07
AI,3,1,11,3,Theory,49,2.94
Chemistry,5,8,15,5,Theory,41,4.55
Biology,1,8,10,5,Conceptual,95,1.44
English,5,4,11,5,Practical,91,7.36
Geography,4,1,11,4,Conceptual,53,5.75
English,3,8,7,4,Theory,46,4.47
Statistics,4,2,1,2,Conceptual,65,20.88
History,5,2,10,2,Theory,75,2.4
Machine Learning,4,8,8,1,Theory,74,1.63
Biology,5,5,14,1,Theory,94,0.76
Biology,5,2,14,1,Conceptual,40,3.74
English,4,8,10,3,Conceptual,82,3.74
Computer Science,5,2,2,1,Practical,61,9.84
History,3,7,10,4,Theory,91,2.21
English,5,4,11,4,Conceptual,65,6.04
Economics,3,2,5,5,Theory,52,6.34
Geography,5,5,1,1,Conceptual,94,12.29
History,1,4,8,3,Conceptual,40,3.78
Math,2,6,14,5,Theory,45,2.9
Economics,5,5,5,2,Theory,53,4.7
Computer Science,2,4,14,1,Theory,63,1.41
Biology,5,6,14,3,Practical,80,4.41
Chemistry,4,4,2,5,Practical,54,32.76
Geography,4,1,10,5,Practical,53,8.82
Biology,3,1,9,2,Theory,68,2.09
Biology,2,5,3,5,Practical,87,10.78
Economics,2,7,10,2,Theory,80,1.28
History,2,5,1,4,Practical,58,26.52
Physics,3,3,13,1,Conceptual,90,1.03
Chemistry,1,3,10,2,Conceptual,65,2.16
Chemistry,3,5,7,3,Conceptual,82,3.95
Programming,2,7,4,2,Theory,67,2.66
Math,1,4,12,5,Theory,57,2.04
Machine Learning,1,1,6,4,Conceptual,76,2.75
Chemistry,3,8,7,5,Practical,81,7.57
Computer Science,4,3,12,3,Theory,89,1.95
Computer Science,4,2,10,1,Conceptual,64,2.69
Statistics,4,6,1,1,Practical,95,12.3
Physics,3,3,8,2,Theory,77,1.94
Geography,2,1,15,1,Theory,62,1.43
Computer Science,5,3,14,3,Theory,85,2.19
AI,5,5,14,5,Practical,73,6.98
AI,4,7,4,3,Conceptual,43,9.94
Chemistry,1,6,1,3,Theory,87,5.22
History,4,3,2,3,Conceptual,48,16.9
Math,2,4,11,3,Theory,94,1.06
Economics,3,7,5,5,Practical,90,9.6
English,3,7,10,4,Conceptual,83,3.7
Math,3,6,1,2,Practical,89,18.66
English,3,5,3,4,Conceptual,60,11.52
History,1,3,2,2,Practical,79,4.26
Physics,3,3,9,4,Theory,69,3.13
Chemistry,5,5,1,3,Theory,74,24.83
English,1,5,15,3,Conceptual,55,2.64
Physics,4,3,15,1,Theory,40,2.35
Biology,2,6,13,3,Theory,50,2.34
Computer Science,1,2,3,2,Theory,75,1.87
Programming,1,7,6,3,Theory,40,2.72
Biology,5,6,7,2,Practical,54,7.05
Economics,2,7,14,2,Practical,45,4.16
Machine Learning,4,4,3,1,Conceptual,70,4.64
Programming,4,5,9,3,Theory,80,2.77
Machine Learning,2,5,2,3,Practical,65,11.1
Biology,1,5,13,2,Theory,59,1.56
Math,4,7,3,4,Conceptual,83,13.62
History,4,3,8,3,Theory,44,4.19
Economics,2,3,6,2,Theory,82,1.64
Programming,4,5,15,5,Theory,44,3.93
Math,1,4,15,4,Theory,55,1.87
Geography,5,7,2,1,Conceptual,79,7.01
History,4,7,2,2,Practical,89,12.66
Programming,1,2,3,5,Practical,57,7.58
Computer Science,1,3,7,5,Practical,67,4.12
English,4,8,12,4,Practical,93,4.42
Statistics,5,7,3,4,Theory,94,10.86
Biology,3,1,14,2,Practical,82,2.37
Chemistry,1,7,11,2,Practical,70,2.35
History,3,5,14,3,Conceptual,82,2.41
Machine Learning,5,7,2,1,Practical,44,10.86
Chemistry,4,4,9,4,Practical,74,6.89
History,4,3,15,3,Theory,57,2.66
AI,4,4,7,1,Conceptual,73,2.67
AI,1,8,12,3,Conceptual,61,2.47
Biology,1,4,6,5,Practical,57,5.08
Geography,5,4,4,4,Theory,42,9.86
Math,5,3,1,5,Practical,87,75.78
Machine Learning,4,7,2,2,Conceptual,71,10.99
Geography,4,3,13,2,Practical,78,3.17
Machine Learning,1,1,1,5,Practical,71,16.74
Biology,5,1,7,2,Conceptual,78,4.48
Programming,2,3,7,2,Conceptual,44,4.06
Statistics,4,6,12,5,Practical,63,7.22
Biology,2,2,14,4,Practical,75,3.21
Economics,3,8,11,1,Theory,67,1.49
History,5,2,1,2,Theory,72,16.9
Chemistry,2,5,4,4,Theory,59,4.51
Programming,1,8,4,1,Theory,86,0.85
Computer Science,1,6,6,4,Conceptual,65,3.28
Biology,1,7,13,3,Practical,43,4.11
Economics,2,5,3,3,Conceptual,60,6.72
Statistics,5,5,6,5,Practical,83,13.52
Math,3,2,8,5,Theory,54,4.47
Physics,3,1,12,1,Conceptual,54,2.81
History,4,5,4,3,Conceptual,58,9.22
English,1,8,5,4,Practical,87,3.18
Machine Learning,1,6,12,1,Conceptual,72,1.54
Physics,1,3,14,4,Practical,83,1.88
Geography,5,7,6,3,Practical,81,8.64
Statistics,4,1,13,2,Conceptual,75,2.68
Biology,3,8,7,2,Theory,73,2.24
Math,4,2,13,5,Theory,54,3.93
AI,1,7,4,5,Conceptual,70,4.44
Machine Learning,4,6,12,3,Conceptual,73,3.7
Programming,3,6,14,5,Practical,56,5.85
Statistics,1,7,13,3,Conceptual,40,3.43
Machine Learning,3,4,10,4,Conceptual,82,3.74
Math,5,3,2,4,Theory,43,17.82
History,3,4,14,3,Practical,59,4.39
Machine Learning,1,4,1,1,Practical,58,5.52
AI,2,2,3,5,Conceptual,94,8.29
Statistics,3,2,7,2,Practical,92,3.05
Programming,1,6,2,2,Conceptual,87,3.02
Chemistry,1,6,9,1,Conceptual,56,2.38
AI,4,2,12,3,Conceptual,82,3.26
History,1,6,15,2,Conceptual,83,1.14
Economics,1,3,13,2,Conceptual,70,1.81
Chemistry,3,3,14,1,Conceptual,95,0.75
Machine Learning,3,3,12,2,Theory,61,2.05
Math,2,1,14,4,Theory,55,2.35
English,1,4,9,5,Practical,65,3.77
AI,2,3,4,3,Conceptual,90,4.08
Programming,3,2,6,5,Theory,93,4.22
Statistics,4,6,10,2,Theory,89,1.63
History,4,8,15,1,Theory,83,0.97
Math,3,2,7,1,Conceptual,90,1.51
Economics,3,4,6,4,Conceptual,50,7.2
Statistics,5,4,8,3,Theory,66,4.09
AI,1,6,11,2,Theory,61,1.54
AI,4,6,12,3,Conceptual,74,3.65
English,4,1,9,5,Practical,44,10.03
Programming,3,2,4,5,Practical,72,12.93
AI,5,4,12,2,Theory,42,3.19
Biology,2,2,5,4,Theory,50,4.16
Machine Learning,5,6,8,1,Conceptual,90,1.98
AI,4,6,15,4,Theory,45,3.47
Math,3,2,1,2,Practical,87,18.78
Computer Science,2,8,6,3,Conceptual,44,5.09
English,1,7,3,2,Practical,59,4.46
Physics,4,4,5,3,Conceptual,52,8.06
Statistics,2,8,6,4,Practical,57,6.58
History,2,7,15,5,Theory,83,1.61
Geography,3,3,7,5,Conceptual,90,5.62
History,2,8,5,4,Practical,71,6.54
History,2,4,9,4,Theory,42,3.28
Math,2,8,6,5,Practical,72,6.68
Computer Science,3,5,9,2,Theory,45,2.83
History,1,6,1,2,Conceptual,58,6.82
Chemistry,5,2,4,4,Conceptual,73,13.3
Math,1,6,13,5,Theory,51,2.18
Programming,2,7,4,3,Theory,78,3.1
English,3,3,8,3,Practical,66,5.42
Programming,1,5,7,5,Practical,59,4.6
AI,2,7,14,4,Theory,73,1.78
Economics,2,2,12,4,Theory,57,2.44
Chemistry,2,7,5,2,Practical,57,4.98
Math,2,6,7,4,Practical,59,5.89
Chemistry,4,7,7,5,Theory,69,5.56
Economics,4,3,9,1,Conceptual,54,3.27
Machine Learning,4,2,3,4,Practical,62,18.28
English,2,7,4,5,Practical,67,9.48
AI,3,4,7,2,Conceptual,91,2.49
Programming,4,1,1,4,Conceptual,92,38.78
History,1,3,2,3,Theory,48,4.06
Statistics,4,3,14,5,Conceptual,63,5.2
History,1,7,3,5,Conceptual,62,5.82
Physics,4,7,2,3,Practical,82,19.08
Machine Learning,5,8,4,3,Practical,94,11.61
Machine Learning,2,3,14,4,Practical,60,4.11
Chemistry,5,8,8,2,Theory,53,3.5
Economics,1,4,9,4,Theory,43,2.54
Machine Learning,5,6,6,3,Conceptual,64,7.73
English,4,6,1,2,Practical,93,24.42
Biology,3,2,14,5,Conceptual,75,3.77
Geography,4,8,8,2,Theory,41,3.49
Biology,4,8,1,5,Conceptual,43,50.74
Statistics,3,2,8,2,Theory,85,1.68
Statistics,2,8,12,2,Theory,50,2.13
Computer Science,1,7,13,2,Theory,91,0.53
Machine Learning,1,6,12,2,Practical,65,2.6
Computer Science,5,8,14,4,Theory,74,3.12
History,3,6,4,2,Conceptual,93,3.94
Statistics,4,4,2,4,Theory,55,14.24
Physics,4,1,14,3,Practical,70,4.37
Biology,1,8,5,5,Theory,50,3.2
Geography,5,4,8,4,Theory,44,5.79
Economics,2,5,10,5,Practical,52,5.88
Computer Science,3,6,10,1,Theory,43,2.3
History,3,6,6,2,Conceptual,58,4.42
Chemistry,5,5,9,3,Theory,55,4.11
Math,4,1,13,3,Theory,72,2.37
Math,5,4,10,1,Conceptual,62,3.02
Programming,2,6,11,3,Conceptual,56,3.42
Machine Learning,2,3,14,3,Conceptual,94,1.32
Statistics,4,5,2,4,Practical,59,26.46
Statistics,5,8,12,5,Practical,88,6.97
Chemistry,2,2,2,4,Practical,70,13.8
English,1,4,4,5,Conceptual,91,3.43
Statistics,4,4,12,1,Conceptual,63,2.58
English,2,7,3,1,Conceptual,95,1.84
Physics,4,3,3,4,Theory,75,9.33
Math,5,6,4,1,Practical,92,4.23
English,2,1,5,4,Conceptual,72,5.18
English,5,1,10,5,Theory,60,5.28
Computer Science,4,2,9,5,Conceptual,77,6.44
History,4,2,11,5,Conceptual,83,5.18
Chemistry,1,7,10,5,Theory,58,2.14
Geography,2,4,7,3,Conceptual,50,4.46
Computer Science,4,1,11,2,Theory,95,1.32
Statistics,1,6,5,5,Conceptual,83,3.22
History,4,6,5,5,Theory,57,7.78
Biology,2,8,7,3,Conceptual,48,4.55
Economics,5,6,11,2,Practical,69,4.59
Geography,2,6,14,2,Practical,93,1.28
History,2,2,4,4,Conceptual,48,7.3
Economics,5,5,13,3,Practical,56,6.1
AI,2,3,10,4,Theory,57,2.66
Math,5,4,6,4,Theory,41,7.22
Programming,2,1,14,3,Practical,60,3.69
English,1,4,3,4,Conceptual,69,4.69
Computer Science,1,1,5,3,Theory,41,2.85
Computer Science,4,5,1,1,Practical,60,14.4
AI,2,8,2,5,Theory,42,9.86
Chemistry,3,2,2,4,Theory,61,10.85
Physics,5,3,9,4,Practical,86,7.51
Math,1,7,1,5,Practical,52,17.88
Computer Science,1,8,5,5,Conceptual,49,4.85
Chemistry,1,1,13,1,Theory,41,2.01
Geography,4,7,7,4,Theory,40,5.58
Economics,1,4,14,2,Conceptual,78,1.4
Computer Science,5,1,2,3,Theory,52,13.54
Programming,3,8,3,4,Conceptual,57,11.66
Programming,4,3,14,5,Theory,44,4.08
Physics,3,7,7,1,Theory,68,1.71
AI,3,1,2,1,Theory,94,2.59
Math,5,5,15,2,Theory,95,1.23
Statistics,2,8,14,3,Practical,85,2.19
Biology,3,7,1,5,Practical,66,47.04
Physics,5,8,3,2,Conceptual,68,9.54
Statistics,1,7,3,3,Practical,60,5.4
Computer Science,3,8,9,5,Theory,42,4.52
History,2,1,9,3,Theory,47,2.76
Physics,1,8,2,2,Conceptual,49,4.85
English,4,8,5,2,Practical,80,6.0
English,5,1,11,2,Practical,85,3.63
Machine Learning,3,6,14,3,Conceptual,65,3.22
Machine Learning,3,6,2,5,Practical,47,25.68
Computer Science,2,5,15,2,Practical,79,2.06
Economics,1,2,14,4,Theory,41,2.35
Economics,4,3,15,5,Conceptual,89,3.73
AI,5,6,7,2,Theory,73,3.15
Programming,2,7,8,2,Conceptual,74,2.45
Machine Learning,1,7,5,4,Conceptual,88,2.5
Machine Learning,5,6,15,1,Theory,47,2.23
Computer Science,5,3,5,3,Theory,48,6.46
Computer Science,3,3,5,4,Theory,54,5.31
Economics,1,8,10,3,Conceptual,41,3.55
Math,1,4,14,5,Practical,75,2.57
English,4,8,4,2,Theory,73,4.06
Computer Science,1,5,15,5,Practical,44,4.36
Machine Learning,3,3,15,1,Conceptual,73,1.78
Machine Learning,5,4,14,5,Practical,90,5.96
Economics,4,7,15,4,Theory,61,2.95
Statistics,3,3,11,5,Conceptual,78,4.33
English,4,8,11,4,Practical,48,7.48
Statistics,5,1,7,3,Conceptual,84,5.91
Statistics,1,5,11,1,Theory,95,0.31
Statistics,2,4,3,2,Theory,65,3.25
Programming,2,2,10,5,Conceptual,44,5.09
Physics,4,5,15,4,Practical,45,6.5
Machine Learning,4,3,5,1,Practical,79,3.66
Biology,3,8,4,1,Theory,61,2.45
Statistics,4,2,10,4,Theory,42,4.42
Programming,2,3,2,1,Conceptual,70,3.84
Machine Learning,3,6,3,4,Practical,72,13.68
Biology,3,2,11,3,Conceptual,76,3.12
Programming,5,5,15,5,Conceptual,80,4.96
Physics,5,4,5,2,Practical,77,7.38
Biology,1,7,4,1,Practical,48,3.87
Physics,4,1,15,3,Theory,43,3.1
Physics,3,1,9,2,Theory,71,1.99
Economics,1,3,5,4,Practical,46,5.64
AI,3,7,6,4,Theory,62,4.42
Geography,3,4,2,5,Theory,85,12.48
Biology,2,6,13,3,Practical,90,1.98
Biology,4,4,14,5,Conceptual,67,5.01
Geography,1,3,1,5,Practical,65,17.1
Economics,1,4,15,3,Practical,70,2.4
Math,5,6,12,3,Theory,80,2.64
Computer Science,2,3,6,4,Theory,92,2.39
Biology,3,4,2,3,Theory,92,7.46
Math,2,8,14,4,Practical,70,3.51
Programming,1,2,8,4,Theory,43,2.62
Chemistry,4,3,10,2,Theory,68,2.3
Math,1,4,9,3,Theory,77,1.27
Biology,1,5,15,4,Practical,85,1.7
English,1,6,10,1,Practical,41,3.84
Physics,2,1,3,5,Theory,65,6.45
Economics,3,6,11,4,Practical,90,3.87
Statistics,3,4,7,3,Conceptual,60,5.01
Machine Learning,1,8,13,1,Conceptual,41,3.02
Geography,1,1,7,4,Theory,54,2.39
History,4,4,6,1,Practical,88,2.72
Physics,1,4,2,4,Conceptual,88,5.38
Physics,4,5,10,1,Conceptual,76,2.11
Economics,1,7,10,4,Practical,76,2.64
Computer Science,5,8,15,4,Practical,40,7.6
Geography,5,4,15,1,Practical,94,1.36
Geography,4,5,14,1,Theory,50,2.06
Statistics,1,7,8,2,Practical,94,1.11
Statistics,4,6,6,3,Theory,83,3.74
Physics,4,4,9,1,Conceptual,93,1.4
AI,1,5,11,2,Theory,88,0.67
Programming,4,4,8,3,Practical,46,7.74
Computer Science,1,8,13,2,Conceptual,90,0.85
Computer Science,1,7,1,1,Practical,47,6.18
Statistics,5,7,14,1,Theory,50,2.17
Math,4,3,9,3,Conceptual,50,5.6
Math,3,7,10,5,Conceptual,43,6.34
Computer Science,3,1,8,3,Theory,43,3.62
History,5,5,2,3,Practical,62,24.78
Chemistry,3,3,11,5,Practical,91,4.63
Economics,3,2,3,5,Theory,59,9.31
Machine Learning,3,6,13,5,Conceptual,58,4.79
History,3,4,9,5,Conceptual,76,5.15
Machine Learning,5,3,3,2,Practical,46,13.24
Chemistry,3,1,15,5,Practical,85,3.9
Chemistry,3,2,5,4,Conceptual,74,7.01
English,2,1,9,5,Theory,92,2.03
Chemistry,1,6,4,5,Conceptual,88,3.58
Chemistry,2,6,2,3,Theory,94,4.99
Machine Learning,1,4,2,4,Conceptual,72,6.14
Machine Learning,3,2,10,2,Theory,76,1.73
Geography,3,1,7,1,Practical,70,3.09
Physics,1,5,15,5,Conceptual,54,3.01
Programming,3,5,13,5,Conceptual,95,3.01
Economics,3,5,11,1,Theory,63,1.62
Economics,3,6,10,1,Conceptual,93,1.06
Statistics,4,1,6,2,Practical,69,5.86
Biology,4,4,13,5,Practical,64,6.78
AI,4,5,10,2,Conceptual,95,2.16
English,3,1,5,3,Practical,72,7.08
Physics,3,1,11,2,Practical,67,3.62
Biology,2,2,10,1,Practical,91,1.14
English,4,3,3,4,Practical,81,17.14
Computer Science,2,6,2,5,Practical,54,17.76
Statistics,2,1,15,3,Theory,89,0.99
Biology,5,1,2,1,Practical,57,10.08
Math,4,1,2,3,Practical,66,20.04
Chemistry,4,8,1,5,Practical,89,60.66
Economics,2,1,9,3,Practical,71,3.74
AI,1,6,4,5,Practical,43,7.17
Physics,5,1,11,1,Theory,85,1.21
Statistics,1,2,12,3,Conceptual,52,2.9
Computer Science,5,4,9,3,Theory,79,3.34
History,1,3,2,5,Practical,78,8.82
Math,5,1,2,1,Theory,82,4.58
Computer Science,3,6,4,3,Theory,74,4.43
Physics,5,4,6,1,Theory,67,2.39
Math,3,5,11,1,Theory,91,0.72
Economics,4,8,15,3,Practical,81,3.54
Machine Learning,1,6,7,3,Conceptual,53,3.28
English,3,7,11,4,Theory,53,3.25
Machine Learning,4,2,10,3,Theory,86,2.37
Physics,4,3,2,4,Theory,71,13.73
Programming,1,6,15,4,Practical,53,3.62
Computer Science,5,7,14,5,Practical,93,5.78
Chemistry,1,4,12,5,Conceptual,64,2.73
Computer Science,4,3,1,3,Theory,40,21.12
Geography,2,6,12,4,Conceptual,46,4.19
Machine Learning,1,3,11,3,Practical,74,2.38
Programming,4,2,10,4,Theory,40,4.48
English,1,7,11,1,Conceptual,72,1.56
Statistics,2,1,1,4,Conceptual,87,19.82
Physics,4,2,1,1,Practical,86,12.84
Economics,3,7,3,2,Practical,46,9.24
Geography,1,3,8,1,Conceptual,72,1.64
Computer Science,2,3,13,3,Conceptual,49,3.56
Chemistry,1,5,8,5,Conceptual,92,1.88
Economics,1,2,9,3,Theory,54,2.01
History,3,1,14,2,Practical,64,3.45
AI,3,6,11,2,Practical,84,2.6
Chemistry,3,5,15,1,Practical,92,1.08
Programming,4,2,14,4,Conceptual,78,3.8
Computer Science,2,8,12,5,Practical,81,3.64
Statistics,3,3,15,3,Theory,86,1.41
Biology,3,5,8,1,Practical,69,2.98
AI,5,2,8,1,Theory,56,2.41
AI,5,3,3,1,Practical,84,5.96
Economics,2,6,2,5,Practical,89,15.66
Statistics,4,6,7,2,Conceptual,79,3.75
Geography,2,8,8,2,Practical,83,2.52
Programming,2,4,10,4,Practical,66,4.44
Machine Learning,1,2,4,2,Conceptual,87,1.82
Economics,1,8,10,4,Theory,78,1.34
Geography,3,6,7,1,Theory,85,1.17
Economics,1,8,10,2,Theory,80,0.96
Machine Learning,5,3,8,1,Conceptual,55,3.66
Chemistry,1,7,6,3,Theory,90,1.12
AI,4,4,12,3,Practical,91,3.54
Physics,1,6,8,5,Theory,87,1.42
English,1,5,2,1,Practical,88,2.22
Geography,4,5,4,4,Practical,58,14.52
Economics,5,1,6,2,Theory,91,2.95
Economics,1,2,1,2,Practical,65,8.1
Programming,4,4,14,4,Theory,79,2.5
Geography,3,1,11,5,Practical,66,6.13
English,5,5,13,1,Practical,50,4.15
Biology,4,3,15,4,Conceptual,72,3.9
Statistics,5,1,13,5,Theory,94,3.27
Math,4,2,12,2,Conceptual,69,3.09
Chemistry,2,4,8,1,Conceptual,91,1.03
Programming,1,1,2,2,Theory,84,2.11
Biology,3,4,1,5,Conceptual,43,38.74
Computer Science,2,7,9,3,Theory,64,2.22
Biology,1,6,6,5,Practical,72,4.18
Chemistry,2,4,3,1,Practical,51,4.94
Geography,2,6,11,3,Practical,46,4.88
Programming,1,1,8,1,Conceptual,57,2.36
Physics,5,5,1,4,Conceptual,66,49.63
Computer Science,3,7,7,4,Practical,91,5.68
Statistics,2,3,11,1,Practical,84,1.51
English,5,8,7,1,Theory,84,1.65
Biology,5,8,7,2,Conceptual,71,4.82
Economics,4,6,11,5,Theory,82,3.49
Biology,5,4,8,1,Practical,44,5.24
Statistics,2,7,5,1,Practical,47,4.38
Machine Learning,4,5,2,2,Practical,85,12.9
Computer Science,3,1,10,1,Conceptual,55,2.88
English,1,5,5,3,Theory,79,1.63
Chemistry,4,5,7,3,Theory,84,3.25
Computer Science,4,2,14,4,Practical,83,4.45
Machine Learning,3,8,13,3,Theory,42,2.96
Statistics,2,1,1,5,Conceptual,45,26.64
Machine Learning,3,7,5,1,Conceptual,54,3.65
Computer Science,5,8,13,3,Conceptual,65,4.45
Computer Science,4,3,5,4,Theory,74,5.95
Geography,3,5,7,4,Practical,46,8.38
Physics,4,5,5,1,Conceptual,48,4.42
Computer Science,4,2,13,5,Conceptual,87,4.32
Geography,2,1,11,3,Theory,50,2.47
History,3,5,1,3,Theory,76,15.17
Computer Science,1,8,9,3,Conceptual,46,3.39
Programming,1,5,5,2,Practical,58,3.72
Biology,1,2,1,1,Theory,81,2.21
Machine Learning,4,3,3,5,Conceptual,92,16.38
Math,3,5,7,2,Conceptual,59,4.03
Biology,3,6,14,4,Conceptual,59,4.03
Chemistry,1,8,12,3,Theory,53,1.9
Economics,1,7,3,4,Practical,80,5.2
Computer Science,4,2,2,2,Theory,57,7.78
AI,3,6,11,4,Conceptual,53,4.87
Math,5,4,12,5,Practical,73,7.87
Geography,3,7,6,1,Practical,72,3.18
Programming,5,4,7,4,Theory,46,6.3
English,5,1,3,3,Practical,87,15.78
AI,3,4,3,2,Theory,86,3.65
Math,1,4,5,3,Theory,41,2.85
Math,4,4,7,2,Practical,81,4.57
Statistics,2,1,7,5,Conceptual,48,5.92
Machine Learning,5,4,14,1,Theory,59,1.88
Physics,3,7,13,4,Theory,71,2.4
Biology,3,5,9,2,Conceptual,78,2.66
History,5,3,12,5,Theory,59,4.65
Biology,3,2,1,5,Theory,54,25.47
Programming,5,2,11,3,Practical,76,5.53
Chemistry,1,1,7,3,Conceptual,74,2.28
Machine Learning,1,8,11,1,Theory,64,1.3
History,3,8,9,3,Theory,70,2.56
Machine Learning,4,2,10,5,Conceptual,69,6.29
Machine Learning,3,3,11,4,Practical,47,6.45
Machine Learning,1,8,2,4,Conceptual,40,7.68
History,3,1,10,1,Conceptual,68,2.26
Biology,5,5,10,1,Practical,69,3.36
Biology,2,2,5,5,Theory,64,4.35
Math,3,2,3,3,Theory,87,5.22
Math,3,6,11,1,Practical,77,2.2
Physics,2,4,9,5,Practical,60,5.73
Physics,3,6,6,5,Practical,68,9.42
AI,2,3,11,1,Practical,77,1.93
AI,2,3,5,2,Practical,71,4.14
History,4,3,4,1,Conceptual,74,3.65
Math,2,8,9,2,Practical,73,2.95
Computer Science,5,8,9,3,Practical,90,5.6
Geography,1,7,3,2,Theory,91,1.35
English,5,6,10,4,Conceptual,63,6.58
Geography,4,6,13,3,Practical,56,5.41
AI,5,1,1,2,Theory,93,16.22
Physics,1,6,8,5,Theory,92,1.26
Geography,4,3,6,4,Conceptual,81,7.31
Programming,2,4,8,4,Practical,52,5.88
English,5,2,14,5,Practical,71,7.1
Statistics,4,7,11,3,Theory,46,3.47
Biology,1,3,3,2,Theory,60,2.35
Computer Science,5,1,15,4,Practical,42,7.48
Math,5,1,7,1,Conceptual,86,2.39
History,1,2,13,5,Practical,46,4.39
Math,3,7,4,3,Conceptual,81,6.31
Statistics,1,6,7,5,Conceptual,88,2.29
English,2,4,13,1,Theory,56,1.65
Biology,4,3,12,1,Theory,61,1.78
Math,5,7,4,4,Conceptual,50,14.4
Statistics,3,1,12,3,Conceptual,58,3.82
Physics,3,3,15,1,Conceptual,52,2.78
English,3,3,1,2,Practical,69,19.86
Statistics,5,3,8,2,Theory,49,3.63
Math,1,8,11,3,Theory,54,1.91
Programming,2,7,7,3,Theory,87,1.79
Math,1,3,12,4,Conceptual,48,3.3
AI,4,2,14,4,Theory,78,2.53
Machine Learning,3,7,4,2,Practical,43,7.92
Geography,1,8,11,5,Practical,45,4.66
Geography,3,6,1,3,Practical,82,28.08
Economics,5,6,2,1,Theory,82,4.58
Biology,3,8,13,2,Theory,40,2.66
Chemistry,3,8,4,4,Conceptual,72,8.54
Math,5,8,7,2,Conceptual,74,4.68
Economics,4,2,1,4,Conceptual,84,39.17
Computer Science,5,2,10,3,Conceptual,42,6.38
Geography,1,5,15,5,Theory,52,2.07
Economics,1,5,7,5,Practical,81,3.28
History,4,8,12,3,Practical,75,4.5
Biology,2,5,8,4,Conceptual,79,3.41
Geography,3,3,6,5,Practical,73,9.12
Geography,2,5,3,3,Theory,74,4.03
Geography,2,1,6,2,Practical,56,4.64
Biology,2,7,10,1,Conceptual,57,2.54
English,4,5,7,5,Conceptual,50,9.26
Computer Science,3,6,7,4,Conceptual,64,5.84
Math,3,3,5,1,Conceptual,59,3.41
Chemistry,1,7,11,1,Theory,58,1.49
Geography,2,1,3,3,Practical,40,9.6
Biology,2,2,3,1,Practical,41,5.54
History,5,1,2,2,Practical,78,16.32
English,2,3,6,2,Theory,90,1.39
Computer Science,1,2,14,1,Theory,83,0.66
Geography,1,7,8,5,Theory,40,2.92
Computer Science,1,3,4,1,Practical,52,3.63
Chemistry,2,6,1,1,Theory,87,3.62
Biology,2,7,8,3,Theory,74,2.03
Programming,1,5,5,1,Practical,90,1.2
Computer Science,5,5,5,5,Theory,53,9.5
Machine Learning,3,3,6,1,Conceptual,83,2.02
Biology,5,5,1,3,Theory,62,25.22
Biology,5,8,3,5,Practical,64,27.16
English,1,8,11,2,Conceptual,57,2.5
Physics,1,3,1,5,Conceptual,51,14.35
Chemistry,4,7,12,1,Practical,66,3.04
Geography,4,6,3,5,Practical,84,20.96
Math,3,4,10,1,Practical,68,2.82
Statistics,3,2,10,4,Theory,94,2.11
Math,3,1,5,2,Theory,57,3.3
Programming,4,3,9,1,Theory,49,2.34
AI,3,5,14,4,Theory,48,3.04
Chemistry,4,8,5,2,Practical,61,7.14
Programming,3,7,8,3,Conceptual,68,4.24
Economics,3,6,3,1,Conceptual,58,4.42
Physics,5,3,13,3,Theory,79,2.52
AI,5,5,13,1,Conceptual,50,3.32
Statistics,5,8,12,2,Practical,50,5.5
Biology,3,1,8,3,Theory,46,3.53
English,4,2,14,1,Practical,68,2.78
Programming,1,6,8,2,Theory,75,1.2
AI,1,2,7,3,Theory,55,2.13
Machine Learning,1,8,8,4,Conceptual,63,2.98
Statistics,4,6,2,2,Theory,46,8.13
Geography,4,3,14,4,Practical,69,5.29
English,1,8,3,3,Conceptual,94,2.69
English,4,5,2,1,Practical,84,6.96
Statistics,3,3,10,2,Theory,72,1.86
Physics,5,5,2,1,Practical,60,9.9
Statistics,3,7,5,2,Theory,58,3.26
Computer Science,5,2,12,3,Theory,70,2.96
Statistics,3,1,15,2,Conceptual,88,1.54
History,4,2,12,2,Theory,40,2.99
Programming,4,2,3,5,Theory,82,11.24
Biology,1,8,6,5,Practical,40,6.1
Math,3,6,9,4,Practical,57,6.58
English,4,3,11,3,Theory,89,2.1
History,4,4,14,4,Practical,94,3.79
Geography,5,6,2,2,Theory,72,8.9
Geography,5,5,7,1,Practical,55,4.84
Chemistry,1,8,11,2,Practical,51,3.49
Programming,3,6,3,5,Practical,73,16.62
Biology,2,4,5,5,Conceptual,69,6.29
AI,3,5,10,2,Conceptual,77,2.54
Math,2,1,9,4,Conceptual,52,4.44
Economics,1,8,10,2,Conceptual,82,1.34
Chemistry,5,3,8,5,Theory,92,5.26
History,3,2,9,2,Practical,63,4.22
Economics,5,7,7,1,Practical,59,4.6
Economics,5,8,12,3,Conceptual,71,4.39
Programming,3,6,3,3,Conceptual,60,9.12
Geography,2,1,9,4,Conceptual,49,4.58
Math,1,3,15,2,Practical,69,2.26
Physics,1,1,8,1,Practical,84,1.33
Programming,1,7,10,4,Theory,93,0.86
Math,2,3,11,1,Theory,88,0.67
Math,2,3,3,2,Theory,43,3.96
English,2,8,6,3,Conceptual,87,3.02
English,3,4,13,4,Practical,55,5.47
Physics,3,6,1,1,Practical,87,9.78
AI,5,4,12,3,Theory,52,3.54
Computer Science,3,1,14,2,Conceptual,90,1.51
Economics,3,5,5,2,Conceptual,94,3.17
Chemistry,2,7,4,2,Theory,40,3.52
Economics,2,2,8,4,Practical,80,4.2
Math,2,2,6,3,Theory,83,2.14
Geography,2,7,14,4,Theory,43,2.74
Chemistry,3,5,12,4,Theory,65,2.72
Geography,4,7,13,4,Practical,50,6.69
Statistics,3,1,8,4,Conceptual,49,6.05
Statistics,5,7,10,2,Practical,66,5.04
Statistics,5,8,1,3,Practical,85,45.9
Geography,2,3,14,4,Theory,61,2.16
History,5,4,2,3,Theory,46,13.73
Computer Science,3,7,15,5,Theory,65,2.72
Geography,3,5,4,3,Practical,88,7.47
Biology,2,1,10,4,Practical,42,5.88
Machine Learning,4,2,4,4,Practical,69,13.86
Geography,5,1,2,2,Conceptual,56,14.11
AI,4,7,11,3,Theory,82,2.32
Computer Science,5,3,3,3,Practical,54,17.76
Physics,2,7,2,5,Conceptual,42,14.78
Statistics,4,7,4,5,Theory,90,8.32
English,5,4,9,2,Practical,87,4.11
Math,3,5,6,5,Theory,49,5.63
Chemistry,3,6,13,4,Practical,80,3.97
Math,2,3,6,5,Theory,41,4.55
Math,3,1,11,3,Conceptual,40,4.84
Statistics,5,6,2,5,Conceptual,82,30.86
Programming,1,4,15,3,Theory,53,1.82
History,4,3,10,2,Theory,60,2.56
Programming,5,3,11,4,Theory,48,4.57
Geography,2,6,12,3,Conceptual,70,2.64
Economics,4,5,4,3,Practical,44,12.36
Math,2,8,3,3,Conceptual,48,7.3
Geography,3,6,12,1,Practical,45,4.05
Geography,1,8,11,5,Conceptual,92,1.47
Economics,2,8,6,5,Conceptual,72,5.34
Programming,1,4,4,4,Conceptual,73,3.7
Geography,4,2,7,3,Theory,72,3.64
AI,4,6,3,3,Conceptual,85,10.32
Statistics,1,1,4,2,Practical,85,2.4
History,1,6,15,3,Conceptual,52,2.78
Programming,4,7,15,3,Practical,58,4.92
Geography,1,2,1,2,Conceptual,51,7.15
Machine Learning,4,1,2,3,Theory,74,10.43
Chemistry,1,3,10,3,Practical,58,3.42
Chemistry,2,1,15,3,Conceptual,47,3.5
Programming,5,5,14,1,Conceptual,50,3.26
Math,4,6,10,2,Theory,62,2.5
Geography,4,6,1,4,Practical,52,50.88
Physics,2,4,5,3,Practical,62,5.88
Machine Learning,3,6,10,2,Practical,53,4.62
Chemistry,2,7,7,5,Conceptual,58,5.44
Machine Learning,5,8,11,2,Conceptual,81,3.09
Programming,3,6,8,1,Practical,69,2.98
Math,3,8,14,5,Theory,43,3.54
Physics,5,6,13,3,Conceptual,59,4.74
Physics,1,7,10,3,Theory,59,1.79
Chemistry,5,7,5,2,Conceptual,49,7.25
Statistics,5,4,1,3,Conceptual,70,37.44
Biology,5,7,1,1,Theory,64,9.15
History,1,7,11,1,Conceptual,58,2.23
Programming,2,2,1,4,Practical,46,27.24
English,2,2,14,2,Practical,78,2.18
Chemistry,1,2,6,4,Theory,43,2.89
Computer Science,5,3,3,1,Conceptual,76,5.15
Economics,4,8,11,1,Theory,85,1.06
Programming,5,1,10,4,Theory,45,4.96
Computer Science,5,1,15,1,Theory,66,1.62
History,4,5,3,2,Theory,45,6.03
Machine Learning,3,8,10,5,Theory,90,2.72
English,1,4,7,3,Theory,73,1.55
Computer Science,5,3,12,2,Practical,52,5.38
History,5,6,8,2,Theory,70,2.96
History,2,7,11,5,Practical,92,3.21
Geography,5,4,13,2,Practical,72,3.99
Economics,4,5,4,2,Practical,73,7.62
Economics,1,1,14,1,Practical,53,3.03
English,3,1,13,3,Theory,86,1.56
Chemistry,5,2,9,3,Conceptual,88,4.58
Statistics,3,8,8,4,Theory,72,3.3
AI,1,8,3,4,Practical,55,6.7
Statistics,5,3,4,3,Practical,61,13.59
Programming,5,1,7,4,Conceptual,59,8.83
AI,5,6,7,5,Theory,92,5.97
Geography,2,3,5,2,Conceptual,63,3.7
Statistics,2,3,13,3,Practical,49,4.44
Geography,3,6,2,4,Theory,89,9.95
Machine Learning,2,1,11,1,Practical,44,3.91
Biology,4,7,1,2,Practical,74,25.56
Programming,4,2,12,2,Practical,53,4.82
Physics,4,3,4,5,Theory,94,8.19
Biology,5,4,9,2,Theory,93,2.0
Physics,1,7,15,2,Theory,56,1.62
Statistics,4,5,13,1,Practical,95,1.22
Machine Learning,3,6,12,4,Conceptual,61,4.27
Programming,2,5,14,1,Theory,44,2.02
Statistics,3,5,14,5,Practical,54,5.97
Economics,5,4,15,2,Theory,92,1.32
Chemistry,3,8,2,1,Conceptual,81,4.51
Machine Learning,4,8,11,5,Practical,74,7.01
Machine Learning,5,2,6,3,Theory,88,4.38
Programming,2,6,13,2,Theory,61,1.74
Computer Science,2,2,4,4,Practical,76,7.44
Machine Learning,3,7,7,2,Practical,78,3.89
Math,5,2,13,2,Conceptual,45,4.49
English,5,8,6,2,Practical,63,7.22
Machine Learning,1,5,9,5,Practical,74,3.23
Machine Learning,3,1,5,1,Theory,67,2.02
Machine Learning,1,5,13,3,Conceptual,74,1.8
Machine Learning,1,7,10,2,Theory,73,1.18
AI,4,6,4,2,Theory,47,4.9
AI,3,2,2,2,Practical,88,9.72
Geography,4,4,8,1,Conceptual,55,3.36
AI,3,3,15,3,Conceptual,49,3.89
AI,5,7,4,4,Conceptual,63,13.78
Chemistry,5,7,15,1,Practical,74,2.56
AI,3,8,7,2,Theory,87,1.79
Statistics,3,7,10,3,Theory,80,2.08
Computer Science,1,8,9,2,Practical,64,2.83
Machine Learning,2,3,9,4,Conceptual,56,4.25
Chemistry,4,1,10,3,Practical,59,6.06
Biology,4,7,13,5,Theory,46,4.19
History,2,2,9,5,Conceptual,53,4.92
History,1,3,7,5,Practical,84,3.1
Computer Science,5,3,8,5,Conceptual,85,8.22
History,5,8,9,4,Practical,78,7.99
Machine Learning,2,4,12,4,Conceptual,86,2.27
Geography,4,5,12,5,Conceptual,71,5.39
AI,4,6,13,5,Theory,64,3.61
History,5,5,12,2,Conceptual,94,2.29
AI,2,3,2,2,Conceptual,92,5.18
Programming,1,7,3,5,Practical,60,7.4
Math,4,7,11,3,Theory,47,3.44
Statistics,2,7,1,2,Conceptual,82,10.46
Economics,3,2,1,3,Conceptual,79,22.61
Physics,2,1,10,5,Practical,86,3.84
Math,1,5,12,2,Conceptual,79,1.41
Computer Science,3,1,13,4,Practical,93,3.19
Machine Learning,4,3,12,1,Conceptual,93,1.14
Chemistry,2,2,13,1,Practical,54,3.22
Computer Science,3,1,10,1,Practical,48,4.02
Geography,3,3,9,3,Practical,92,3.48
Programming,2,7,13,4,Conceptual,81,2.39
Chemistry,4,5,9,2,Practical,50,5.67
Geography,1,7,4,3,Theory,75,2.0
Geography,4,2,12,4,Theory,53,3.64
Computer Science,3,4,1,4,Practical,86,36.84
Programming,5,6,7,4,Practical,52,11.45
Geography,2,1,9,4,Theory,49,3.05
Physics,5,1,4,1,Theory,75,2.8
Statistics,4,4,10,2,Theory,44,3.07
Programming,3,1,11,5,Theory,69,3.17
Math,1,8,6,2,Theory,86,0.98
Machine Learning,2,6,13,5,Practical,95,2.61
Physics,3,8,1,2,Conceptual,42,17.18
Economics,4,2,7,4,Theory,52,5.19
Physics,5,7,8,5,Practical,78,10.7
English,1,7,3,1,Practical,86,1.84
Computer Science,3,1,5,4,Practical,88,7.92
Chemistry,2,3,8,2,Conceptual,46,3.79
Economics,1,1,15,1,Theory,89,0.46
Statistics,1,3,1,4,Conceptual,55,11.76
Geography,2,5,1,2,Practical,80,13.2
Computer Science,2,8,9,4,Theory,84,1.93
Machine Learning,2,3,4,2,Practical,55,5.7
Biology,1,1,2,2,Conceptual,54,4.61
Programming,5,1,7,1,Conceptual,43,4.45
Computer Science,1,4,13,3,Practical,92,1.17
Computer Science,5,3,11,5,Theory,40,5.56
Physics,3,3,13,1,Practical,91,1.23
History,3,8,4,4,Practical,88,9.72
Geography,5,5,7,1,Theory,85,1.62
Machine Learning,5,2,14,3,Theory,89,2.07
Geography,5,1,8,2,Conceptual,92,3.38
Physics,1,6,6,4,Theory,77,1.8
Computer Science,4,6,6,5,Practical,61,12.34
Statistics,1,6,12,4,Practical,44,4.36
Geography,1,5,11,3,Practical,77,2.2
Physics,4,8,5,3,Theory,74,4.67
Programming,4,4,6,5,Theory,52,6.87
Programming,2,7,6,2,Practical,66,4.04
Computer Science,5,8,2,3,Theory,90,12.32
Biology,4,3,15,1,Conceptual,80,1.6
English,2,3,3,3,Practical,64,8.16
Computer Science,3,5,11,3,Theory,65,2.43
AI,5,5,8,3,Practical,80,6.82
English,5,3,10,2,Theory,82,2.18
History,2,2,14,4,Theory,50,2.51
AI,2,2,6,1,Conceptual,71,2.19
Machine Learning,3,4,11,1,Practical,90,1.42
Geography,2,5,7,4,Practical,79,4.69
Math,5,8,14,1,Theory,74,1.4
Physics,5,2,7,4,Theory,85,5.05
History,3,4,11,3,Conceptual,59,3.93
Programming,1,3,13,1,Theory,42,1.98
English,2,5,12,4,Conceptual,77,2.7
Machine Learning,3,5,14,1,Practical,74,2.2
Statistics,5,8,2,2,Practical,44,18.36
History,3,2,14,5,Conceptual,67,4.16
Chemistry,2,2,9,3,Theory,74,1.9
Biology,3,8,2,5,Practical,48,25.62
Geography,2,3,7,2,Theory,78,1.62
Programming,2,7,7,1,Practical,80,2.06
English,4,1,12,3,Practical,65,5.1
History,2,8,3,1,Practical,77,3.38
Statistics,3,2,13,4,Practical,83,3.79
Machine Learning,5,1,13,5,Conceptual,52,6.92
Economics,3,7,9,3,Practical,72,4.68
English,2,4,9,2,Theory,92,0.97
History,2,2,11,3,Practical,58,4.16
Math,3,2,11,1,Practical,87,1.6
Chemistry,3,3,14,3,Practical,51,4.87
Economics,4,1,13,2,Theory,84,1.5
Machine Learning,5,1,2,4,Theory,69,16.99
History,1,5,4,1,Practical,91,1.29
Computer Science,1,5,14,5,Practical,94,1.43
History,4,5,11,4,Theory,49,3.96
Biology,5,8,10,4,Practical,88,6.72
Computer Science,5,8,14,1,Practical,61,3.41
Physics,3,1,4,5,Theory,94,6.19
Physics,5,8,8,1,Conceptual,41,4.33
Math,2,5,14,1,Conceptual,64,2.07
History,2,8,5,2,Conceptual,79,2.93
Geography,2,6,5,4,Practical,57,7.38
Computer Science,4,1,14,4,Conceptual,94,3.03
Programming,1,3,15,1,Practical,77,1.58
Statistics,4,2,9,5,Conceptual,41,8.17
Machine Learning,1,5,14,1,Conceptual,54,2.38
Statistics,5,5,2,2,Practical,85,15.9
Economics,2,7,9,4,Theory,57,2.8
Statistics,4,5,2,2,Practical,40,15.6
Programming,1,5,1,5,Conceptual,68,13.54
Computer Science,4,6,6,1,Conceptual,54,3.81
Statistics,5,8,5,1,Practical,55,5.7
Physics,3,7,3,3,Conceptual,40,10.08
English,3,5,14,1,Practical,89,1.3
English,3,7,12,1,Practical,56,3.39
Math,4,3,2,4,Theory,45,14.56
Programming,4,4,8,4,Practical,94,6.36
Geography,4,3,4,5,Practical,95,15.3
English,1,7,4,5,Conceptual,64,4.73
Computer Science,5,3,12,5,Conceptual,62,6.82
Math,2,5,1,3,Conceptual,78,15.46
Programming,1,3,5,4,Practical,81,3.54
AI,2,5,11,5,Practical,54,5.49
Machine Learning,1,4,5,5,Conceptual,86,3.07
Geography,4,3,4,5,Conceptual,60,13.92
Chemistry,1,4,14,5,Conceptual,51,3.21
AI,3,3,14,4,Theory,64,2.52
Statistics,5,8,12,1,Theory,58,2.01
Biology,2,2,9,3,Practical,94,2.36
Geography,2,4,2,1,Practical,42,6.48
English,3,7,10,4,Practical,44,6.96
Computer Science,3,3,10,4,Conceptual,85,3.6
Computer Science,3,8,2,2,Theory,60,6.08
English,5,5,4,2,Practical,77,8.88
Economics,1,6,7,3,Theory,55,2.13
Physics,4,3,10,4,Theory,48,4.22
Chemistry,1,1,12,2,Theory,83,0.81
AI,5,4,4,2,Practical,71,9.24
Programming,5,8,2,3,Theory,88,12.38
Statistics,3,6,12,3,Conceptual,77,2.9
Machine Learning,5,2,3,2,Conceptual,53,10.26
Machine Learning,3,1,2,4,Conceptual,78,15.46
AI,3,4,2,4,Practical,47,21.18
Machine Learning,2,6,15,3,Theory,75,1.44
Statistics,4,2,1,2,Practical,41,27.54
Programming,3,5,14,2,Conceptual,81,1.94
Physics,3,5,5,3,Conceptual,46,6.91
Chemistry,4,1,5,2,Theory,85,3.04
Programming,1,8,9,4,Theory,42,2.57
Math,1,8,11,2,Conceptual,83,1.25
Physics,4,7,5,4,Practical,81,10.74
AI,1,3,10,4,Theory,84,1.15
English,3,8,15,5,Practical,78,4.32
History,3,3,6,4,Practical,76,7.44
English,3,8,13,2,Conceptual,81,2.02
Biology,3,2,13,1,Conceptual,72,1.9
Physics,5,6,15,1,Theory,79,1.21
English,1,6,9,1,Conceptual,49,2.71
Economics,5,1,9,4,Conceptual,41,8.17
Biology,2,5,5,3,Theory,41,3.81
Computer Science,5,8,14,3,Conceptual,72,3.92
History,2,7,11,5,Practical,45,6.03
Statistics,2,5,14,5,Theory,52,2.68
AI,2,5,14,4,Theory,40,2.83
Biology,4,2,10,3,Conceptual,85,3.6
Biology,5,3,4,4,Practical,63,17.22
Programming,5,8,5,2,Practical,56,8.64
Computer Science,5,1,7,5,Practical,47,13.89
AI,3,3,14,4,Theory,76,2.14
English,1,2,7,3,Conceptual,65,2.71
Computer Science,3,4,10,1,Theory,87,0.9
Statistics,4,8,7,2,Theory,76,2.6
Programming,1,1,4,4,Theory,89,1.95
AI,5,7,8,5,Theory,41,6.89
Chemistry,2,8,6,4,Practical,87,4.78
Physics,1,4,8,3,Conceptual,40,3.78
Biology,3,5,15,4,Practical,46,5.64
Chemistry,5,6,2,2,Practical,45,18.3
Economics,4,2,3,1,Theory,82,2.71
Geography,2,6,1,5,Conceptual,84,24.77
Math,3,8,5,4,Conceptual,58,7.78
Geography,2,8,14,2,Practical,91,1.4
Economics,2,3,9,5,Practical,47,6.51
Programming,5,1,9,1,Conceptual,74,2.58
Physics,2,5,9,3,Conceptual,80,2.56
Programming,1,6,13,3,Theory,73,1.23
Machine Learning,2,5,14,5,Practical,54,4.9
Computer Science,2,2,7,3,Conceptual,50,4.46
Physics,2,8,11,1,Conceptual,93,0.77
English,3,4,3,1,Theory,67,2.66
English,3,4,6,1,Practical,48,4.62
Chemistry,1,7,7,3,Theory,93,0.91
Statistics,2,4,14,2,Theory,77,1.19
English,2,4,5,1,Theory,90,0.96
Geography,5,1,9,4,Practical,92,7.15
History,1,4,7,3,Theory,80,1.33
Economics,4,3,13,2,Theory,73,1.85
Math,4,6,12,1,Conceptual,45,3.44
History,1,1,6,5,Theory,45,3.09
Geography,5,5,5,2,Practical,63,8.22
Statistics,3,7,6,1,Practical,65,3.6
English,2,8,6,3,Practical,54,5.76
Math,1,6,15,3,Practical,58,3.12
English,2,6,2,3,Conceptual,79,8.21
Statistics,4,1,8,1,Theory,76,1.57
Machine Learning,2,1,6,1,Practical,61,3.34
Economics,1,7,11,3,Theory,67,1.49
Math,2,5,8,5,Conceptual,72,4.34
Geography,2,6,5,4,Conceptual,69,5.33
Geography,5,5,12,5,Practical,47,9.43
Physics,1,7,2,4,Conceptual,71,6.19
Physics,3,2,10,2,Theory,79,1.63
Chemistry,4,5,15,3,Theory,94,1.47
Physics,5,7,9,5,Theory,74,5.28
AI,3,5,3,2,Theory,75,4.0
Computer Science,2,2,6,2,Theory,95,1.23
Machine Learning,1,5,13,2,Theory,84,0.76
Biology,3,2,14,3,Conceptual,45,4.18
Physics,5,6,12,3,Theory,77,2.74
Computer Science,2,5,7,2,Conceptual,65,3.05
Economics,3,2,11,2,Theory,87,1.29
Statistics,4,3,4,4,Practical,67,13.98
Chemistry,4,1,5,1,Theory,86,1.73
English,3,3,4,5,Practical,83,12.27
Biology,4,8,10,3,Theory,79,2.59
Biology,5,3,13,1,Theory,50,2.22
AI,2,7,5,5,Practical,81,7.14
Statistics,4,5,15,3,Theory,62,2.5
Geography,5,6,9,4,Practical,70,8.47
Statistics,5,5,7,2,Conceptual,57,5.49
Physics,5,5,1,5,Conceptual,51,62.35
Economics,2,4,2,3,Practical,53,11.82
Geography,3,1,14,4,Theory,68,2.4
Economics,5,4,5,2,Theory,93,3.42
Computer Science,3,3,4,1,Theory,68,2.22
AI,2,5,7,3,Conceptual,94,2.35
Economics,4,6,14,3,Practical,67,4.55
Chemistry,1,2,7,1,Theory,68,1.25
Physics,5,5,6,5,Practical,52,15.38
Statistics,5,6,4,1,Conceptual,46,5.59
Biology,2,3,7,3,Conceptual,43,4.79
Physics,3,2,9,3,Theory,59,2.91
Machine Learning,5,5,14,2,Theory,43,2.97
Geography,5,3,9,2,Theory,83,2.32
Geography,5,4,5,2,Conceptual,75,6.0
Math,5,5,3,2,Practical,68,11.92
AI,4,1,12,5,Practical,90,5.6
Economics,5,1,7,4,Theory,74,5.4
English,4,5,15,2,Theory,93,1.08
Physics,3,8,11,2,Conceptual,52,3.61
Math,4,1,10,4,Theory,95,2.72
Physics,2,6,15,4,Conceptual,95,1.52
Geography,5,7,1,5,Practical,66,77.04
Biology,2,2,5,3,Theory,93,2.14
Chemistry,1,8,1,1,Practical,43,6.42
Math,1,8,10,5,Practical,43,4.92
Physics,2,2,11,2,Theory,62,1.8
English,2,2,11,1,Conceptual,58,2.45
Computer Science,4,2,3,3,Practical,76,13.44
AI,1,2,13,1,Practical,80,1.43
AI,3,7,11,2,Conceptual,74,2.56
Chemistry,2,4,11,1,Theory,40,2.21
Biology,2,5,13,3,Conceptual,47,3.65
Chemistry,5,7,14,3,Practical,90,3.81
Economics,3,4,3,3,Theory,51,6.37
History,3,8,8,5,Practical,92,6.11
Chemistry,3,2,10,4,Theory,47,3.62
Programming,3,5,2,5,Practical,43,25.92
Geography,4,7,1,2,Theory,58,14.14
Programming,3,1,3,3,Theory,59,6.11
AI,2,2,12,3,Theory,64,1.95
AI,5,3,9,2,Practical,88,4.05
English,2,3,14,5,Theory,59,2.45
Economics,1,5,2,1,Practical,63,3.72
Statistics,4,4,15,3,Practical,56,5.04
Computer Science,4,8,8,5,Practical,86,8.34
Biology,2,7,6,1,Theory,51,2.1
Economics,4,1,15,2,Conceptual,50,3.68
History,4,4,14,5,Practical,63,6.51
Machine Learning,1,3,7,5,Conceptual,44,4.4
Economics,3,1,3,5,Theory,42,9.86
Biology,4,5,10,1,Conceptual,41,3.79
Machine Learning,4,6,10,1,Practical,82,2.28
Statistics,2,5,10,4,Conceptual,58,3.94
Physics,5,5,10,1,Practical,93,1.92
Physics,4,5,13,1,Conceptual,75,1.94
Statistics,5,6,4,1,Conceptual,58,5.02
Machine Learning,2,3,15,3,Conceptual,83,1.78
Programming,2,7,11,4,Theory,48,2.83
Math,1,1,6,4,Practical,90,2.6
Chemistry,1,7,6,3,Conceptual,81,2.11
Economics,4,2,3,5,Theory,68,11.69
Chemistry,2,1,6,2,Theory,43,2.89
Geography,1,8,5,1,Practical,66,2.64
Math,2,6,1,2,Conceptual,73,10.9
Physics,3,6,12,2,Theory,50,2.4
Economics,5,2,2,5,Practical,56,40.14
Geography,1,6,8,2,Conceptual,77,1.7
Economics,2,3,8,4,Conceptual,83,3.22
Biology,3,1,2,2,Conceptual,95,7.44
Economics,4,3,1,5,Practical,61,62.34
Chemistry,3,2,12,3,Practical,89,2.91
Programming,5,1,15,2,Theory,57,2.44
AI,5,5,11,5,Conceptual,58,7.47
History,4,6,5,4,Practical,47,12.78
Biology,1,7,10,2,Conceptual,63,2.26
Machine Learning,3,5,4,3,Conceptual,56,7.51
English,3,4,2,1,Theory,82,2.98
Biology,1,8,5,3,Theory,69,1.95
Programming,1,6,2,4,Practical,53,8.82
Physics,2,3,14,4,Conceptual,80,2.33
AI,5,2,10,5,Conceptual,94,6.29
AI,5,3,6,5,Practical,80,13.7
Programming,2,6,14,4,Conceptual,83,2.19
AI,2,1,8,4,Conceptual,49,4.85
Physics,2,2,2,3,Practical,77,10.38
Statistics,5,8,1,3,Practical,87,45.78
Chemistry,3,1,12,5,Theory,54,3.47
Economics,1,4,7,4,Theory,49,2.55
Physics,5,2,12,5,Theory,88,3.72
Chemistry,2,7,1,4,Theory,68,13.82
Physics,5,7,7,1,Practical,56,4.78
Physics,4,2,6,4,Conceptual,83,7.22
Programming,2,3,4,4,Practical,93,6.42
Programming,3,4,13,5,Theory,73,2.71
Programming,4,2,2,1,Theory,47,4.9
Computer Science,3,7,4,2,Conceptual,47,6.14
Biology,1,4,4,4,Theory,61,2.85
AI,5,6,3,3,Theory,90,8.32
AI,5,3,13,2,Theory,54,2.7
Physics,2,4,3,4,Theory,84,4.78
English,4,6,4,2,Conceptual,45,7.44
AI,2,3,13,2,Practical,69,2.78
AI,3,1,13,2,Practical,76,2.82
English,4,6,10,1,Conceptual,78,2.02
English,1,1,6,3,Theory,83,1.34
Physics,5,8,15,4,Conceptual,95,3.44
Statistics,2,7,14,3,Theory,87,1.1
History,1,7,9,3,Practical,70,2.8
Programming,2,2,5,4,Practical,64,6.96
Physics,5,8,12,1,Conceptual,47,3.54
Physics,4,7,9,4,Conceptual,55,6.43
Math,1,3,1,1,Practical,68,4.92
Biology,5,2,2,5,Practical,54,40.26
History,4,8,11,4,Conceptual,91,3.92
AI,2,4,14,5,Theory,82,1.72
Economics,2,1,3,1,Theory,76,1.83
English,2,4,1,2,Practical,75,13.5
Geography,3,1,11,1,Conceptual,70,2.09
Biology,3,3,7,5,Theory,44,5.22
Machine Learning,3,4,7,1,Practical,92,1.77
Programming,5,7,14,3,Conceptual,44,5.26
Math,3,6,15,1,Theory,50,1.92
Statistics,2,5,9,2,Practical,73,2.95
Math,5,3,14,4,Theory,77,3.02
Economics,5,4,12,5,Conceptual,92,5.38
Biology,4,2,3,5,Practical,93,20.42
Programming,5,2,2,3,Practical,60,24.9
Biology,3,8,1,1,Conceptual,82,8.06
AI,4,5,4,3,Practical,79,10.26
Computer Science,1,5,6,2,Theory,45,2.29
AI,3,5,3,1,Theory,87,2.02
Chemistry,1,2,2,2,Practical,57,5.58
Biology,1,1,14,4,Theory,84,0.97
Computer Science,2,4,15,4,Conceptual,89,1.81
Machine Learning,1,5,13,2,Practical,44,3.82
Machine Learning,1,8,13,2,Conceptual,71,1.76
Statistics,4,4,11,4,Practical,82,5.44
Programming,1,1,10,3,Practical,49,3.96
Chemistry,5,4,9,4,Practical,41,10.21
Economics,5,1,6,4,Practical,68,11.92
Machine Learning,1,4,13,1,Theory,81,0.73
Programming,2,6,7,1,Theory,43,2.28
Math,4,2,8,4,Theory,64,4.35
Machine Learning,2,5,2,3,Practical,41,12.54
AI,2,4,9,1,Conceptual,52,2.84
Biology,2,1,1,4,Theory,87,13.22
Chemistry,2,1,15,4,Conceptual,68,2.82
AI,1,1,11,2,Conceptual,70,1.88
Programming,3,8,3,2,Conceptual,91,5.23
English,3,1,14,1,Theory,49,1.97
English,2,6,7,2,Conceptual,94,1.66
Biology,2,5,8,1,Conceptual,58,2.62
Math,3,4,1,4,Conceptual,91,29.23
AI,3,7,2,3,Theory,68,8.22
Geography,1,1,7,1,Practical,93,0.85
Programming,5,4,1,3,Conceptual,56,38.11
AI,3,4,3,4,Practical,73,13.62
Geography,4,7,12,3,Conceptual,41,5.23
History,2,4,4,4,Theory,57,4.58
Biology,5,5,15,2,Conceptual,64,3.33
Computer Science,5,3,1,3,Practical,65,47.1
Chemistry,4,3,2,3,Conceptual,64,16.13
Physics,4,4,2,3,Conceptual,91,14.83
Statistics,4,4,12,2,Conceptual,63,3.38
Physics,4,8,11,1,Theory,74,1.41
Geography,1,1,6,1,Conceptual,84,1.17
Economics,2,8,11,1,Conceptual,60,2.36
Programming,1,6,2,3,Conceptual,46,6.19
Physics,2,2,15,2,Theory,52,1.96
Machine Learning,5,1,9,2,Practical,73,4.95
AI,2,3,8,2,Theory,87,1.22
History,2,4,15,2,Theory,80,1.07
Physics,2,2,11,2,Practical,49,4.15
AI,2,4,8,4,Theory,53,3.1
History,1,7,4,5,Theory,69,2.99
Statistics,4,4,1,2,Conceptual,81,20.11
Statistics,3,8,2,4,Theory,83,10.14
Computer Science,2,1,7,1,Practical,61,3.2
Math,5,8,12,2,Practical,74,4.06
English,4,7,3,4,Theory,94,8.73
Economics,5,1,8,3,Conceptual,69,5.99
English,4,1,7,2,Conceptual,79,3.75
Math,5,5,7,2,Theory,49,3.92
Math,4,1,11,3,Conceptual,51,4.97
Programming,3,4,4,3,Practical,42,10.23
English,1,2,10,5,Practical,89,2.16
Machine Learning,5,8,4,4,Practical,67,16.98
Math,3,4,14,3,Theory,62,2.24
History,3,5,4,2,Practical,64,6.66
Chemistry,5,6,13,2,Practical,92,2.79
Machine Learning,5,2,4,2,Practical,54,10.26
Biology,4,7,3,2,Theory,80,4.91
Economics,1,6,4,5,Conceptual,53,5.26
Chemistry,1,5,14,3,Practical,69,2.5
AI,5,6,9,2,Theory,90,2.1
History,4,6,6,4,Practical,94,8.36
Physics,4,2,7,2,Practical,60,5.83
Physics,5,8,15,2,Theory,65,2.19
History,5,1,13,1,Theory,72,1.51
English,1,2,5,3,Conceptual,66,3.07
Machine Learning,2,3,3,4,Conceptual,41,9.23
Economics,1,5,14,4,Practical,55,3.56
Biology,2,5,4,5,Practical,70,9.3
Geography,3,4,1,4,Practical,85,36.9
Economics,4,1,9,3,Conceptual,87,3.82
AI,3,6,5,2,Practical,78,4.92
Statistics,2,5,2,2,Theory,79,3.87
Math,5,3,13,4,Conceptual,88,4.27
AI,2,8,12,5,Conceptual,68,3.54
History,3,8,15,3,Practical,61,4.14
Math,5,3,12,1,Practical,94,1.61
Statistics,3,5,7,1,Practical,43,4.71
Computer Science,5,5,12,1,Theory,69,1.66
English,5,1,15,5,Theory,81,3.27
Geography,3,1,11,4,Theory,45,3.51
Math,1,5,10,3,Conceptual,95,0.96
Computer Science,4,2,9,4,Theory,84,3.36
Computer Science,1,7,9,5,Practical,83,2.69
Economics,1,4,9,3,Theory,93,0.76
Geography,3,2,3,2,Theory,94,3.39
AI,1,2,3,4,Conceptual,74,4.45
Economics,4,8,7,3,Conceptual,42,6.9
Computer Science,1,2,2,2,Practical,59,5.46
AI,4,5,6,2,Practical,77,5.38
Machine Learning,1,8,12,4,Theory,70,1.49
Math,5,8,6,2,Practical,92,5.48
AI,3,2,13,3,Conceptual,65,3.34
AI,1,1,3,4,Theory,46,3.86
AI,4,5,7,2,Conceptual,54,4.95
Chemistry,5,1,6,1,Theory,72,2.23
Economics,2,3,11,4,Practical,85,3.08
Physics,3,2,8,2,Theory,40,3.12
AI,1,5,15,4,Conceptual,75,1.84
History,4,1,12,2,Practical,87,2.78
History,3,3,14,1,Theory,45,2.1
Statistics,4,5,13,5,Practical,85,5.52
Statistics,3,4,15,5,Conceptual,62,4.22
Economics,5,3,14,5,Conceptual,86,4.96
Physics,1,6,14,2,Practical,44,3.79
Machine Learning,4,1,11,5,Practical,58,7.97
Machine Learning,5,8,7,5,Conceptual,61,10.44
Statistics,3,5,14,1,Theory,82,0.92
AI,2,3,8,1,Practical,58,3.27
Chemistry,1,5,8,2,Practical,92,1.23
AI,2,6,13,4,Theory,49,2.62
AI,4,8,11,3,Conceptual,95,2.86
English,2,7,9,3,Theory,88,1.45
Statistics,4,2,8,5,Conceptual,70,7.44
Physics,5,5,15,5,Conceptual,49,6.45
Computer Science,1,8,13,4,Practical,77,2.3
Physics,1,5,8,1,Theory,94,0.39
Statistics,1,8,9,2,Practical,48,3.79
Statistics,4,5,9,2,Theory,60,2.7
Biology,1,6,14,1,Conceptual,41,3.0
AI,2,5,9,3,Practical,52,4.88
Math,2,2,6,1,Practical,66,3.04
Economics,3,5,9,1,Conceptual,54,3.01
Biology,4,6,13,3,Theory,59,2.79
Programming,2,5,10,1,Practical,77,1.98
English,3,3,11,5,Theory,52,3.72
Biology,3,6,12,1,Conceptual,44,3.29
Physics,5,3,1,1,Conceptual,75,13.2
Programming,4,8,12,5,Conceptual,69,5.49
Geography,4,3,3,3,Practical,55,14.7
Machine Learning,5,5,6,3,Conceptual,49,8.45
Programming,5,6,8,5,Theory,44,6.79
Geography,3,4,1,3,Practical,77,28.38
English,2,1,5,4,Conceptual,87,4.46
Math,1,8,7,5,Theory,64,2.29
Physics,4,2,2,2,Theory,57,7.78
AI,5,4,12,2,Practical,74,4.06
Computer Science,5,3,10,3,Conceptual,44,6.29
Physics,1,1,8,1,Conceptual,79,1.31
Economics,2,3,11,4,Theory,54,2.64
Math,1,1,15,5,Conceptual,40,3.68
AI,2,8,8,5,Theory,78,2.7
History,3,3,3,2,Conceptual,57,6.86
Programming,2,1,4,2,Theory,74,2.43
Biology,5,1,14,1,Theory,63,1.76
Machine Learning,4,5,5,4,Practical,75,11.1
Geography,2,5,11,3,Practical,40,5.24
Chemistry,5,8,10,1,Conceptual,95,1.44
Economics,4,7,6,5,Theory,73,6.2
Chemistry,3,7,8,4,Practical,82,5.58
Statistics,2,4,12,5,Theory,66,2.42
Programming,4,6,10,4,Theory,59,3.87
Math,5,8,4,5,Practical,46,21.99
Physics,1,2,4,2,Practical,89,2.16
Computer Science,3,3,1,5,Theory,87,24.42
Programming,5,4,4,5,Practical,95,19.05
Geography,2,6,3,5,Theory,84,5.85
Physics,2,1,12,1,Conceptual,72,1.74
Statistics,5,8,4,3,Practical,71,12.99
Machine Learning,5,4,12,4,Conceptual,49,6.45
Machine Learning,4,1,13,5,Practical,86,5.46
History,4,7,3,2,Theory,77,5.0
Statistics,1,6,6,4,Theory,83,1.61
Statistics,3,7,13,5,Practical,52,6.34
Statistics,5,7,15,3,Practical,46,6.24
Machine Learning,5,7,10,4,Theory,78,3.9
History,4,2,2,3,Theory,84,10.11
Physics,4,5,15,5,Theory,88,2.52
Physics,2,2,4,1,Conceptual,57,3.26
Biology,3,8,9,1,Conceptual,93,1.14
Programming,5,8,14,5,Conceptual,68,5.82
Economics,3,6,12,5,Practical,81,4.89
Physics,4,5,8,1,Conceptual,64,2.93
Biology,1,2,8,2,Practical,81,1.89
Physics,5,7,9,3,Theory,64,3.82
Computer Science,3,3,3,3,Theory,41,6.69
Chemistry,2,3,9,2,Conceptual,48,3.56
Physics,5,6,8,4,Theory,52,5.54
History,2,3,12,3,Conceptual,63,2.98
History,2,2,14,5,Conceptual,42,4.5
Biology,1,2,10,4,Practical,58,3.72
Machine Learning,3,2,2,1,Practical,45,7.8
Machine Learning,1,8,11,3,Practical,50,3.82
Computer Science,2,1,15,3,Conceptual,46,3.55
Machine Learning,4,2,9,2,Practical,53,5.49
Programming,4,1,1,1,Conceptual,56,11.71
Math,2,7,5,1,Conceptual,64,2.69
Statistics,5,7,4,4,Theory,75,8.8
Statistics,4,6,8,5,Practical,80,8.7
AI,5,4,6,1,Practical,80,3.7
English,5,7,6,3,Conceptual,78,7.06
Computer Science,1,8,3,2,Conceptual,71,2.99
Economics,5,6,4,1,Conceptual,77,4.1
AI,1,7,8,5,Conceptual,47,4.04
Geography,1,3,5,3,Conceptual,92,1.82
Computer Science,1,8,14,3,Practical,60,3.04
AI,1,2,6,4,Theory,63,2.25
Economics,5,2,9,3,Theory,84,3.18
Math,3,1,14,2,Practical,59,3.75
English,5,7,1,4,Conceptual,71,49.39
Programming,1,8,1,3,Theory,62,6.02
Geography,4,4,4,5,Conceptual,86,12.67
Statistics,4,4,8,4,Theory,81,3.81
Math,5,7,4,2,Practical,57,10.08
Physics,1,3,2,5,Theory,46,5.73
Math,4,8,1,2,Theory,64,13.95
Programming,5,6,6,2,Practical,91,5.54
AI,5,2,12,1,Conceptual,46,3.59
AI,1,7,4,3,Conceptual,58,3.82
Statistics,1,8,6,2,Practical,70,2.8
Economics,4,7,1,2,Conceptual,83,20.02
AI,5,4,6,5,Practical,75,14.0
Chemistry,1,3,10,3,Conceptual,82,1.58
History,3,5,4,5,Practical,60,13.65
Statistics,3,1,5,2,Theory,66,3.01
Computer Science,4,4,11,3,Practical,45,6.57
Statistics,1,6,3,1,Theory,74,1.37
AI,4,7,6,3,Theory,87,3.62
Machine Learning,1,1,5,4,Practical,53,5.22
Economics,2,8,7,4,Theory,52,3.36
Programming,3,2,9,5,Conceptual,56,6.11
English,3,3,10,1,Conceptual,87,1.34
Chemistry,1,7,5,3,Practical,50,4.8
Geography,3,4,14,5,Practical,54,5.97
Programming,4,1,7,5,Theory,52,6.11
Physics,5,2,13,2,Theory,75,2.03
Machine Learning,4,2,12,1,Conceptual,48,3.3
Geography,4,2,15,2,Theory,67,1.91
Economics,4,5,4,3,Practical,49,12.06
Physics,5,7,4,3,Theory,57,7.38
Biology,3,8,1,3,Practical,94,27.36
Geography,4,1,10,2,Theory,57,2.66
Physics,4,4,7,2,Conceptual,89,3.27
Machine Learning,3,6,12,2,Theory,80,1.44
Machine Learning,1,6,4,2,Practical,86,2.34
Geography,4,2,7,2,Theory,43,3.65
Programming,4,8,4,5,Theory,48,9.66
Chemistry,4,4,6,3,Theory,64,4.35
Machine Learning,3,7,7,1,Conceptual,92,1.41
Math,5,2,7,5,Theory,45,7.47
Computer Science,1,5,9,1,Conceptual,86,0.94
Statistics,1,2,7,4,Practical,90,2.31
Math,3,5,10,3,Theory,80,2.08
Statistics,5,5,2,2,Conceptual,94,12.29
Economics,3,1,4,5,Conceptual,88,9.58
Computer Science,3,6,11,1,Conceptual,40,3.53
Computer Science,2,8,6,4,Practical,51,6.94
Programming,2,5,11,3,Conceptual,86,1.98
Programming,5,3,11,4,Practical,91,5.99
Math,3,6,7,1,Theory,78,1.39
Machine Learning,2,6,5,4,Theory,46,4.29
English,4,5,4,2,Conceptual,92,5.18
Chemistry,3,8,1,1,Practical,68,10.92
English,2,5,1,2,Conceptual,40,12.48
Programming,2,8,9,1,Conceptual,80,1.49
Chemistry,3,8,8,2,Conceptual,71,3.19
AI,4,8,14,5,Conceptual,43,6.16
Math,5,5,10,3,Practical,89,5.16
Computer Science,1,4,6,1,Theory,79,0.94
Computer Science,5,3,15,1,Practical,43,4.42
Chemistry,2,3,7,2,Practical,52,4.59
Programming,4,6,14,5,Conceptual,57,5.49
Programming,3,1,1,1,Theory,43,6.62
Math,1,3,2,5,Conceptual,70,7.44
Chemistry,5,4,13,4,Theory,40,4.38
Geography,3,6,12,1,Theory,67,1.46
Physics,3,5,4,4,Practical,87,9.78
Math,3,5,13,1,Practical,56,3.33
English,1,7,14,1,Practical,50,3.21
Chemistry,1,2,10,1,Theory,89,0.51
Biology,5,8,2,3,Conceptual,43,20.74
Statistics,1,1,5,1,Conceptual,68,2.02
AI,3,4,10,1,Practical,91,1.44
AI,3,7,2,1,Practical,89,5.16
English,4,8,3,3,Practical,69,13.86
AI,2,1,5,2,Conceptual,46,4.51
Programming,1,4,15,5,Conceptual,56,2.91
AI,3,3,3,4,Conceptual,94,9.89
AI,1,7,5,1,Conceptual,73,1.78
Statistics,3,3,10,2,Practical,83,2.82
Computer Science,1,7,15,5,Theory,42,2.39
Math,4,1,3,4,Practical,60,18.4
Math,1,2,13,4,Theory,44,2.28
English,5,6,4,2,Theory,70,4.96
Math,2,1,15,1,Theory,93,0.44
Physics,1,6,11,3,Theory,63,1.62
Machine Learning,1,4,4,5,Practical,56,6.39
History,2,6,3,4,Conceptual,77,7.5
History,1,8,1,1,Conceptual,69,3.89
Physics,2,5,5,4,Practical,53,7.62
Chemistry,5,4,5,4,Theory,71,7.33
Biology,4,2,15,3,Practical,67,4.38
Math,2,2,6,2,Theory,59,2.38
Programming,5,2,1,3,Theory,87,24.42
Machine Learning,1,7,1,5,Theory,63,9.18
English,5,6,12,3,Conceptual,82,3.86
Geography,1,3,6,1,Theory,86,0.71
Math,2,5,6,1,Theory,50,2.13
History,3,7,5,3,Conceptual,78,5.38
Math,3,1,4,5,Practical,61,13.59
Machine Learning,2,8,6,1,Practical,94,1.36
Machine Learning,2,5,9,3,Practical,67,3.98
Computer Science,5,4,14,4,Theory,90,2.61
History,2,6,8,3,Conceptual,89,2.33
Geography,3,2,12,2,Practical,72,3.18
Machine Learning,2,8,15,2,Theory,47,2.12
Machine Learning,4,5,11,3,Practical,70,5.07
Machine Learning,3,4,15,5,Conceptual,79,3.41
Machine Learning,3,7,5,1,Theory,92,1.22
Math,2,8,12,1,Practical,72,2.18
Computer Science,5,2,2,5,Practical,56,40.14
Machine Learning,5,2,1,4,Practical,54,62.76
Biology,3,6,14,1,Practical,43,4.06
Biology,2,4,10,5,Theory,94,1.79
Chemistry,1,3,7,3,Theory,51,2.25
Geography,4,4,15,3,Practical,51,5.34
Physics,3,7,12,4,Theory,73,2.46
Computer Science,2,3,10,4,Conceptual,41,4.75
English,1,5,9,1,Theory,87,0.59
Math,4,4,5,4,Conceptual,44,10.37
Chemistry,2,7,15,4,Practical,70,3.4
History,4,8,2,5,Conceptual,54,26.21
Computer Science,2,1,6,4,Conceptual,86,3.87
English,3,7,5,2,Theory,78,2.62
Geography,2,7,5,4,Practical,41,8.34
Chemistry,3,2,12,1,Conceptual,62,2.42
AI,4,7,12,1,Conceptual,91,1.23
AI,2,7,3,2,Practical,52,6.88
Math,5,1,2,3,Theory,86,12.45
Machine Learning,1,5,14,4,Conceptual,88,1.26
Machine Learning,4,3,5,1,Conceptual,42,4.7
English,1,5,8,1,Practical,66,2.42
Geography,2,1,4,4,Practical,89,6.66
Statistics,5,2,7,3,Theory,62,4.64
Economics,5,3,7,2,Practical,40,7.89
Machine Learning,3,1,15,1,Conceptual,60,2.4
AI,2,7,14,4,Conceptual,76,2.52
Economics,5,6,10,5,Theory,90,4.32
Machine Learning,3,2,8,3,Conceptual,41,5.53
Biology,4,7,3,4,Theory,59,9.85
Computer Science,5,8,8,4,Conceptual,70,7.44
Physics,5,6,5,3,Practical,44,12.36
AI,2,1,1,4,Practical,76,25.44
Physics,3,5,14,4,Practical,79,3.83
AI,1,2,4,5,Conceptual,78,4.06
Statistics,3,2,2,5,Conceptual,80,18.96
AI,4,6,10,5,Conceptual,57,6.86
Programming,5,2,9,5,Theory,42,6.3
History,1,1,5,5,Practical,63,5.22
Chemistry,5,6,9,5,Theory,53,5.95
History,2,1,3,2,Theory,57,3.51
Physics,4,4,9,5,Theory,40,5.48
Computer Science,1,5,10,3,Practical,53,3.72
Geography,1,6,13,1,Practical,54,2.99
Physics,3,2,14,5,Practical,81,4.35
Chemistry,4,6,5,5,Conceptual,85,10.32
Geography,3,5,10,5,Conceptual,43,6.34
Economics,5,4,10,3,Conceptual,42,6.38
Geography,1,1,13,1,Theory,75,0.92
Programming,1,2,11,5,Conceptual,49,3.54
AI,3,7,7,3,Practical,85,4.76
Economics,1,5,15,4,Practical,67,2.78
Math,3,4,14,3,Conceptual,54,3.75
Statistics,1,5,14,5,Conceptual,75,2.06
AI,4,8,9,2,Theory,82,2.0
Computer Science,3,4,15,4,Theory,57,2.66
Chemistry,5,3,6,4,Theory,47,7.03
English,3,5,12,3,Practical,56,4.89
Biology,3,3,6,4,Practical,49,9.06
Machine Learning,3,7,4,2,Theory,88,2.78
History,4,4,6,1,Conceptual,75,2.8
Statistics,3,7,14,5,Practical,95,3.51
AI,2,4,9,3,Practical,57,4.58
Geography,4,1,4,1,Theory,91,1.89
Machine Learning,5,2,9,1,Practical,74,3.23
Geography,3,7,5,2,Conceptual,87,3.5
Computer Science,3,2,6,4,Conceptual,94,5.09
Geography,1,6,2,5,Conceptual,70,7.44
Math,2,4,13,1,Theory,91,0.53
Economics,3,5,13,3,Practical,43,5.5
Physics,3,6,9,5,Theory,75,3.47
Math,5,4,15,2,Theory,40,2.99
Machine Learning,1,7,13,1,Conceptual,78,1.24
Geography,1,7,10,3,Practical,88,1.62
Geography,5,2,6,4,Conceptual,49,10.45
Programming,2,8,4,5,Conceptual,43,8.74
History,4,7,5,3,Practical,64,9.36
Statistics,3,8,1,5,Theory,58,25.34
Biology,1,5,13,3,Practical,88,1.41
Geography,1,1,7,1,Practical,71,2.17
History,5,1,9,3,Practical,58,7.52
Programming,5,7,15,4,Theory,89,2.49
English,1,7,13,1,Conceptual,72,1.53
Computer Science,2,5,11,5,Conceptual,47,4.73
Geography,4,8,7,4,Theory,67,4.71
Math,4,4,10,1,Practical,64,3.36
Geography,3,1,7,4,Conceptual,44,6.8
Geography,2,7,7,4,Practical,64,5.59
Machine Learning,4,4,9,5,Conceptual,81,6.25
Programming,2,1,11,4,Conceptual,84,2.51
Math,2,5,15,3,Conceptual,82,1.82
History,3,1,11,1,Practical,82,1.9
AI,2,5,11,3,Theory,86,1.32
Biology,3,2,8,2,Practical,79,3.51
Biology,2,2,6,1,Practical,69,2.86
Physics,4,2,11,1,Theory,67,1.64
Statistics,4,8,4,4,Conceptual,93,9.94
Programming,4,4,14,4,Practical,90,4.03
Biology,1,1,2,3,Conceptual,90,4.08
History,2,2,15,1,Practical,75,1.9
Computer Science,3,6,7,2,Conceptual,83,2.87
Programming,1,2,14,4,Theory,93,0.68
Biology,3,7,3,2,Practical,59,8.46
AI,5,6,9,5,Conceptual,85,7.39
Statistics,2,8,13,3,Practical,49,4.44
Computer Science,5,6,2,5,Practical,55,40.2
AI,4,3,15,2,Practical,91,2.14
Chemistry,5,3,3,1,Practical,84,5.96
Chemistry,1,5,4,2,Practical,80,2.7
History,2,7,10,2,Conceptual,51,3.31
Math,3,6,9,2,Practical,45,5.3
English,5,3,13,5,Conceptual,94,4.9
Geography,4,6,12,2,Theory,54,2.54
English,2,8,15,5,Theory,70,2.03
Statistics,5,3,10,5,Conceptual,47,8.54
Biology,4,4,14,2,Conceptual,40,4.25
Geography,2,8,6,5,Conceptual,73,5.3
AI,2,5,4,3,Conceptual,62,5.42
History,5,5,13,1,Theory,92,0.87
Computer Science,3,7,14,5,Conceptual,71,3.96
Programming,2,8,15,2,Theory,69,1.42
Computer Science,4,8,7,3,Theory,83,3.29
AI,4,5,4,4,Theory,44,8.19
Biology,1,2,10,1,Theory,92,0.42
Physics,5,3,1,4,Conceptual,73,49.3
Machine Learning,2,2,9,1,Conceptual,61,2.41
English,3,7,13,4,Theory,92,1.73
Statistics,3,6,6,2,Theory,81,2.21
Geography,1,3,13,3,Theory,81,0.98
Machine Learning,4,8,3,3,Practical,83,13.02
Statistics,2,8,4,3,Conceptual,69,5.09
Programming,4,5,2,2,Practical,86,12.84
Programming,5,7,14,2,Theory,54,2.61
Geography,3,2,13,4,Theory,50,3.08
Geography,3,2,13,1,Practical,90,1.29
AI,2,7,4,3,Theory,86,2.85
Physics,3,4,12,2,Practical,79,2.76
Chemistry,1,5,12,2,Practical,66,2.54
Math,4,6,11,3,Conceptual,92,3.0
Geography,2,3,9,1,Practical,48,3.79
Programming,2,7,1,2,Practical,70,13.8
Economics,2,4,9,2,Conceptual,42,3.85
Economics,5,6,12,5,Theory,75,4.13
History,3,3,2,3,Practical,67,15.48
Statistics,5,5,6,2,Theory,49,4.3
Economics,1,6,11,4,Conceptual,59,2.84
Geography,3,6,2,4,Theory,45,11.36
AI,3,2,3,2,Practical,67,7.98
Programming,1,3,8,5,Conceptual,79,2.51
Economics,1,3,7,1,Conceptual,47,2.89
Computer Science,1,6,9,1,Practical,64,2.49
English,1,2,15,5,Conceptual,64,2.53
Computer Science,4,2,8,4,Conceptual,42,7.58
Biology,4,4,10,1,Practical,85,2.1
Economics,2,2,14,4,Theory,48,2.58
English,5,6,5,4,Practical,51,14.94
Chemistry,4,1,10,2,Theory,91,1.57
AI,5,3,13,5,Practical,41,9.31
Math,5,7,13,5,Theory,76,3.84
Computer Science,3,3,9,1,Practical,65,3.1
Geography,2,4,12,3,Theory,94,0.99
History,4,8,6,1,Practical,94,2.36
Statistics,3,2,14,5,Conceptual,66,4.2
AI,2,6,12,2,Theory,48,2.2
AI,2,3,4,5,Theory,66,5.09
Biology,3,6,6,2,Practical,92,3.48
Programming,1,8,5,2,Practical,47,4.38
English,3,8,12,4,Theory,42,3.46
English,2,1,8,3,Theory,66,2.29
Computer Science,3,5,1,4,Practical,77,37.38
English,2,7,10,5,Conceptual,59,4.37
English,2,2,3,1,Conceptual,51,3.95
Geography,3,1,13,4,Practical,48,5.89
AI,2,4,9,5,Practical,94,3.69
AI,2,3,9,2,Practical,58,3.85
Economics,3,1,7,4,Theory,67,3.8
Physics,1,4,7,3,Theory,87,1.1
Machine Learning,3,7,2,4,Theory,50,11.2
Programming,5,1,12,2,Theory,73,2.2
Geography,1,1,1,1,Theory,57,2.98
Physics,1,5,5,1,Conceptual,94,0.77
Statistics,5,2,6,1,Theory,73,2.2
Statistics,4,1,14,2,Theory,40,2.83
History,5,3,8,3,Practical,62,7.9
Physics,1,8,4,4,Theory,70,2.56
Machine Learning,1,2,5,5,Practical,48,6.12
Chemistry,1,7,2,5,Practical,50,10.5
Statistics,4,5,5,4,Theory,78,5.82
Geography,5,4,3,2,Practical,40,13.6
Chemistry,4,1,3,4,Theory,84,9.05
Biology,2,3,7,4,Theory,74,2.66
Chemistry,1,3,14,5,Theory,77,1.31
Math,5,5,5,5,Theory,89,8.35
Geography,1,5,6,5,Practical,58,5.02
Computer Science,2,5,12,1,Practical,65,2.6
Computer Science,1,1,6,1,Theory,78,0.97
History,2,1,7,1,Conceptual,72,2.03
Physics,5,7,1,3,Practical,42,48.48
Biology,1,2,6,3,Theory,62,2.02
Programming,1,2,5,1,Practical,66,2.64
Economics,5,7,12,3,Practical,70,5.55
Economics,4,8,9,3,Conceptual,77,4.3
AI,4,8,4,4,Theory,67,7.46
English,4,8,2,5,Theory,59,17.31
Physics,2,3,8,1,Practical,83,1.77
Math,2,6,8,2,Practical,56,4.14
History,5,5,15,3,Conceptual,88,2.98
Programming,3,8,3,3,Theory,45,6.56
Geography,4,7,5,2,Conceptual,52,6.14
Math,3,2,13,5,Practical,67,5.44
Physics,5,4,15,5,Conceptual,82,4.86
Geography,2,5,6,5,Theory,56,4.07
Computer Science,5,7,6,4,Practical,45,13.3
Chemistry,2,4,5,2,Conceptual,83,2.74
Chemistry,5,1,13,2,Conceptual,51,4.2
Physics,4,2,14,3,Theory,64,2.52
History,5,2,8,5,Practical,76,10.81
Math,4,8,2,4,Conceptual,77,20.3
Programming,2,6,8,1,Conceptual,67,2.18
Programming,1,6,15,3,Practical,65,2.7
Statistics,2,7,9,2,Conceptual,86,1.74
Economics,4,3,14,2,Theory,50,2.51
Statistics,5,8,1,3,Practical,45,48.3
Math,1,4,4,1,Theory,40,2.32
Geography,1,8,1,4,Theory,41,8.29
English,2,3,3,2,Theory,72,3.03
Physics,2,4,8,4,Theory,82,2.18
Programming,5,1,6,1,Conceptual,72,3.34
English,1,4,8,3,Practical,68,3.05
History,4,6,1,1,Theory,45,8.16
History,3,5,1,5,Conceptual,92,36.38
Biology,4,2,1,5,Theory,93,32.22
Geography,5,7,10,1,Practical,90,2.1
Geography,1,5,13,5,Practical,54,3.91
Physics,3,1,6,3,Conceptual,71,4.99
Chemistry,4,4,2,3,Theory,94,9.79
Math,2,2,14,4,Theory,93,1.14
Chemistry,2,1,15,1,Practical,45,3.7
Chemistry,1,6,7,5,Conceptual,65,3.39
Machine Learning,4,8,1,5,Conceptual,76,49.15
Computer Science,1,7,11,5,Theory,62,1.94
Economics,4,1,1,5,Conceptual,78,49.06
Economics,4,5,13,1,Theory,83,1.04
AI,4,6,13,3,Practical,86,3.61
Chemistry,4,3,2,4,Theory,47,14.5
Statistics,5,6,10,3,Theory,52,3.94
History,1,4,9,2,Theory,54,1.83
Geography,3,6,12,4,Practical,59,5.46
Geography,1,3,13,4,Practical,45,4.22
Biology,1,5,6,4,Theory,71,1.99
Statistics,4,2,2,1,Conceptual,94,5.09
Statistics,4,8,5,2,Conceptual,62,5.66
Machine Learning,1,8,4,1,Theory,69,1.39
Chemistry,5,1,12,2,Conceptual,47,4.54
Physics,1,6,5,5,Theory,69,2.59
Physics,5,8,6,2,Conceptual,85,4.72
AI,2,4,2,2,Conceptual,93,5.14
Statistics,4,5,12,4,Theory,41,4.02
Math,1,2,1,3,Practical,87,9.78
Biology,1,4,6,3,Practical,92,1.98
Geography,3,4,3,2,Conceptual,79,5.81
Statistics,1,8,13,1,Conceptual,45,2.82
Biology,5,7,12,2,Conceptual,67,3.58
Computer Science,1,6,1,5,Practical,89,15.66
Physics,3,5,11,1,Conceptual,70,2.09
History,1,7,14,3,Theory,64,1.49
Biology,4,1,10,3,Practical,91,4.14
Chemistry,5,3,13,3,Conceptual,56,4.88
Programming,3,2,6,2,Conceptual,61,4.27
Machine Learning,1,2,14,2,Conceptual,63,2.12
Computer Science,2,7,14,5,Practical,90,2.74
Machine Learning,2,6,1,1,Conceptual,57,6.86
Machine Learning,1,2,8,3,Theory,91,0.89
History,1,6,10,4,Theory,76,1.41
English,3,4,2,2,Conceptual,95,7.44
Physics,1,2,12,2,Theory,80,0.91
Geography,1,4,5,3,Theory,90,1.28
Computer Science,4,3,1,5,Practical,57,62.58
Computer Science,3,6,10,5,Conceptual,45,6.24
Machine Learning,4,3,15,5,Practical,84,4.96
History,3,5,12,1,Practical,83,1.77
Biology,4,8,2,1,Theory,42,5.06
Biology,1,6,4,1,Practical,95,1.05
History,5,2,3,2,Theory,61,6.58
Geography,1,2,12,5,Conceptual,44,3.69
Programming,3,2,4,1,Conceptual,60,3.72
Physics,4,5,12,1,Conceptual,47,3.34
Math,2,6,8,2,Theory,89,1.15
English,1,7,14,1,Conceptual,47,2.72
History,5,1,14,3,Practical,77,4.59
Physics,5,6,8,4,Conceptual,61,7.87
Physics,5,7,11,2,Theory,59,2.77
Biology,3,4,4,1,Conceptual,44,4.49
Biology,1,2,11,5,Practical,94,1.72
Geography,2,3,11,5,Theory,49,3.09
Programming,4,6,5,1,Practical,65,4.5
AI,1,6,9,5,Theory,80,1.53
Biology,5,6,12,5,Practical,45,9.55
Computer Science,3,4,14,5,Practical,49,6.27
History,1,6,2,3,Practical,51,7.44
Computer Science,2,2,3,1,Practical,47,5.18
Economics,1,6,12,3,Theory,83,0.94
Math,1,4,14,2,Conceptual,94,0.63
History,2,8,8,3,Practical,86,3.09
English,2,3,1,4,Theory,78,13.5
AI,4,8,5,1,Theory,95,1.44
Economics,4,3,2,1,Practical,69,7.86
Machine Learning,3,3,4,2,Theory,77,3.14
Geography,4,1,14,1,Practical,89,1.52
Statistics,2,1,4,1,Conceptual,72,2.54
Biology,5,3,8,5,Theory,83,5.54
Biology,2,3,11,2,Conceptual,77,1.98
Geography,5,1,9,5,Conceptual,88,7.24
History,2,6,5,2,Conceptual,51,4.27
Biology,5,1,9,4,Conceptual,82,6.2
Chemistry,2,3,9,2,Conceptual,87,1.69
AI,3,4,10,1,Conceptual,43,3.46
Machine Learning,2,4,8,5,Conceptual,48,5.5
Machine Learning,2,1,2,3,Conceptual,79,8.21
Computer Science,1,5,14,2,Practical,57,3.01
Computer Science,1,4,2,4,Theory,63,4.38
Machine Learning,4,4,14,2,Practical,48,4.83
Biology,3,1,13,5,Practical,85,4.36
Machine Learning,3,4,4,3,Conceptual,82,6.26
Biology,1,7,4,5,Practical,89,4.41
Chemistry,3,5,10,3,Conceptual,85,2.88
AI,1,7,8,5,Practical,47,5.05
Statistics,5,3,1,3,Practical,56,47.64
Computer Science,4,7,3,2,Conceptual,77,7.5
Geography,4,2,2,5,Theory,83,16.54
Computer Science,3,5,3,3,Conceptual,86,7.87
Physics,1,8,8,3,Theory,51,2.17
Programming,2,5,13,5,Theory,52,2.77
Biology,2,4,5,1,Practical,85,2.1
Geography,5,3,6,1,Theory,54,2.81
AI,2,3,12,2,Theory,63,1.72
Chemistry,1,5,6,1,Theory,88,0.65
English,4,5,7,3,Practical,91,5.68
Computer Science,4,8,12,1,Theory,93,0.76
Machine Learning,2,3,5,1,Conceptual,49,3.41
Economics,2,2,10,4,Theory,50,2.88
Computer Science,2,7,4,2,Practical,79,4.26
Statistics,5,1,11,2,Practical,40,6.33
Chemistry,1,7,2,2,Practical,52,5.88
Statistics,4,6,15,2,Theory,87,1.27
Statistics,2,8,1,4,Theory,88,13.18
Computer Science,1,3,6,5,Conceptual,61,3.87
Economics,2,3,7,3,Practical,65,4.67
Geography,2,8,3,1,Practical,81,3.14
Computer Science,1,2,13,3,Theory,59,1.68
Chemistry,4,6,5,1,Conceptual,54,4.13
Programming,3,2,13,3,Conceptual,58,3.68
Statistics,3,8,15,5,Conceptual,71,3.79
AI,2,8,8,4,Theory,71,2.53
Programming,4,5,7,2,Conceptual,57,4.81
Math,2,8,8,4,Practical,87,3.78
English,4,6,10,1,Practical,89,1.86
AI,2,5,7,1,Practical,89,1.52
Machine Learning,3,3,1,4,Practical,88,36.72
AI,3,7,15,4,Theory,42,3.14
Math,5,1,4,4,Theory,43,9.82
Math,1,6,12,3,Theory,71,1.33
History,5,1,5,3,Theory,91,5.09
History,4,4,2,5,Theory,76,16.77
Chemistry,1,2,8,5,Practical,57,4.46
Economics,5,5,4,1,Conceptual,41,5.83
AI,5,3,14,1,Theory,40,2.49
Economics,1,3,10,1,Theory,81,0.77
Geography,2,4,15,3,Theory,49,2.27
Programming,2,8,3,2,Theory,64,3.29
Biology,3,4,9,4,Conceptual,52,5.5
English,2,1,2,4,Conceptual,65,11.28
Math,2,6,12,1,Conceptual,57,2.46
AI,5,3,5,3,Conceptual,42,9.98
Geography,4,2,5,5,Conceptual,71,10.99
Biology,4,3,14,4,Conceptual,64,4.47
Math,2,3,6,5,Theory,85,3.15
Geography,5,5,1,5,Conceptual,55,62.16
English,2,3,14,4,Practical,52,4.59
AI,3,8,13,2,Practical,61,3.72
Computer Science,1,7,15,1,Practical,48,3.32
Computer Science,3,6,10,3,Theory,79,2.11
Geography,4,4,11,2,Conceptual,70,3.19
English,2,6,5,4,Theory,78,3.26
English,5,1,12,4,Theory,81,3.27
AI,4,8,6,2,Conceptual,53,5.46
Math,1,7,3,4,Theory,89,2.49
AI,2,2,6,1,Theory,93,0.76
Economics,5,3,4,4,Theory,57,9.38
Programming,1,6,7,3,Practical,45,4.59
History,4,1,7,2,Conceptual,75,3.94
History,2,3,4,2,Practical,77,4.38
History,2,2,11,4,Conceptual,61,3.62
English,2,1,2,2,Theory,92,3.46
Machine Learning,4,7,1,3,Theory,58,20.54
Machine Learning,3,1,5,2,Conceptual,52,5.18
History,1,4,6,3,Practical,64,3.66
Chemistry,1,7,3,1,Conceptual,74,2.05
AI,5,2,4,4,Practical,74,16.56
Chemistry,2,1,7,4,Theory,67,2.88
Programming,5,2,1,5,Practical,44,78.36
Economics,3,3,14,3,Practical,71,3.67
Math,2,6,3,5,Theory,77,6.07
Statistics,3,8,11,3,Practical,83,3.47
Biology,4,2,13,3,Conceptual,49,4.66
Programming,1,6,11,1,Theory,82,0.72
AI,1,8,15,1,Theory,64,1.26
History,2,5,15,5,Theory,94,1.26
Chemistry,1,6,3,3,Theory,67,2.66
Programming,4,1,9,2,Practical,84,3.63
Math,2,4,10,5,Practical,64,5.16
Geography,4,4,9,3,Conceptual,83,4.02
Computer Science,4,6,3,4,Practical,45,19.3
Computer Science,5,3,15,2,Conceptual,73,2.9
Programming,2,7,8,2,Theory,42,2.66
Biology,3,7,5,4,Practical,85,8.1
Programming,5,5,4,1,Conceptual,89,3.53
Geography,4,1,12,4,Conceptual,47,5.74
English,3,7,14,1,Theory,93,0.57
Programming,4,5,5,3,Theory,59,5.15
Statistics,2,8,11,5,Theory,49,3.09
Biology,4,4,7,3,Practical,72,6.82
Economics,3,7,1,3,Conceptual,93,21.94
AI,3,4,4,3,Conceptual,63,7.18
Machine Learning,5,2,8,2,Theory,79,2.67
Math,1,5,15,2,Theory,55,1.65
Statistics,4,4,14,3,Practical,42,6.05
Geography,2,2,15,4,Practical,61,3.94
English,2,7,3,5,Conceptual,73,9.3
Economics,5,3,4,1,Conceptual,87,3.62
Math,3,4,6,2,Practical,91,3.54
English,1,7,5,5,Theory,72,2.5
History,3,2,3,3,Practical,40,12.6
Geography,5,3,12,1,Practical,94,1.61
Chemistry,4,4,5,3,Conceptual,63,7.54
Geography,4,7,8,1,Conceptual,56,3.31
Economics,1,2,14,5,Conceptual,76,2.01
Physics,4,2,3,5,Practical,63,22.22
AI,3,6,3,3,Practical,79,10.26
Geography,2,4,10,4,Theory,89,1.63
Geography,5,4,2,4,Conceptual,54,26.21
Biology,4,6,15,5,Practical,61,6.34
Computer Science,3,5,6,4,Conceptual,43,7.54
Math,5,7,12,1,Practical,87,2.03
History,3,5,5,5,Practical,45,12.3
Machine Learning,1,3,2,1,Conceptual,58,3.22
AI,3,6,6,5,Theory,53,5.5
Economics,2,4,5,1,Theory,51,2.21
Statistics,1,2,12,2,Conceptual,76,1.55
Machine Learning,1,6,10,5,Theory,68,1.82
Computer Science,5,3,4,3,Conceptual,43,11.74
Physics,3,5,8,4,Conceptual,79,4.61
Physics,3,3,13,5,Practical,89,4.12
English,4,6,9,4,Practical,92,5.81
Computer Science,2,2,7,3,Practical,46,5.81
Chemistry,2,2,2,3,Conceptual,64,8.93
Statistics,4,7,13,3,Conceptual,43,4.95
Chemistry,4,5,10,2,Theory,49,2.91
AI,1,3,7,4,Conceptual,84,2.14
Programming,3,1,5,4,Conceptual,92,6.14
Economics,3,5,4,2,Conceptual,51,5.95
Math,3,8,6,5,Practical,83,8.52
Machine Learning,2,5,4,4,Conceptual,92,5.18
English,4,7,5,2,Practical,89,5.46
Chemistry,4,6,9,4,Conceptual,67,5.85
Physics,1,1,9,4,Theory,60,1.99
Machine Learning,5,8,11,4,Conceptual,67,5.95
AI,4,4,15,3,Theory,63,2.46
Biology,4,2,13,1,Practical,92,1.4
Economics,1,4,13,4,Theory,74,1.32
AI,1,1,5,5,Conceptual,90,2.88
History,5,6,14,4,Conceptual,87,4.05
AI,4,4,9,2,Practical,94,3.03
Economics,4,4,12,5,Conceptual,87,4.62
Biology,4,2,5,3,Conceptual,88,6.34
History,2,2,9,3,Practical,51,4.94
Physics,1,2,4,4,Conceptual,79,3.41
History,3,1,3,3,Theory,77,5.54
History,2,3,11,5,Conceptual,59,4.15
Statistics,1,5,3,3,Practical,73,4.62
Math,2,5,9,3,Theory,47,2.76
Economics,5,3,6,2,Conceptual,85,4.72
AI,5,1,2,4,Practical,47,33.18
History,2,8,4,1,Practical,89,2.16
Machine Learning,1,5,3,2,Theory,43,2.89
AI,2,8,3,3,Conceptual,71,6.19
Programming,1,4,7,3,Practical,92,1.77
Physics,1,6,3,5,Theory,85,3.15
Geography,5,8,14,3,Practical,51,6.15
English,1,4,14,1,Theory,94,0.31
Programming,3,2,1,4,Practical,95,36.3
Machine Learning,5,2,1,2,Practical,70,31.8
English,5,6,8,5,Conceptual,63,9.28
Economics,3,2,9,4,Conceptual,58,5.22
Physics,3,2,2,2,Practical,70,10.8
Geography,1,7,6,2,Practical,81,2.14
English,4,3,14,2,Practical,48,4.83
Geography,3,5,13,3,Theory,41,3.0
Computer Science,5,4,12,5,Practical,40,9.85
History,2,4,9,3,Conceptual,58,3.62
Programming,3,6,6,5,Conceptual,87,6.62
Chemistry,1,7,2,4,Conceptual,65,6.48
Programming,1,6,13,1,Conceptual,42,2.97
Math,2,7,3,3,Theory,52,4.74
Programming,1,5,12,4,Practical,71,2.74
Physics,5,1,10,2,Practical,55,5.7
Physics,3,1,11,2,Theory,63,2.06
Machine Learning,3,5,9,3,Conceptual,80,3.36
Geography,5,5,2,2,Practical,91,15.54
AI,2,4,7,1,Conceptual,65,2.37
Machine Learning,2,8,5,1,Theory,73,1.5
AI,5,2,9,4,Practical,70,8.47
History,2,4,1,1,Conceptual,43,7.54
Statistics,5,5,15,3,Theory,65,2.72
English,3,7,5,3,Conceptual,49,6.77
Economics,3,6,11,1,Theory,89,0.79
Statistics,1,6,2,4,Conceptual,93,5.14
AI,5,3,4,5,Practical,53,21.57
Math,4,8,15,4,Theory,75,2.51
Computer Science,2,3,4,1,Theory,74,1.63
History,3,5,10,5,Practical,66,6.54
Biology,2,6,8,5,Practical,91,4.29
English,5,3,4,4,Conceptual,54,14.21
AI,1,4,13,1,Theory,53,1.63
Math,1,1,6,4,Practical,68,3.92
AI,5,4,9,4,Conceptual,61,7.21
Geography,4,6,1,1,Practical,86,12.84
Economics,1,6,9,4,Theory,68,1.74
Programming,4,3,10,3,Conceptual,89,3.41
English,5,2,10,4,Theory,53,4.7
Economics,1,4,13,2,Conceptual,46,2.96
Physics,5,6,8,3,Theory,94,3.19
Physics,1,4,6,2,Conceptual,66,2.43
English,1,4,15,3,Theory,78,1.02
History,3,6,3,3,Practical,70,10.8
History,3,2,10,5,Theory,41,4.29
Geography,4,1,13,3,Conceptual,51,4.57
Math,4,7,9,2,Conceptual,80,3.09
Chemistry,1,3,14,2,Conceptual,82,1.21
Math,3,3,10,1,Theory,85,0.96
Computer Science,5,2,13,2,Practical,56,4.95
Math,5,7,9,3,Theory,71,3.59
English,5,1,13,2,Practical,94,2.67
English,3,3,1,1,Conceptual,94,7.49
Computer Science,1,5,9,5,Theory,63,2.07
History,5,5,13,4,Practical,86,5.46
Geography,1,8,9,2,Theory,54,1.83
Geography,5,1,4,4,Theory,93,8.22
Biology,2,8,10,1,Conceptual,50,2.88
History,5,7,9,1,Theory,48,2.55
Geography,3,8,4,5,Theory,82,6.58
Biology,1,6,8,1,Practical,60,2.78
AI,4,3,1,5,Theory,57,33.38
Statistics,5,8,5,1,Conceptual,67,3.98
Economics,3,7,10,3,Conceptual,47,4.7
Computer Science,3,1,9,4,Conceptual,40,6.08
History,1,8,14,3,Conceptual,82,1.38
Programming,2,1,10,5,Conceptual,63,4.18
Chemistry,2,1,11,1,Practical,42,4.03
Math,1,2,9,5,Theory,61,2.14
Math,5,4,1,1,Practical,68,16.92
Math,4,7,13,4,Conceptual,70,4.39
Biology,5,1,11,5,Theory,94,3.83
Physics,4,2,3,5,Practical,72,21.68
English,5,6,6,2,Practical,71,6.74
Computer Science,1,6,12,3,Conceptual,49,3.05
AI,5,6,10,3,Practical,43,7.92
Geography,5,8,4,5,Practical,87,19.53
History,2,5,1,1,Practical,71,7.74
Economics,2,3,10,2,Theory,67,1.7
History,3,1,8,5,Practical,45,8.93
Statistics,5,5,15,2,Theory,78,1.77
English,3,4,15,3,Practical,83,2.82
Chemistry,5,4,10,5,Theory,53,5.5
History,4,7,13,4,Theory,73,2.83
AI,3,4,7,2,Conceptual,75,3.26
Programming,2,6,11,4,Conceptual,76,2.9
English,4,8,1,3,Conceptual,44,31.49
Biology,4,5,5,1,Practical,95,2.7
AI,5,5,7,1,Conceptual,42,4.5
Programming,1,8,2,5,Conceptual,69,7.49
Economics,1,1,12,3,Theory,71,1.33
Biology,3,1,5,1,Practical,55,4.5
History,5,4,11,3,Conceptual,70,4.71
Statistics,2,1,6,5,Conceptual,83,4.82
Programming,2,7,6,2,Conceptual,45,4.24
Statistics,5,1,1,2,Theory,70,16.96
Chemistry,2,8,1,4,Practical,91,24.54
History,2,2,2,1,Theory,40,3.52
Physics,3,2,4,4,Conceptual,62,9.02
English,1,2,14,5,Theory,79,1.24
Programming,3,2,3,5,Practical,65,17.1
Programming,1,2,13,4,Theory,50,2.09
Computer Science,1,2,10,4,Conceptual,88,1.54
Machine Learning,3,3,15,3,Conceptual,89,1.97
AI,1,1,11,1,Theory,50,1.75
Statistics,4,4,11,5,Conceptual,58,6.38
Geography,4,7,3,2,Practical,50,11.0
Economics,4,6,15,4,Conceptual,61,4.43
Math,3,2,12,1,Conceptual,58,2.62
History,1,4,13,3,Conceptual,55,2.71
Economics,2,6,13,1,Conceptual,86,1.04
Geography,1,3,15,3,Theory,65,1.44
Biology,5,4,6,4,Conceptual,55,10.16
History,2,1,12,4,Practical,59,4.46
History,4,1,1,1,Theory,42,8.26
Machine Learning,2,3,3,3,Practical,58,8.52
Computer Science,2,4,13,3,Conceptual,69,2.6
Economics,1,1,1,3,Conceptual,57,9.26
Chemistry,3,4,11,3,Practical,92,2.93
Math,1,8,14,2,Practical,83,1.45
Biology,2,3,9,1,Practical,62,2.95
Programming,2,4,8,3,Practical,47,5.43
English,3,4,11,5,Theory,77,2.92
Chemistry,4,8,12,4,Practical,52,6.88
Programming,5,8,1,4,Practical,95,60.3
English,1,1,8,3,Conceptual,73,2.2
Statistics,4,8,3,2,Conceptual,71,7.79
Physics,5,8,5,5,Conceptual,76,13.15
Statistics,1,2,14,4,Conceptual,78,1.74
Biology,3,3,7,5,Conceptual,54,7.35
Programming,5,7,7,3,Theory,45,5.19
Computer Science,1,5,6,3,Theory,82,1.38
Computer Science,2,4,9,3,Conceptual,87,2.22
English,1,5,15,3,Theory,62,1.54
Physics,1,5,9,3,Theory,81,1.14
Math,2,6,15,4,Theory,86,1.3
Physics,2,6,8,2,Practical,61,3.84
Geography,1,8,2,1,Theory,91,1.09
English,4,8,1,3,Theory,68,20.22
AI,4,7,3,2,Practical,69,9.86
Biology,4,3,15,2,Theory,94,1.05
Physics,1,7,13,2,Theory,84,0.76
Machine Learning,5,4,2,3,Practical,50,25.5
Statistics,2,7,12,1,Conceptual,71,1.79
Computer Science,2,7,3,1,Practical,41,5.54
Math,4,7,1,4,Theory,73,26.46
English,2,2,13,1,Theory,78,0.95
Statistics,5,6,12,3,Conceptual,78,4.06
Biology,5,3,12,5,Theory,79,4.01
AI,2,5,7,2,Theory,57,2.29
Statistics,1,3,14,3,Practical,85,1.54
AI,3,2,6,1,Practical,54,4.26
History,5,5,7,4,Conceptual,93,7.19
English,1,6,5,4,Conceptual,77,3.02
Computer Science,4,2,10,5,Practical,90,6.6
History,3,1,6,2,Theory,51,3.17
Geography,3,3,4,4,Theory,76,5.57
Economics,5,1,1,1,Theory,63,9.18
Physics,3,7,3,2,Conceptual,78,5.86
Computer Science,4,7,5,5,Theory,51,7.97
Physics,3,1,8,5,Conceptual,86,5.17
Economics,2,1,7,5,Theory,61,3.53
History,3,5,4,2,Practical,49,7.56
Statistics,2,7,1,5,Theory,76,16.77
History,1,8,1,1,Theory,52,3.14
English,4,1,12,3,Theory,83,2.14
Chemistry,3,2,9,4,Conceptual,94,3.49
Geography,2,8,2,5,Theory,86,8.45
AI,1,2,2,1,Practical,89,2.16
Computer Science,5,8,12,5,Conceptual,50,7.4
Economics,2,8,11,2,Theory,58,1.93
Economics,5,8,6,5,Theory,92,6.92
Computer Science,2,7,3,2,Conceptual,86,3.87
Economics,2,1,11,1,Practical,56,3.19
Physics,2,2,13,3,Conceptual,66,2.74
Programming,4,2,2,2,Theory,64,7.55
Physics,3,6,6,2,Theory,42,3.46
Statistics,5,6,10,3,Conceptual,85,4.32
Biology,2,3,3,3,Practical,91,6.54
Programming,4,8,5,4,Theory,85,5.6
AI,2,2,10,2,Theory,72,1.54
English,4,1,13,4,Conceptual,46,5.55
Biology,4,4,2,5,Theory,84,16.51
Machine Learning,3,2,8,5,Theory,50,4.6
History,5,1,5,2,Practical,61,8.34
History,2,6,3,4,Conceptual,69,7.89
History,3,6,9,5,Conceptual,77,5.1
English,2,3,10,4,Theory,93,1.5
English,2,4,14,5,Theory,91,1.43
Programming,3,7,10,2,Conceptual,71,2.83
Biology,5,6,5,1,Conceptual,54,4.61
Statistics,5,8,15,3,Theory,51,3.17
History,2,1,11,2,Practical,76,2.53
AI,2,2,15,5,Conceptual,50,4.0
Statistics,5,5,2,2,Theory,77,8.74
Chemistry,2,6,14,4,Practical,63,3.93
Physics,4,8,12,3,Practical,44,6.36
Statistics,1,3,10,3,Theory,50,2.08
Math,5,5,11,4,Theory,86,3.36
History,4,8,4,1,Conceptual,75,3.6
Programming,3,8,14,1,Theory,61,1.59
Math,1,1,1,2,Conceptual,95,5.04
English,3,8,12,3,Theory,68,2.22
Machine Learning,4,6,6,3,Theory,74,4.03
Physics,5,8,12,4,Conceptual,94,4.29
Math,3,2,6,1,Practical,58,4.02
Chemistry,2,3,13,3,Conceptual,41,3.94
Physics,4,5,15,5,Conceptual,47,5.74
Programming,4,1,14,4,Conceptual,57,4.81
Programming,1,8,2,4,Conceptual,51,7.15
Biology,2,7,15,4,Conceptual,62,3.1
Machine Learning,4,2,15,5,Practical,75,5.5
History,2,7,11,4,Conceptual,69,3.23
Machine Learning,3,8,12,4,Theory,90,1.92
Programming,4,4,9,2,Practical,66,4.71
Machine Learning,1,1,14,2,Practical,82,1.51
Geography,1,5,7,2,Conceptual,72,2.03
Math,1,5,2,2,Theory,47,3.3
Math,2,7,8,2,Conceptual,48,3.7
Economics,3,5,4,1,Conceptual,63,3.58
Economics,2,7,6,3,Theory,44,3.39
Physics,1,3,13,3,Conceptual,86,1.23
Computer Science,4,8,2,5,Practical,91,30.54
Physics,4,6,15,3,Practical,61,4.74
History,1,3,9,3,Theory,72,1.43
Geography,1,5,2,2,Theory,60,2.88
English,4,5,12,2,Theory,57,2.44
English,4,4,1,5,Conceptual,81,48.91
Geography,4,2,2,1,Theory,88,3.58
Geography,3,1,1,4,Conceptual,75,30.0
Economics,4,6,5,2,Practical,70,6.6
Statistics,2,4,2,5,Theory,75,8.8
Chemistry,5,4,10,3,Theory,76,3.17
AI,4,5,3,3,Conceptual,54,11.81
AI,1,5,4,2,Conceptual,45,3.84
Statistics,1,4,4,5,Practical,84,4.71
Physics,1,2,6,4,Theory,49,2.7
Economics,1,1,12,2,Conceptual,60,2.32
Programming,5,1,14,4,Theory,53,3.79
Economics,5,4,11,3,Theory,71,3.11
Chemistry,5,8,2,3,Theory,49,13.63
AI,5,8,7,3,Theory,76,4.2
Geography,4,4,9,4,Practical,63,7.55
English,5,7,1,5,Conceptual,75,61.2
AI,3,5,15,5,Conceptual,56,4.51
AI,5,6,3,4,Conceptual,63,17.78
Geography,1,4,9,2,Conceptual,93,0.87
Geography,2,6,12,5,Practical,75,4.0
Biology,3,3,8,2,Conceptual,95,2.04
Biology,4,2,3,5,Theory,76,11.43
Chemistry,2,2,7,3,Practical,43,5.99
English,2,7,4,3,Practical,50,7.5
English,1,7,10,3,Theory,89,0.83
Statistics,3,5,13,1,Conceptual,89,1.08
AI,5,2,6,2,Practical,61,7.34
Computer Science,3,4,7,2,Conceptual,54,4.27
Programming,2,8,15,2,Practical,52,3.68
English,5,6,1,4,Practical,50,63.0
Statistics,3,4,12,1,Practical,46,3.99
Math,3,6,3,3,Theory,72,5.7
Machine Learning,3,6,8,1,Theory,47,2.3
Economics,1,2,1,1,Theory,49,3.23
Computer Science,3,2,15,2,Practical,58,3.72
Biology,3,3,10,2,Theory,66,2.05
AI,5,3,6,3,Conceptual,49,8.45
Physics,4,1,12,1,Conceptual,76,1.95
Chemistry,1,1,15,1,Theory,79,0.78
Economics,3,2,15,1,Conceptual,76,1.63
Statistics,5,5,14,1,Practical,80,2.27
AI,1,3,3,5,Practical,62,7.28
Economics,2,4,11,3,Conceptual,63,3.09
Machine Learning,5,8,4,5,Theory,71,10.93
Geography,1,2,15,1,Theory,93,0.33
Geography,5,5,11,5,Theory,81,4.24
AI,4,2,4,1,Theory,93,1.82
Programming,3,8,1,3,Theory,56,15.81
English,1,5,12,2,Theory,88,0.65
English,4,1,14,5,Conceptual,59,5.4
Physics,2,1,13,5,Practical,46,5.55
Physics,2,3,14,5,Practical,42,5.62
Machine Learning,5,1,13,4,Practical,92,5.1
Math,1,4,1,3,Conceptual,65,8.88
Math,3,2,7,5,Theory,54,4.9
Statistics,4,4,6,4,Theory,52,5.8
Math,5,2,14,4,Practical,90,4.89
Machine Learning,3,1,13,4,Conceptual,75,3.42
Physics,4,7,13,3,Theory,81,2.08
Biology,3,2,3,1,Theory,56,3.01
AI,4,1,2,2,Conceptual,81,10.51
Math,4,2,15,2,Theory,70,1.81
Statistics,3,5,11,1,Theory,41,2.32
Math,1,5,1,3,Theory,94,4.99
Statistics,1,6,1,1,Conceptual,45,5.04
Computer Science,3,6,15,4,Practical,83,3.42
Chemistry,1,2,5,1,Conceptual,68,2.02
AI,4,5,6,3,Practical,42,9.48
Physics,1,3,3,3,Practical,73,4.62
AI,4,8,15,1,Conceptual,56,2.75
Computer Science,1,1,13,5,Practical,50,4.15
Math,5,1,5,1,Conceptual,71,3.79
History,5,5,7,4,Theory,48,6.24
Geography,5,2,5,3,Practical,59,11.46
English,1,6,7,2,Theory,89,0.81
Geography,3,4,10,1,Theory,59,1.79
Physics,5,7,11,2,Theory,58,2.8
Physics,2,7,13,1,Conceptual,73,1.67
Physics,4,7,3,4,Theory,66,9.62
Computer Science,4,4,1,2,Practical,46,27.24
Biology,5,7,14,4,Conceptual,90,3.91
Economics,3,2,4,4,Theory,66,5.89
Programming,3,7,6,1,Practical,50,4.5
AI,2,5,11,1,Conceptual,72,1.78
Math,5,5,14,5,Conceptual,70,5.73
English,4,5,4,3,Theory,69,5.79
Programming,2,5,4,5,Theory,54,5.47
Economics,4,1,14,1,Theory,58,1.8
AI,1,2,1,5,Theory,89,8.35
History,2,8,7,1,Theory,94,0.65
Programming,1,2,1,1,Theory,46,3.33
Programming,4,1,8,1,Conceptual,61,3.07
Biology,3,4,1,4,Theory,84,19.71
Math,2,1,12,2,Conceptual,79,1.81
English,3,4,10,3,Conceptual,54,4.37
AI,3,7,12,4,Conceptual,51,4.75
History,5,8,9,3,Theory,44,4.46
Physics,5,5,7,1,Theory,71,2.07
AI,2,5,2,3,Conceptual,80,8.16
Economics,3,8,11,5,Conceptual,60,5.19
Economics,5,4,13,5,Theory,77,3.81
Computer Science,5,8,15,4,Practical,42,7.48
History,1,2,2,3,Practical,66,6.54
Programming,1,5,15,3,Conceptual,42,3.26
Economics,4,6,3,1,Conceptual,75,4.4
Computer Science,5,6,14,5,Theory,48,4.52
Math,2,2,3,5,Practical,43,13.42
English,1,6,5,2,Practical,62,3.48
Computer Science,3,2,1,4,Conceptual,75,30.0
Economics,5,2,11,2,Theory,43,3.28
Chemistry,1,1,15,1,Conceptual,60,2.08
AI,2,7,3,1,Practical,69,3.86
Statistics,1,6,7,1,Conceptual,42,3.13
Statistics,5,6,11,2,Conceptual,73,3.48
Physics,5,4,4,1,Practical,51,6.69
Machine Learning,5,4,4,4,Conceptual,57,14.06
Machine Learning,4,2,3,5,Theory,45,12.43
Statistics,2,2,11,1,Theory,66,1.38
Chemistry,2,4,1,5,Conceptual,55,26.16
Physics,3,7,7,4,Conceptual,76,5.27
Machine Learning,2,1,13,5,Theory,48,2.89
Machine Learning,4,4,13,5,Conceptual,42,6.48
Math,3,8,10,3,Conceptual,73,3.46
English,3,8,11,1,Theory,60,1.72
AI,3,3,12,2,Practical,52,4.38
Physics,4,6,6,3,Conceptual,95,5.04
Economics,3,3,1,3,Theory,92,14.66
Physics,2,3,9,4,Conceptual,62,3.96
Machine Learning,4,6,8,4,Conceptual,91,5.23
Math,5,7,4,5,Theory,57,11.38
English,1,3,13,1,Theory,67,1.18
Chemistry,2,1,10,4,Conceptual,94,2.21
English,3,8,4,5,Conceptual,75,10.2
Physics,2,6,13,5,Conceptual,70,3.29
English,4,7,9,1,Theory,84,1.22
Physics,3,3,6,5,Practical,64,9.66
Physics,5,8,9,4,Conceptual,85,6.05
Biology,5,5,10,1,Theory,72,1.7
Programming,1,1,2,1,Conceptual,60,3.12
Economics,4,5,13,1,Conceptual,72,2.08
Geography,2,6,8,2,Conceptual,60,3.12
Programming,3,3,13,4,Practical,68,4.69
Geography,3,2,7,2,Theory,75,2.17
Chemistry,2,4,2,5,Theory,64,9.15
Programming,3,5,10,5,Conceptual,62,5.42
Computer Science,5,6,1,4,Theory,42,33.86
Programming,5,6,15,5,Conceptual,73,5.3
History,2,7,10,5,Practical,93,3.42
AI,4,1,11,3,Conceptual,93,2.95
Programming,3,5,11,1,Conceptual,75,1.85
Economics,1,5,8,3,Theory,55,2.04
Statistics,5,7,7,1,Practical,62,4.42
Statistics,5,6,3,3,Theory,49,9.63
English,4,1,13,4,Theory,80,2.61
Statistics,5,3,10,2,Theory,73,2.46
English,2,2,3,5,Practical,73,11.62
Programming,2,4,11,3,Theory,87,1.29
English,1,2,8,1,Theory,42,2.06
Computer Science,3,6,9,1,Conceptual,47,3.34
Math,4,3,3,1,Practical,72,5.68
Machine Learning,2,5,6,1,Practical,82,2.08
Biology,3,4,4,1,Conceptual,78,2.86
Math,3,6,5,2,Practical,73,5.22
History,1,1,7,5,Conceptual,75,2.91
Physics,4,4,8,3,Practical,84,5.46
History,1,1,4,2,Conceptual,61,3.07
Computer Science,3,8,1,1,Theory,46,6.53
English,1,4,11,5,Conceptual,72,2.43
Computer Science,3,8,3,5,Conceptual,44,14.69
AI,2,3,14,5,Practical,77,3.52
Programming,5,8,4,1,Theory,76,2.77
Math,1,2,1,5,Conceptual,68,13.54
Chemistry,1,1,13,4,Practical,73,2.54
English,2,5,15,2,Conceptual,74,1.89
Physics,3,7,7,2,Theory,87,1.79
Biology,5,1,11,1,Practical,43,4.78
AI,2,7,15,2,Practical,88,1.52
English,3,1,7,4,Practical,88,5.86
Biology,1,5,13,3,Practical,45,3.99
Statistics,5,7,2,2,Practical,91,15.54
Chemistry,2,5,3,1,Theory,67,2.12
Biology,1,2,11,3,Conceptual,53,2.91
Machine Learning,2,7,13,4,Conceptual,47,4.02
Programming,5,6,7,3,Conceptual,46,7.73
English,2,2,6,1,Theory,57,1.91
Programming,3,3,7,5,Theory,49,5.06
History,1,3,13,4,Practical,73,2.54
Programming,1,8,10,3,Conceptual,84,1.49
Computer Science,3,1,6,1,Conceptual,41,4.03
Physics,1,5,7,3,Conceptual,95,1.27
English,4,3,11,3,Conceptual,81,3.53
Math,2,6,3,4,Practical,93,8.42
Programming,4,4,15,3,Practical,40,6.0
Statistics,3,1,5,5,Practical,77,10.38
Math,3,2,5,4,Theory,82,4.42
Economics,4,4,15,5,Practical,56,6.64
Physics,2,7,7,2,Theory,54,2.39
Computer Science,2,7,9,4,Practical,74,4.23
English,2,6,9,3,Practical,95,2.3
AI,2,5,4,3,Practical,80,5.7
Programming,3,1,6,3,Theory,95,2.56
Chemistry,2,3,5,2,Practical,86,3.24
Machine Learning,3,3,4,4,Practical,95,9.3
Math,5,6,5,3,Theory,53,6.3
Chemistry,1,4,15,2,Conceptual,90,0.8
Math,5,5,4,2,Practical,87,8.28
English,4,8,8,2,Theory,72,2.5
Programming,2,6,1,1,Conceptual,64,6.53
History,1,5,10,3,Theory,74,1.31
Chemistry,4,7,7,3,Theory,43,4.57
Statistics,4,2,15,1,Conceptual,92,1.02
Biology,1,2,15,2,Theory,87,0.63
English,2,5,7,2,Practical,71,3.45
Computer Science,4,1,9,5,Theory,83,4.1
History,2,4,9,4,Practical,48,5.79
Computer Science,2,3,11,5,Theory,49,3.09
Biology,4,8,11,5,Theory,80,3.55
History,2,5,2,3,Theory,72,5.7
AI,4,1,8,3,Conceptual,70,5.04
Chemistry,5,3,4,4,Conceptual,86,12.67
Chemistry,3,5,8,5,Theory,69,3.99
History,4,4,12,3,Conceptual,91,2.83
Statistics,4,7,7,1,Practical,63,3.93
Biology,4,7,14,5,Theory,87,2.7
Machine Learning,5,5,10,1,Theory,62,2.02
Biology,4,3,5,3,Conceptual,65,7.44
Geography,4,2,14,1,Theory,46,2.19
History,2,2,9,5,Practical,44,6.69
History,3,1,3,1,Practical,86,3.84
Computer Science,5,7,3,1,Practical,63,7.22
English,1,3,8,2,Practical,48,3.87
Math,2,4,5,3,Theory,95,2.08
Statistics,3,3,12,4,Conceptual,66,4.03
History,5,4,15,2,Conceptual,46,4.19
Math,4,8,14,3,Theory,69,2.36
Programming,2,7,14,1,Theory,85,0.71
Physics,1,7,13,1,Conceptual,91,0.62
Computer Science,2,8,5,5,Theory,80,3.84
Math,1,8,2,4,Practical,85,6.9
Geography,3,1,6,4,Theory,89,3.55
AI,3,7,8,1,Conceptual,68,2.44
History,2,4,6,1,Theory,79,1.21
Computer Science,1,3,4,1,Practical,57,3.33
Physics,2,8,7,5,Practical,76,5.73
Statistics,3,8,12,1,Practical,59,3.21
Statistics,1,3,10,2,Theory,70,1.28
Physics,1,7,3,4,Practical,52,6.88
Chemistry,1,7,11,5,Conceptual,61,2.96
History,3,5,14,4,Conceptual,81,2.97
Biology,3,7,11,2,Practical,86,2.48
AI,3,7,11,5,Theory,90,2.5
Math,3,6,1,3,Practical,77,28.38
Statistics,1,2,2,1,Practical,50,4.5
Geography,5,2,2,1,Conceptual,61,7.87
Economics,2,6,10,1,Theory,45,2.08
Computer Science,2,4,10,2,Practical,79,2.46
Chemistry,4,7,10,4,Practical,80,6.0
Physics,4,5,14,1,Practical,69,2.72
Programming,1,7,7,5,Practical,40,5.74
Statistics,5,4,9,3,Theory,83,3.21
Chemistry,2,4,7,2,Practical,83,2.73
Economics,3,7,6,3,Conceptual,72,4.94
AI,2,7,1,5,Theory,78,16.7
Biology,1,4,2,4,Practical,73,7.62
Chemistry,3,7,10,4,Practical,64,5.76
Statistics,5,8,4,3,Conceptual,48,11.5
Math,5,5,8,4,Practical,81,8.64
Chemistry,1,7,14,5,Conceptual,60,2.78
English,1,4,14,1,Practical,73,1.83
Machine Learning,2,8,7,3,Theory,88,1.76
Computer Science,3,7,9,3,Practical,53,5.82
Biology,1,1,8,2,Conceptual,59,2.57
Chemistry,4,4,8,1,Conceptual,48,3.7
English,4,4,7,2,Conceptual,64,4.47
History,5,6,15,2,Conceptual,64,3.33
AI,2,1,3,1,Conceptual,73,2.9
Machine Learning,2,6,15,5,Conceptual,41,4.43
AI,5,8,3,2,Practical,61,12.34
Machine Learning,3,4,5,5,Practical,58,11.52
Economics,1,4,10,3,Practical,73,2.52
Economics,3,6,2,2,Theory,76,5.57
English,5,5,9,2,Theory,94,1.97
Geography,4,5,13,1,Theory,86,0.94
English,1,6,4,1,Conceptual,41,3.43
Chemistry,3,6,11,2,Conceptual,42,4.09
Programming,1,4,14,4,Conceptual,80,1.65
Physics,3,2,3,4,Practical,88,12.72
Computer Science,4,5,5,1,Practical,77,3.78
Machine Learning,5,6,8,4,Conceptual,62,7.82
AI,3,3,1,3,Conceptual,92,21.98
Statistics,5,5,15,5,Theory,65,3.79
Biology,3,6,6,3,Practical,72,6.18
English,5,5,2,3,Theory,85,12.48
Math,3,6,6,1,Practical,55,4.2
Chemistry,5,1,12,2,Theory,95,1.49
Statistics,4,1,4,4,Conceptual,75,10.8
Statistics,5,7,10,1,Practical,82,2.58
Geography,1,1,14,5,Conceptual,55,3.02
Machine Learning,5,1,14,2,Theory,66,2.23
English,2,4,1,1,Practical,82,7.08
Statistics,2,6,6,1,Practical,40,4.6
History,2,3,6,5,Conceptual,61,5.87
Chemistry,1,1,6,1,Theory,94,0.46
Biology,4,1,1,3,Theory,75,20.0
Economics,5,5,14,4,Practical,72,5.97
AI,1,3,2,5,Conceptual,76,7.15
Biology,4,2,9,3,Practical,64,6.16
AI,2,3,12,1,Theory,62,1.48
Computer Science,4,5,6,4,Conceptual,42,9.18
Math,1,6,14,2,Theory,53,1.73
Chemistry,4,5,8,3,Theory,93,2.62
Statistics,4,5,10,1,Practical,85,2.1
Math,5,8,7,5,Theory,66,6.8
Biology,5,1,6,3,Theory,87,4.42
Machine Learning,5,4,4,1,Conceptual,86,3.67
Machine Learning,5,1,3,5,Practical,62,27.28
History,1,8,2,1,Practical,84,2.46
Geography,1,7,7,5,Practical,78,3.46
AI,5,2,5,4,Conceptual,64,11.33
Machine Learning,2,6,15,5,Practical,95,2.3
Statistics,5,7,11,2,Practical,65,4.83
Physics,5,5,9,2,Practical,47,6.51
Physics,5,2,11,1,Conceptual,58,3.11
Biology,1,1,12,5,Practical,65,3.35
Computer Science,4,5,2,4,Theory,46,14.53
History,1,4,13,3,Conceptual,82,1.42
AI,5,2,3,3,Practical,77,16.38
Statistics,3,7,9,2,Conceptual,44,4.29
Chemistry,3,7,4,2,Conceptual,91,4.03
Chemistry,1,6,5,5,Theory,61,2.85
AI,1,2,5,3,Theory,86,1.41
History,2,7,7,1,Conceptual,94,0.97
Chemistry,5,8,9,4,Practical,41,10.21
Physics,4,4,8,1,Practical,64,3.66
Economics,5,7,4,4,Conceptual,89,12.53
Geography,5,3,2,4,Conceptual,93,24.34
Programming,5,6,9,1,Conceptual,90,1.81
Physics,5,5,6,5,Conceptual,60,11.92
AI,1,7,15,4,Theory,71,1.35
Machine Learning,2,6,9,3,Practical,43,5.42
Programming,2,6,15,4,Practical,44,4.96
Programming,2,8,2,2,Theory,93,3.42
Math,4,1,13,5,Practical,57,7.2
Programming,3,2,11,1,Practical,95,1.12
Physics,4,4,5,1,Practical,90,3.0
AI,2,1,12,3,Theory,67,1.86
Geography,4,2,2,3,Practical,50,21.0
Economics,5,8,13,5,Practical,78,7.09
Computer Science,4,4,7,5,Conceptual,78,7.91
Physics,5,4,15,3,Theory,70,2.56
Statistics,3,2,5,4,Theory,79,4.51
English,3,7,10,5,Practical,89,5.16
Geography,5,6,6,2,Theory,85,3.15
Physics,4,1,7,4,Theory,90,3.98
Physics,3,7,6,2,Practical,50,6.0
Economics,1,5,14,5,Conceptual,84,1.63
Physics,1,4,13,1,Conceptual,65,1.86
Statistics,1,8,7,2,Conceptual,53,2.94
Economics,3,8,12,1,Practical,43,4.17
Statistics,5,6,2,5,Theory,77,20.74
History,4,6,4,4,Theory,89,6.75
Math,2,7,4,4,Theory,47,4.9
Biology,3,4,2,1,Theory,72,3.3
Biology,2,6,13,5,Practical,90,2.91
Physics,5,3,1,5,Practical,49,78.06
Computer Science,2,1,10,4,Conceptual,58,3.94
Physics,5,1,15,2,Theory,85,1.55
Biology,5,5,9,5,Practical,47,11.51
Math,2,5,6,5,Practical,45,8.3
Chemistry,1,1,12,2,Theory,40,2.19
AI,1,6,12,4,Theory,69,1.53
Physics,4,2,7,2,Conceptual,80,3.7
History,5,4,12,5,Conceptual,66,6.63
Computer Science,3,1,1,5,Conceptual,46,38.59
Biology,4,5,5,3,Practical,74,8.76
Physics,1,3,1,2,Theory,63,4.38
AI,2,8,5,1,Theory,81,1.25
AI,2,7,6,4,Conceptual,76,4.35
Chemistry,2,8,13,4,Conceptual,54,3.68
History,4,4,15,3,Conceptual,44,4.61
Programming,5,4,1,1,Theory,89,8.35
Chemistry,5,2,13,2,Conceptual,72,3.19
Machine Learning,2,4,7,3,Practical,70,4.37
Biology,1,2,8,3,Conceptual,75,2.1
Computer Science,4,4,14,2,Theory,44,2.71
Computer Science,1,5,10,3,Conceptual,85,1.44
Biology,5,1,7,3,Theory,95,3.59
Economics,1,7,10,1,Theory,43,1.98
Computer Science,3,6,9,5,Practical,49,8.06
History,3,5,11,1,Theory,50,2.04
English,2,1,3,1,Conceptual,86,2.27
English,4,3,15,1,Practical,79,2.06
AI,5,2,12,5,Practical,52,9.13
Math,2,3,15,4,Theory,73,1.72
Biology,4,8,11,5,Practical,57,8.03
Computer Science,3,5,9,4,Practical,70,5.8
English,3,4,14,1,Conceptual,94,0.8
AI,4,6,7,1,Practical,44,5.07
Chemistry,4,1,11,2,Theory,53,2.67
Geography,5,2,11,1,Practical,71,3.1
Machine Learning,5,5,15,1,Conceptual,82,1.66
Economics,4,3,4,5,Practical,55,17.7
English,3,6,9,4,Theory,88,2.52
Math,2,3,12,5,Theory,44,3.13
Biology,3,8,6,1,Conceptual,88,1.78
Geography,3,8,7,1,Practical,42,4.77
Computer Science,5,2,9,2,Conceptual,79,3.67
Computer Science,4,6,3,4,Conceptual,51,15.15
Biology,1,1,3,2,Conceptual,91,2.03
Economics,3,7,10,5,Theory,95,2.56
English,2,8,10,4,Practical,62,4.68
Biology,1,8,11,1,Practical,95,0.57
Biology,3,4,15,1,Practical,77,1.98
Math,2,3,4,5,Conceptual,70,7.44
Machine Learning,1,7,1,2,Practical,89,6.66
English,1,5,1,3,Practical,60,11.4
Physics,2,3,9,4,Practical,69,4.53
Math,2,5,9,1,Conceptual,90,1.01
History,5,8,9,3,Theory,74,3.5
AI,4,4,4,1,Conceptual,44,5.09
Computer Science,5,2,4,3,Conceptual,64,10.73
Statistics,3,7,7,3,Conceptual,49,5.53
Biology,3,7,13,5,Theory,58,3.19
Chemistry,4,5,11,1,Conceptual,54,3.08
Economics,5,7,6,5,Theory,41,8.55
Economics,1,2,3,4,Conceptual,42,5.98
Machine Learning,1,4,11,2,Conceptual,42,3.22
English,4,8,2,2,Theory,89,6.75
Statistics,1,3,2,1,Theory,62,2.02
Programming,4,6,12,5,Practical,58,7.52
Physics,1,4,8,1,Theory,91,0.49
Economics,1,3,2,2,Conceptual,70,3.84
Geography,4,3,14,3,Theory,45,3.13
Physics,4,6,11,2,Theory,89,1.52
Chemistry,4,8,2,1,Conceptual,88,5.38
English,2,3,12,4,Practical,43,5.42
AI,2,2,14,4,Practical,50,4.71
Machine Learning,3,1,4,3,Conceptual,80,6.36
English,2,1,5,5,Conceptual,51,7.15
Math,1,6,8,3,Practical,95,1.42
Computer Science,1,5,9,4,Theory,88,1.1
Physics,2,6,8,2,Conceptual,54,3.41
Chemistry,4,3,11,3,Practical,69,5.13
English,3,3,9,4,Practical,76,5.44
Math,4,2,13,5,Theory,41,4.35
English,2,1,7,4,Practical,90,4.03
Economics,4,2,3,1,Conceptual,53,5.46
English,4,5,5,2,Theory,64,3.71
Biology,5,6,10,1,Conceptual,92,1.58
Programming,2,8,3,3,Practical,84,6.96
Biology,5,5,11,4,Conceptual,84,5.13
Biology,1,7,11,3,Theory,59,1.75
English,4,2,11,4,Theory,66,3.42
Geography,1,5,11,2,Conceptual,75,1.64
Programming,3,7,3,5,Practical,74,16.56
Chemistry,4,1,5,5,Practical,81,13.14
English,4,5,12,1,Conceptual,43,3.54
Economics,1,5,3,5,Conceptual,84,4.77
AI,1,2,9,1,Practical,85,1.23
Economics,4,6,10,4,Conceptual,83,4.66
Geography,5,8,6,3,Theory,80,4.64
History,5,4,11,5,Conceptual,72,6.8
Chemistry,4,7,4,4,Theory,87,6.82
Physics,5,5,2,3,Theory,68,13.02
Geography,3,2,6,2,Practical,47,6.18
Economics,1,8,9,3,Conceptual,81,1.71
Biology,3,6,6,2,Practical,46,6.24
Programming,2,6,1,3,Practical,51,20.94
Computer Science,4,7,1,4,Theory,70,26.56
English,2,8,13,3,Practical,66,3.42
Statistics,2,6,5,5,Conceptual,76,5.95
Physics,5,7,12,3,Practical,71,5.49
Physics,2,8,6,4,Theory,45,3.89
Geography,2,6,3,5,Conceptual,48,10.5
Math,3,4,3,4,Theory,46,8.13
Machine Learning,5,1,2,2,Conceptual,66,13.63
Computer Science,5,1,9,2,Theory,81,2.39
Programming,4,5,2,3,Practical,95,18.3
Economics,5,1,10,1,Conceptual,67,2.78
History,1,4,3,2,Practical,85,2.9
Math,2,7,8,3,Practical,48,5.37
English,1,5,13,3,Practical,85,1.59
Economics,2,4,2,4,Theory,57,7.78
Physics,5,2,1,1,Theory,54,9.47
Statistics,2,1,5,5,Conceptual,56,6.91
Computer Science,3,3,1,5,Conceptual,89,36.53
Biology,3,2,1,1,Practical,79,10.26
AI,1,4,9,2,Practical,85,1.57
Biology,5,6,9,1,Theory,46,2.62
Statistics,1,1,1,4,Practical,83,13.02
Physics,2,3,15,3,Practical,60,3.6
Physics,5,1,8,1,Practical,66,3.92
Machine Learning,1,6,6,5,Theory,85,1.81
Geography,5,1,11,4,Theory,75,3.71
Computer Science,1,5,7,4,Theory,50,2.51
Geography,1,2,3,2,Conceptual,40,4.48
Machine Learning,4,3,9,2,Practical,69,4.53
Machine Learning,1,7,13,5,Practical,87,1.93
Physics,2,3,10,3,Theory,50,2.56
English,1,1,6,1,Conceptual,63,2.18
Physics,5,3,12,1,Theory,42,2.52
History,5,3,13,2,Conceptual,52,4.15
History,4,7,6,2,Theory,58,3.48
Statistics,4,5,6,4,Conceptual,70,7.84
Physics,3,2,13,5,Practical,60,5.86
Math,2,7,2,1,Practical,89,3.66
Biology,2,3,2,2,Conceptual,69,6.29
Computer Science,2,3,11,1,Practical,59,3.01
Computer Science,3,5,4,4,Conceptual,41,10.03
Programming,4,3,12,3,Conceptual,80,3.36
Biology,4,6,6,3,Practical,41,9.54
Programming,2,2,5,5,Theory,57,4.58
Statistics,5,4,13,4,Practical,95,4.92
Physics,2,8,12,4,Theory,70,2.03
English,5,6,13,2,Conceptual,62,3.67
Economics,3,6,13,5,Practical,53,6.28
Physics,1,3,10,3,Conceptual,70,2.16
Math,4,7,2,5,Practical,46,33.24
AI,2,1,11,2,Practical,60,3.49
History,4,4,1,1,Theory,48,8.06
Statistics,3,3,10,4,Conceptual,46,5.47
Geography,4,8,9,4,Theory,75,3.64
Computer Science,5,1,3,3,Theory,49,9.63
History,5,8,4,4,Conceptual,58,14.02
Biology,4,6,1,2,Conceptual,72,20.54
Biology,3,4,10,4,Theory,62,3.14
Statistics,4,4,8,1,Conceptual,57,3.26
AI,2,7,7,2,Practical,92,2.19
Economics,3,3,10,5,Theory,60,3.68
Math,4,4,1,4,Practical,49,51.06
Physics,4,5,6,3,Conceptual,61,6.67
Economics,5,8,11,3,Theory,49,3.81
Economics,3,7,14,3,Theory,90,1.35
Machine Learning,5,5,1,5,Theory,56,41.41
Biology,3,2,15,2,Conceptual,40,3.84
Computer Science,1,6,4,2,Theory,47,2.5
Math,2,7,3,3,Conceptual,61,6.67
AI,4,2,6,1,Conceptual,89,2.13
Chemistry,3,3,10,1,Practical,52,3.78
Machine Learning,5,1,12,1,Conceptual,67,2.58
AI,2,2,3,1,Practical,71,3.74
Machine Learning,2,6,7,4,Theory,51,3.4
Computer Science,4,5,11,4,Practical,77,5.74
Programming,4,6,3,2,Theory,41,6.15
Geography,3,2,5,5,Practical,84,9.96
English,3,5,9,4,Conceptual,64,4.93
History,4,2,12,5,Practical,66,7.04
Machine Learning,5,1,4,3,Practical,66,13.29
AI,1,7,11,2,Practical,40,4.15
Computer Science,2,5,7,3,Conceptual,74,3.31
Math,1,8,2,3,Practical,65,6.6
Math,2,4,2,1,Theory,90,1.92
Statistics,4,2,3,1,Theory,83,2.68
History,2,4,5,3,Practical,43,7.02
Computer Science,2,8,5,3,Practical,51,6.54
Computer Science,3,8,6,3,Practical,54,7.26
Computer Science,2,4,14,4,Practical,92,2.19
Computer Science,5,2,11,5,Practical,63,9.04
Biology,3,6,7,2,Conceptual,70,3.5
AI,2,1,11,1,Practical,52,3.43
History,5,4,12,3,Theory,63,3.18
Computer Science,5,5,8,4,Conceptual,44,8.69
Machine Learning,5,4,12,4,Theory,46,4.39
Chemistry,4,3,15,1,Theory,51,1.99
Biology,5,7,14,3,Conceptual,94,2.86
Chemistry,5,7,8,3,Practical,71,7.37
English,5,8,5,4,Conceptual,41,12.43
Biology,2,1,8,1,Practical,75,2.25
Geography,4,4,14,2,Practical,82,2.79
Statistics,5,6,3,2,Theory,49,6.97
Physics,3,1,6,2,Theory,85,2.08
Machine Learning,5,1,6,5,Conceptual,93,10.34
Geography,4,3,6,2,Practical,54,6.76
Biology,2,5,12,3,Practical,48,4.62
Programming,4,5,15,1,Theory,89,0.78
Biology,3,3,4,2,Practical,95,4.8
Biology,2,5,2,3,Practical,60,11.4
Statistics,1,5,4,5,Theory,41,3.89
Biology,1,5,11,1,Theory,84,0.66
AI,1,1,9,5,Theory,93,1.11
Economics,5,3,3,2,Theory,51,6.9
History,3,6,4,4,Theory,53,6.3
Programming,5,1,1,5,Conceptual,76,61.15
Math,3,2,12,3,Practical,81,3.39
Economics,3,8,15,5,Theory,91,1.89
Geography,1,2,7,3,Conceptual,42,3.81
Economics,3,7,1,3,Theory,73,15.26
Math,1,1,1,3,Practical,82,10.08
AI,1,4,12,4,Practical,90,1.6
Geography,3,5,11,3,Theory,61,2.56
Computer Science,2,4,8,4,Practical,63,5.22
History,1,5,5,4,Conceptual,54,4.13
Geography,2,4,15,1,Practical,43,3.82
English,3,7,6,2,Conceptual,64,4.13
English,4,2,14,4,Practical,52,6.31
Physics,3,8,12,5,Practical,44,7.11
Geography,5,7,10,1,Theory,74,1.63
Economics,4,8,10,4,Theory,78,3.26
English,1,6,7,5,Conceptual,74,2.96
Computer Science,2,4,2,1,Conceptual,75,3.6
History,2,1,9,4,Theory,44,3.21
History,5,4,15,2,Practical,83,3.02
Chemistry,3,7,14,3,Practical,50,4.93
Machine Learning,4,6,8,1,Practical,84,2.46
Programming,1,5,14,5,Practical,55,3.77
Physics,4,4,12,1,Theory,81,1.14
Programming,4,6,4,5,Conceptual,82,12.86
English,5,4,4,5,Conceptual,86,15.67
Machine Learning,5,7,7,3,Theory,80,4.07
Physics,3,1,12,3,Practical,74,3.81
Economics,5,8,4,2,Conceptual,78,7.06
Machine Learning,5,8,14,1,Conceptual,43,3.59
Math,1,8,5,2,Theory,67,1.7
Economics,1,5,3,3,Practical,64,5.16
Economics,4,3,9,5,Conceptual,51,7.69
Statistics,2,1,1,4,Conceptual,56,21.31
History,2,7,14,4,Practical,45,5.01
Machine Learning,1,5,5,2,Theory,40,2.56
Chemistry,5,1,15,3,Practical,55,5.7
Machine Learning,4,8,2,2,Theory,68,7.42
History,2,8,11,1,Conceptual,43,3.17
Economics,4,1,10,2,Practical,89,3.06
Physics,5,7,8,5,Theory,88,5.38
Machine Learning,2,3,14,1,Conceptual,65,2.02
Computer Science,3,4,12,2,Practical,64,3.66
Geography,2,8,1,4,Practical,62,26.28
Chemistry,4,2,1,3,Theory,69,20.19
AI,3,7,12,1,Theory,67,1.46
AI,4,4,10,3,Theory,66,3.01
Computer Science,5,3,3,5,Theory,68,14.36
Economics,4,4,6,5,Conceptual,74,9.25
History,1,1,3,3,Conceptual,46,4.99
Programming,3,8,4,5,Conceptual,57,11.06
Physics,3,5,13,1,Practical,75,2.19
Machine Learning,1,8,15,5,Conceptual,52,3.1
Programming,1,6,7,1,Theory,68,1.25
Physics,3,8,12,1,Theory,77,1.14
Programming,5,3,12,5,Practical,75,7.75
Statistics,2,2,5,1,Practical,65,3.3
AI,3,6,5,5,Theory,52,6.34
Machine Learning,3,5,10,3,Conceptual,61,4.03
English,4,8,6,5,Practical,64,12.16
Physics,4,6,4,2,Theory,70,4.16
Geography,1,8,1,1,Practical,61,5.34
Machine Learning,3,6,4,1,Theory,67,2.26
Chemistry,3,2,5,4,Conceptual,77,6.86
Programming,2,8,12,2,Practical,42,4.48
Economics,5,8,6,2,Practical,59,7.46
Physics,5,1,6,1,Practical,85,3.4
Statistics,1,5,8,5,Conceptual,47,4.04
Geography,4,4,9,2,Theory,59,2.73
History,1,8,4,3,Theory,60,2.48
AI,2,2,13,4,Theory,79,1.66
Statistics,1,5,4,5,Practical,95,4.05
Physics,4,8,6,5,Practical,42,13.48
English,4,3,14,4,Conceptual,71,4.13
Biology,2,1,15,1,Theory,62,1.43
English,5,1,4,2,Practical,58,10.02
Statistics,1,4,4,2,Theory,93,1.02
History,3,6,9,5,Conceptual,93,4.34
Chemistry,2,2,5,4,Conceptual,51,6.19
Economics,5,3,14,2,Theory,46,2.87
Math,5,2,10,1,Practical,66,3.54
Machine Learning,2,3,11,2,Conceptual,56,2.98
English,3,1,11,2,Theory,70,1.83
Statistics,3,8,13,5,Conceptual,78,3.83
Geography,5,7,13,4,Theory,52,4.0
Economics,5,4,4,4,Practical,85,15.9
AI,5,7,2,5,Theory,76,20.77
Statistics,3,8,2,2,Theory,93,5.02
English,1,4,4,3,Practical,79,3.51
Programming,4,2,12,4,Theory,73,3.0
Computer Science,2,1,7,3,Practical,46,5.81
AI,5,5,5,1,Practical,79,4.26
Computer Science,3,4,14,3,Theory,87,1.44
English,1,6,2,4,Conceptual,57,6.86
Math,1,4,5,3,Conceptual,70,2.88
Economics,2,8,3,3,Theory,73,4.06
Machine Learning,5,1,7,4,Practical,51,11.51
AI,3,6,5,4,Conceptual,51,8.11
AI,5,3,11,4,Practical,62,7.73
Biology,5,5,15,1,Conceptual,46,3.39
Physics,3,3,6,4,Practical,71,7.74
Economics,5,1,11,2,Conceptual,70,3.62
English,4,3,7,1,Conceptual,89,1.9
English,2,1,9,3,Theory,83,1.61
AI,3,3,11,4,Practical,44,6.63
Chemistry,3,5,3,5,Theory,73,8.86
Programming,5,1,8,3,Practical,68,7.54
Machine Learning,2,3,8,2,Practical,48,4.62
Statistics,3,5,3,1,Theory,63,2.78
English,3,7,4,3,Theory,55,5.04
English,4,4,6,1,Conceptual,86,2.27
Math,3,6,2,2,Conceptual,57,9.26
Chemistry,5,1,15,3,Theory,65,2.72
History,1,1,4,3,Conceptual,70,3.24
Economics,1,7,10,5,Conceptual,92,1.58
Machine Learning,1,8,6,3,Practical,46,4.74
Computer Science,1,5,10,4,Theory,69,1.63
History,4,6,13,4,Practical,70,5.49
Chemistry,4,5,15,5,Practical,92,4.48
English,2,7,7,3,Conceptual,83,2.87
Physics,4,8,8,1,Theory,66,1.89
Statistics,5,6,3,5,Conceptual,63,21.78
English,4,8,9,3,Conceptual,76,4.35
Programming,3,4,11,3,Practical,86,3.29
Biology,4,2,15,3,Conceptual,55,4.08
Computer Science,5,7,13,4,Theory,47,4.16
Machine Learning,4,4,7,2,Theory,85,2.31
Geography,4,7,3,2,Practical,55,10.7
Physics,3,8,1,5,Conceptual,90,36.48
AI,1,2,13,3,Theory,92,0.63
Geography,1,7,13,2,Practical,60,2.86
Statistics,1,6,15,5,Practical,61,3.34
Physics,3,5,2,3,Conceptual,60,12.72
Statistics,4,7,15,1,Conceptual,75,1.84
Chemistry,4,2,6,3,Theory,86,3.65
Economics,3,2,12,1,Practical,88,1.47
Machine Learning,2,6,1,3,Theory,59,10.91
Machine Learning,1,7,11,4,Conceptual,50,3.27
History,2,1,5,2,Conceptual,67,3.5
History,2,7,6,2,Practical,86,2.84
History,1,1,11,5,Conceptual,57,3.15
Chemistry,1,3,9,3,Conceptual,56,2.91
English,1,2,14,4,Theory,46,2.19
Computer Science,3,8,5,1,Practical,65,3.9
Machine Learning,4,2,6,3,Practical,93,6.42
Chemistry,4,7,14,3,Practical,45,5.87
Math,5,4,11,3,Theory,73,3.05
Geography,3,3,13,1,Conceptual,73,1.85
English,2,6,1,3,Conceptual,42,17.18
Physics,3,8,4,4,Conceptual,63,8.98
History,4,5,10,4,Theory,85,3.04
Economics,1,4,7,2,Theory,61,1.71
Physics,3,8,7,5,Theory,71,4.36
Programming,4,7,4,1,Conceptual,49,4.85
Physics,4,8,12,2,Theory,65,2.19
History,5,8,13,2,Theory,57,2.61
Computer Science,3,4,6,5,Theory,45,5.76
Machine Learning,4,7,14,2,Practical,78,3.03
Geography,4,8,4,5,Practical,63,17.22
Statistics,4,5,9,3,Conceptual,67,4.78
English,4,4,15,4,Practical,46,6.44
AI,1,3,9,3,Theory,88,0.92
English,1,8,10,4,Conceptual,66,2.59
Biology,2,7,1,2,Conceptual,82,10.46
Math,1,7,9,1,Conceptual,81,1.18
Computer Science,1,7,12,1,Practical,66,2.29
History,5,8,10,3,Conceptual,56,5.71
English,3,5,2,3,Practical,77,14.88
Physics,3,4,7,3,Practical,75,5.36
AI,4,4,3,3,Theory,91,6.69
Physics,2,1,10,1,Theory,74,1.15
Programming,3,5,1,4,Practical,52,38.88
AI,2,6,2,4,Conceptual,78,10.66
AI,1,1,10,4,Conceptual,48,3.46
Machine Learning,4,1,15,4,Practical,82,4.28
Math,5,1,8,2,Practical,44,7.11
AI,2,7,6,3,Theory,85,2.08
Chemistry,4,1,9,4,Conceptual,64,5.99
History,2,2,13,5,Practical,88,3.03
Machine Learning,4,8,2,2,Conceptual,55,11.76
Math,3,6,6,5,Conceptual,81,6.91
Statistics,5,7,7,5,Conceptual,69,10.06
AI,4,5,14,1,Practical,95,1.16
Geography,3,7,12,4,Theory,48,3.26
Statistics,5,8,12,1,Practical,82,2.33
AI,3,8,9,4,Theory,46,3.86
Biology,1,6,9,4,Conceptual,62,2.89
Statistics,1,4,1,2,Theory,49,4.83
Math,2,5,11,3,Theory,88,1.26
Physics,5,8,3,4,Theory,70,11.63
Economics,2,6,11,3,Practical,49,4.7
Physics,2,8,4,5,Practical,47,10.68
History,3,8,15,1,Conceptual,45,3.12
Computer Science,4,2,13,3,Practical,54,5.53
Economics,1,6,1,5,Practical,58,17.52
Geography,5,8,12,2,Conceptual,47,4.54
Geography,3,3,15,5,Conceptual,71,3.79
Programming,5,1,2,3,Theory,80,12.64
Machine Learning,3,7,5,2,Practical,66,5.64
Physics,5,1,13,2,Theory,87,1.65
Computer Science,3,8,5,3,Theory,90,3.2
Statistics,1,4,15,2,Theory,52,1.75
History,5,7,13,3,Practical,79,4.72
Machine Learning,3,6,5,5,Practical,90,9.6
English,3,5,9,3,Practical,83,4.02
Programming,4,2,3,5,Conceptual,70,17.44
Programming,1,2,5,5,Theory,95,1.76
Statistics,2,2,10,4,Theory,65,2.4
Economics,5,4,5,5,Practical,89,15.66
Physics,2,6,14,2,Theory,59,1.77
Economics,1,8,14,4,Theory,95,0.62
Chemistry,3,8,1,3,Practical,76,28.44
Statistics,2,3,15,3,Theory,91,0.93
Programming,5,2,1,4,Practical,56,62.64
Computer Science,5,1,6,2,Conceptual,65,5.68
Math,1,1,7,5,Conceptual,86,2.39
Chemistry,1,7,4,5,Theory,52,3.54
Chemistry,1,4,6,3,Theory,89,1.15
Chemistry,4,5,1,2,Practical,76,25.44
English,4,8,5,1,Theory,72,2.18
History,5,7,13,1,Conceptual,60,2.84
Biology,4,6,15,3,Conceptual,90,2.4
Physics,3,5,15,4,Theory,49,2.91
Programming,2,3,13,1,Theory,41,2.13
Computer Science,4,8,1,3,Theory,61,20.45
Chemistry,2,1,9,3,Practical,51,4.94
Math,3,1,2,3,Theory,70,8.16
Chemistry,1,3,14,4,Practical,82,1.94
Geography,1,7,8,5,Theory,83,1.54
Machine Learning,3,2,12,1,Theory,55,1.84
English,4,7,7,5,Practical,43,11.99
History,1,2,1,3,Practical,63,11.22
Economics,2,2,2,4,Practical,70,13.8
AI,1,8,2,1,Theory,50,2.4
AI,4,4,3,3,Practical,67,13.98
Physics,2,3,5,3,Conceptual,89,3.41
Computer Science,3,1,2,3,Practical,88,14.22
Machine Learning,4,4,10,2,Practical,40,6.0
Physics,2,4,14,2,Theory,40,2.38
English,3,3,12,3,Theory,61,2.45
Programming,3,3,3,4,Theory,64,7.55
Machine Learning,5,1,10,1,Theory,42,2.66
AI,3,2,11,2,Practical,48,4.76
History,5,1,5,1,Conceptual,46,4.99
Machine Learning,4,4,6,5,Theory,43,7.16
Biology,3,7,15,3,Theory,61,2.21
History,4,2,8,4,Conceptual,58,6.82
AI,5,2,4,2,Theory,78,4.7
Machine Learning,5,1,3,4,Conceptual,87,16.62
History,2,2,12,2,Conceptual,58,2.82
Computer Science,1,3,14,5,Theory,59,1.88
Geography,5,1,13,3,Theory,77,2.58
Computer Science,4,1,5,2,Practical,70,6.6
Programming,3,2,9,5,Theory,76,3.43
English,4,2,3,1,Theory,88,2.52
English,3,7,10,2,Practical,68,3.72
Chemistry,1,4,15,5,Conceptual,86,1.47
Math,5,5,13,1,Theory,69,1.61
Computer Science,1,6,15,5,Practical,66,3.04
Machine Learning,1,1,6,3,Practical,47,4.68
Math,3,6,5,5,Theory,73,5.66
Programming,1,6,10,4,Practical,54,3.96
Programming,4,4,9,4,Practical,68,7.25
Geography,4,1,4,2,Theory,64,4.35
Programming,2,3,13,4,Practical,64,4.01
Math,4,6,15,4,Conceptual,90,3.04
Statistics,4,5,11,3,Conceptual,44,5.31
History,4,3,3,2,Practical,68,9.92
English,5,4,6,4,Theory,47,7.03
AI,4,5,13,4,Theory,43,3.79
Computer Science,2,3,13,5,Theory,48,2.89
Programming,1,7,4,3,Theory,42,3.06
AI,4,8,2,3,Conceptual,66,16.03
Programming,2,5,2,5,Conceptual,90,12.48
Machine Learning,3,3,7,4,Conceptual,71,5.51
Math,2,3,13,4,Conceptual,65,3.16
Physics,5,1,10,3,Theory,85,2.88
Programming,5,3,13,4,Practical,82,5.7
Biology,5,7,2,3,Conceptual,79,19.01
Programming,1,8,14,4,Theory,74,1.29
Statistics,5,7,15,1,Theory,81,1.14
AI,1,6,15,2,Conceptual,77,1.42
Chemistry,4,7,13,3,Theory,46,3.2
Computer Science,3,7,8,2,Practical,51,5.19
Programming,3,3,6,2,Conceptual,57,4.46
AI,3,5,6,2,Practical,53,5.82
Math,1,8,5,5,Theory,60,2.88
AI,4,7,8,4,Practical,78,7.32
History,1,6,15,2,Theory,87,0.63
Statistics,3,6,9,2,Practical,95,2.3
English,1,6,1,5,Conceptual,94,12.29
Math,2,6,1,4,Practical,77,25.38
English,5,3,13,4,Conceptual,79,4.7
Geography,4,2,2,1,Theory,73,4.06
Machine Learning,3,1,14,2,Theory,40,2.61
Geography,1,3,7,1,Conceptual,43,3.08
History,5,7,10,3,Theory,91,2.69
Physics,5,5,9,2,Theory,51,3.35
Machine Learning,3,1,5,4,Conceptual,91,6.19
Computer Science,5,7,5,5,Conceptual,49,14.45
Math,1,8,2,4,Conceptual,79,5.81
Statistics,4,4,3,1,Theory,87,2.55
English,3,7,6,4,Conceptual,49,7.25
Chemistry,3,5,1,4,Theory,70,20.16
Machine Learning,1,1,8,3,Theory,40,2.52
Chemistry,5,2,5,3,Practical,91,9.54
Programming,5,7,10,4,Theory,46,4.93
Computer Science,2,7,15,3,Practical,67,3.18
Chemistry,3,4,7,4,Theory,53,4.25
Biology,2,1,3,1,Practical,84,2.96
Statistics,1,6,10,3,Theory,79,1.15
Geography,2,8,10,1,Conceptual,50,2.88
Statistics,2,5,1,1,Conceptual,62,6.62
History,4,2,8,3,Conceptual,77,4.7
Biology,1,2,9,3,Conceptual,62,2.62
Programming,3,6,6,1,Theory,41,2.69
AI,1,1,9,1,Conceptual,84,1.03
Computer Science,5,6,1,1,Practical,47,18.18
Computer Science,1,3,1,3,Practical,57,11.58
Biology,5,6,10,5,Practical,59,9.96
Physics,4,4,7,1,Conceptual,84,2.14
Machine Learning,4,8,7,1,Theory,41,2.8
Economics,1,8,11,1,Conceptual,68,1.75
Chemistry,4,2,2,2,Practical,71,13.74
Computer Science,4,4,4,4,Theory,81,7.01
History,2,2,15,2,Theory,60,1.71
Biology,5,7,6,2,Practical,81,6.14
Geography,3,2,14,3,Theory,65,2.15
Economics,4,8,13,5,Practical,74,6.18
AI,3,3,6,2,Practical,88,3.72
Programming,1,4,10,4,Theory,60,1.92
Computer Science,3,3,6,5,Conceptual,68,7.54
AI,5,3,13,5,Practical,80,6.97
Geography,2,1,1,3,Theory,51,11.17
Programming,1,6,9,1,Practical,43,3.75
History,2,4,10,3,Practical,57,4.38
Computer Science,2,6,10,2,Theory,85,1.12
AI,5,7,8,3,Theory,46,4.73
Statistics,3,2,5,5,Practical,57,11.58
English,4,3,1,4,Practical,93,48.42
Machine Learning,3,3,13,5,Conceptual,88,3.35
Economics,5,5,7,4,Theory,61,5.82
Geography,5,7,4,4,Conceptual,94,12.29
Economics,1,6,12,1,Conceptual,49,2.65
Statistics,2,4,11,4,Theory,89,1.52
Computer Science,5,8,8,4,Theory,56,5.41
Machine Learning,2,3,11,1,Practical,58,3.07
History,2,1,2,5,Practical,91,15.54
Programming,5,2,4,4,Conceptual,59,13.97
AI,4,7,3,3,Theory,80,7.04
Biology,4,3,9,1,Theory,42,2.57
Math,3,1,1,1,Conceptual,74,8.45
AI,5,1,12,3,Conceptual,52,5.3
Geography,1,3,9,2,Practical,85,1.57
English,3,4,8,2,Conceptual,71,3.19
Physics,5,5,11,4,Theory,62,4.13
Physics,3,4,1,3,Practical,81,28.14
Computer Science,5,8,8,5,Theory,51,6.57
Computer Science,2,2,1,2,Practical,92,12.48
English,4,4,9,5,Theory,42,5.41
Machine Learning,1,3,13,4,Conceptual,70,2.18
Economics,3,3,12,4,Conceptual,58,4.42
Economics,1,6,14,5,Practical,71,2.81
AI,4,2,6,3,Conceptual,91,5.23
Chemistry,5,5,4,3,Conceptual,48,11.5
English,5,7,7,2,Practical,87,5.07
Programming,3,1,5,1,Conceptual,78,2.5
Machine Learning,5,3,5,5,Theory,93,8.22
History,5,8,3,2,Theory,81,5.94
Chemistry,5,8,2,3,Practical,79,23.76
Machine Learning,1,5,4,4,Conceptual,67,3.98
AI,1,6,15,4,Conceptual,54,2.85
Chemistry,1,7,4,1,Theory,41,2.29
AI,4,8,2,3,Conceptual,86,15.07
Physics,1,8,12,5,Theory,92,0.92
Geography,3,7,4,2,Conceptual,55,5.76
History,4,7,4,4,Practical,44,15.36
Geography,2,8,4,3,Theory,74,3.23
Economics,4,6,13,1,Conceptual,53,2.99
AI,1,8,5,2,Conceptual,53,3.22
Math,2,5,15,3,Theory,81,1.25
Math,2,6,14,4,Theory,81,1.52
Physics,2,2,10,3,Theory,85,1.44
Statistics,3,7,5,5,Practical,46,12.24
Economics,5,1,11,3,Theory,65,3.3
Statistics,4,8,13,1,Theory,73,1.36
Chemistry,4,6,7,5,Conceptual,74,8.11
Statistics,4,7,14,4,Conceptual,80,3.7
Geography,2,4,11,3,Theory,51,2.44
English,1,1,2,2,Conceptual,82,3.26
Physics,2,2,12,4,Conceptual,90,2.08
English,2,4,15,1,Practical,90,1.0
English,5,4,13,3,Practical,40,7.06
Math,4,6,5,3,Theory,55,5.28
Physics,2,6,8,5,Conceptual,63,4.78
Chemistry,3,1,4,3,Conceptual,85,6.12
Programming,1,1,4,2,Conceptual,68,2.74
English,4,8,1,1,Conceptual,84,10.37
Physics,5,8,3,2,Theory,69,6.33
Biology,3,5,12,2,Conceptual,53,3.46
Statistics,2,1,11,3,Conceptual,42,4.09
Math,1,2,2,2,Practical,73,4.62
English,4,2,1,1,Theory,63,7.58
Math,5,7,9,3,Conceptual,84,4.77
Chemistry,2,6,15,3,Conceptual,66,2.59
Physics,1,1,15,2,Theory,56,1.62
Programming,5,4,11,1,Conceptual,62,2.91
History,4,2,14,2,Conceptual,49,3.82
History,4,8,7,2,Theory,64,2.98
Chemistry,2,3,7,1,Theory,78,1.16
Chemistry,1,3,3,1,Theory,61,1.78
Computer Science,2,2,11,1,Theory,65,1.41
Statistics,5,8,1,4,Conceptual,70,49.44
AI,3,2,6,1,Practical,94,1.86
Machine Learning,1,5,1,2,Theory,50,4.8
Chemistry,3,7,11,3,Conceptual,80,2.92
Physics,3,6,13,1,Theory,69,1.36
Machine Learning,4,2,4,2,Conceptual,70,6.24
Biology,1,1,1,4,Theory,66,7.49
Computer Science,4,3,13,1,Conceptual,94,1.03
Geography,5,8,11,3,Conceptual,42,6.06
Economics,5,1,6,1,Conceptual,48,4.5
Chemistry,3,3,13,3,Theory,46,2.84
Computer Science,2,2,9,3,Practical,95,2.3
Economics,3,5,12,3,Theory,58,2.54
Machine Learning,5,1,6,1,Theory,52,2.87
Computer Science,1,5,4,5,Practical,88,4.47
Biology,2,6,11,5,Conceptual,79,3.19
Geography,4,3,1,5,Theory,85,32.48
Economics,2,4,3,4,Conceptual,61,8.27
Economics,3,5,13,2,Practical,77,2.76
Computer Science,4,3,13,4,Practical,74,5.25
AI,2,3,8,5,Practical,70,5.55
Geography,1,4,8,1,Practical,42,3.85
Economics,5,8,2,4,Theory,48,17.66
History,4,2,9,4,Practical,62,7.61
Economics,3,4,3,4,Conceptual,95,9.84
Physics,2,7,7,1,Conceptual,69,2.17
Geography,4,8,6,5,Practical,90,10.6
English,4,8,9,2,Conceptual,49,4.58
Economics,1,3,13,4,Conceptual,68,2.27
Math,2,8,6,3,Practical,47,6.18
Physics,2,8,2,1,Practical,55,5.7
Computer Science,4,4,12,1,Theory,87,0.95
Computer Science,1,6,10,2,Theory,74,1.15
Math,2,4,12,2,Practical,69,2.86
Chemistry,2,3,8,5,Practical,64,5.91
Geography,3,4,2,2,Practical,66,11.04
Biology,3,2,1,4,Conceptual,81,29.71
Chemistry,5,2,4,3,Practical,40,14.85
English,5,7,9,1,Conceptual,44,4.02
Chemistry,1,4,6,5,Practical,53,5.32
Statistics,1,7,1,1,Practical,63,5.22
Biology,2,5,13,2,Theory,58,1.84
Math,3,2,2,2,Theory,70,5.76
Biology,5,7,9,1,Practical,93,2.09
Programming,1,5,5,5,Conceptual,41,5.23
Programming,4,8,1,2,Practical,86,24.84
Geography,1,4,13,2,Theory,53,1.75
Physics,4,3,5,3,Theory,75,4.64
History,2,4,4,1,Theory,82,1.38
Chemistry,3,1,15,2,Theory,84,1.15
English,3,4,2,5,Practical,42,25.98
Physics,5,4,1,1,Conceptual,68,13.54
Machine Learning,1,6,9,4,Theory,52,2.25
Physics,5,1,12,5,Theory,65,4.45
Geography,4,2,12,3,Conceptual,53,4.66
Computer Science,1,5,15,1,Conceptual,53,2.42
Statistics,4,3,3,4,Conceptual,82,13.66
Math,4,1,12,1,Theory,46,2.26
AI,4,1,13,4,Conceptual,68,4.49
Statistics,2,7,15,2,Practical,61,3.14
AI,5,5,3,3,Theory,42,9.86
Machine Learning,3,4,10,5,Theory,88,2.78
Statistics,1,8,4,5,Practical,78,5.07
Machine Learning,4,8,1,1,Practical,95,12.3
Geography,1,1,8,5,Practical,76,3.31
Economics,5,6,3,1,Practical,71,6.74
Machine Learning,2,1,5,5,Practical,65,8.1
Chemistry,5,5,8,2,Conceptual,48,5.5
Physics,5,6,7,4,Theory,70,5.53
Geography,2,8,8,5,Theory,61,3.25
Machine Learning,1,6,15,2,Practical,89,1.06
Computer Science,1,1,9,3,Practical,56,3.64
Math,3,5,3,1,Theory,77,2.34
Chemistry,4,4,1,5,Conceptual,90,48.48
History,4,7,9,2,Theory,89,1.77
Math,3,2,13,2,Practical,71,3.12
Chemistry,4,2,8,1,Theory,42,2.66
Physics,1,8,14,5,Theory,53,2.08
Machine Learning,4,8,12,4,Practical,53,6.82
Chemistry,4,5,13,2,Theory,78,1.69
Geography,2,1,7,5,Conceptual,55,5.59
History,3,4,8,5,Conceptual,90,4.98
Economics,2,1,3,1,Practical,72,3.68
Physics,4,7,11,3,Theory,43,3.57
Math,2,2,3,3,Theory,83,3.74
Computer Science,4,1,6,5,Practical,50,13.0
Biology,1,8,3,1,Practical,53,3.82
History,3,1,11,3,Theory,77,2.05
Math,4,7,14,1,Conceptual,56,2.8
Chemistry,3,3,3,5,Theory,42,9.86
Computer Science,3,4,11,5,Practical,42,7.57
Chemistry,5,7,15,3,Conceptual,69,3.89
Chemistry,2,8,3,1,Theory,74,1.9
Geography,3,1,8,3,Conceptual,61,4.57
Programming,2,6,15,3,Practical,69,3.06
History,4,3,12,2,Practical,66,4.04
Math,5,7,5,1,Practical,72,4.68
Statistics,3,5,2,1,Conceptual,73,4.9
History,4,2,2,1,Practical,93,6.42
Statistics,3,2,3,1,Conceptual,53,4.66
Programming,4,5,7,3,Theory,51,4.31
Chemistry,5,8,6,4,Practical,68,11.92
Programming,1,3,1,2,Practical,47,9.18
Economics,4,1,12,4,Conceptual,75,4.4
Machine Learning,5,6,7,5,Conceptual,62,10.4
History,3,4,4,4,Practical,57,11.58
Physics,1,4,2,1,Theory,76,1.57
Statistics,5,5,3,1,Practical,81,6.14
Geography,5,7,4,1,Practical,42,7.23
Physics,2,4,10,1,Conceptual,52,2.78
Programming,3,1,14,3,Theory,88,1.41
Math,5,7,9,5,Conceptual,69,8.15
AI,2,2,3,3,Conceptual,56,6.91
Physics,2,2,12,3,Theory,92,1.06
Chemistry,4,8,4,2,Theory,54,4.67
Economics,1,1,8,3,Conceptual,40,3.78
Biology,2,8,11,5,Theory,40,3.37
AI,5,2,9,2,Conceptual,90,3.15
English,4,4,5,1,Conceptual,81,2.83
Machine Learning,4,8,3,2,Practical,55,10.7
Math,1,1,2,2,Practical,48,6.12
Economics,2,5,2,4,Conceptual,50,12.0
Economics,3,1,1,5,Conceptual,64,37.73
History,1,8,12,4,Theory,91,0.82
Geography,5,8,5,5,Practical,95,15.3
Statistics,2,8,11,1,Theory,49,1.92
Machine Learning,2,4,4,1,Theory,68,1.82
History,5,3,14,4,Theory,61,3.53
Physics,4,4,9,1,Conceptual,43,3.8
Chemistry,1,8,2,3,Theory,93,2.62
Computer Science,1,5,13,1,Conceptual,94,0.47
Economics,2,2,3,3,Theory,86,3.65
Machine Learning,4,8,15,3,Practical,75,3.9
AI,1,1,1,5,Conceptual,63,13.78
History,1,3,9,2,Conceptual,87,1.16
Computer Science,1,2,5,1,Practical,54,3.36
English,4,5,15,2,Practical,46,4.84
Programming,5,5,9,3,Practical,71,6.74
Geography,4,1,1,3,Conceptual,61,30.67
Computer Science,1,4,14,2,Theory,50,1.83
English,2,8,1,5,Practical,63,32.22
Physics,1,8,7,5,Theory,92,1.4
History,2,6,12,2,Theory,74,1.37
English,2,4,14,4,Conceptual,43,4.11
Physics,2,8,11,3,Conceptual,62,3.13
Geography,1,6,9,5,Theory,67,1.94
Economics,3,4,14,2,Practical,49,4.35
AI,4,6,10,2,Practical,56,5.04
Chemistry,3,7,11,2,Theory,94,1.06
Physics,2,1,1,4,Practical,59,26.46
Physics,1,5,13,4,Theory,66,1.58
Chemistry,4,1,10,2,Theory,93,1.5
Geography,1,4,10,5,Theory,49,2.43
English,5,1,2,4,Conceptual,79,25.01
History,5,4,1,2,Practical,47,33.18
Geography,5,2,5,5,Practical,88,15.72
Machine Learning,3,1,12,5,Practical,51,6.69
History,5,3,14,2,Theory,69,2.13
AI,1,1,10,2,Conceptual,83,1.3
AI,2,2,7,1,Conceptual,45,3.33
Computer Science,2,8,12,1,Practical,83,1.52
AI,1,3,11,5,Conceptual,87,1.71
Economics,1,7,11,4,Conceptual,77,1.98
Physics,5,1,9,3,Theory,43,4.49
History,1,2,10,5,Conceptual,92,1.58
Geography,1,1,7,2,Theory,59,1.77
Computer Science,4,6,14,4,Practical,65,5.53
Computer Science,1,5,10,3,Practical,48,4.02
History,3,7,4,4,Theory,88,5.18
Computer Science,2,1,2,1,Practical,81,4.14
Physics,1,3,7,5,Conceptual,68,3.25
Biology,3,6,9,1,Theory,44,2.33
Physics,3,1,8,1,Practical,94,1.48
History,3,1,7,3,Practical,88,4.58
Computer Science,1,6,14,1,Theory,82,0.69
Statistics,1,8,1,1,Conceptual,54,4.61
Economics,1,2,14,5,Practical,89,1.73
Economics,4,1,13,5,Conceptual,43,6.43
Economics,3,7,14,4,Theory,76,2.14
English,3,5,2,5,Theory,82,12.58
Computer Science,3,3,4,3,Conceptual,65,7.08
Geography,5,3,10,1,Practical,58,4.02
Geography,3,3,10,1,Practical,56,3.54
Geography,5,6,5,4,Practical,94,12.36
AI,3,1,10,2,Theory,89,1.31
Machine Learning,4,7,1,3,Theory,71,20.13
Machine Learning,4,8,6,1,Practical,68,3.92
Programming,2,1,11,3,Theory,65,1.99
Statistics,5,6,4,2,Conceptual,67,7.58
Geography,1,6,15,5,Practical,59,3.46
AI,3,2,6,2,Conceptual,52,4.7
AI,1,2,8,2,Conceptual,56,2.71
AI,4,1,3,1,Theory,69,3.13
Machine Learning,5,5,6,1,Theory,84,1.85
Computer Science,4,1,15,2,Practical,72,3.28
AI,1,3,3,3,Practical,82,4.08
Statistics,2,5,8,5,Practical,85,4.65
Geography,4,1,11,4,Conceptual,68,5.03
Math,5,3,2,1,Theory,87,4.42
AI,1,7,3,5,Practical,58,7.52
Physics,3,1,5,4,Conceptual,53,8.02
Chemistry,5,7,4,1,Practical,41,7.29
Statistics,4,5,4,1,Practical,60,5.4
History,3,6,4,2,Practical,41,8.04
History,1,6,11,2,Practical,52,3.43
Math,2,6,10,2,Conceptual,92,1.34
Statistics,3,6,3,4,Conceptual,49,12.05
AI,4,6,6,5,Practical,60,12.4
Statistics,4,2,10,4,Conceptual,94,4.13
Biology,1,5,10,5,Conceptual,50,3.6
Chemistry,3,3,7,3,Conceptual,53,5.34
Geography,5,6,9,5,Practical,84,9.29
Math,3,3,7,2,Theory,43,3.2
Programming,3,7,1,4,Conceptual,55,30.96
Geography,5,4,3,2,Theory,53,6.84
Economics,1,1,14,2,Theory,61,1.48
AI,4,6,10,4,Conceptual,75,5.04
English,3,8,14,4,Theory,52,2.91
Math,1,8,15,4,Conceptual,43,3.38
Programming,4,5,8,5,Practical,63,9.72
Computer Science,2,7,14,5,Conceptual,71,3.11
History,4,1,14,2,Practical,75,3.21
AI,1,2,8,4,Practical,40,5.1
Chemistry,1,5,11,3,Practical,56,3.46
Machine Learning,4,3,11,4,Practical,65,6.46
Chemistry,2,8,8,5,Theory,67,3.06
English,3,5,10,1,Theory,78,1.18
Geography,2,5,7,1,Theory,69,1.45
Chemistry,2,1,6,3,Conceptual,45,5.04
Economics,3,8,10,1,Practical,82,1.98
AI,3,2,6,2,Theory,58,2.94
Economics,3,4,5,3,Conceptual,46,6.91
Programming,4,8,11,5,Theory,87,3.33
Statistics,5,8,14,3,Theory,54,3.19
Statistics,5,5,14,5,Theory,63,4.04
Programming,2,6,3,5,Conceptual,90,8.48
Statistics,5,3,2,2,Theory,51,9.57
Math,1,1,2,1,Practical,78,2.82
History,1,8,2,5,Theory,77,4.74
Geography,5,3,14,5,Practical,58,7.88
English,5,8,8,3,Conceptual,46,7.09
Programming,4,8,1,5,Theory,61,33.25
English,1,8,12,4,Theory,90,0.85
Statistics,4,4,15,4,Conceptual,79,3.57
English,2,3,8,4,Conceptual,52,4.7
Geography,3,2,6,3,Practical,60,6.9
Economics,3,5,6,1,Practical,61,3.84
Geography,2,6,3,4,Theory,56,5.67
Computer Science,5,7,4,4,Conceptual,90,12.48
Computer Science,2,6,4,2,Practical,85,3.9
Computer Science,2,5,15,4,Theory,78,1.56
Physics,5,8,6,5,Conceptual,56,12.11
History,1,2,9,4,Theory,65,1.83
Biology,2,1,3,5,Practical,79,11.26
English,4,5,14,4,Theory,75,2.63
Geography,4,8,1,2,Practical,94,24.36
Economics,1,8,1,2,Theory,77,3.94
Machine Learning,1,8,8,3,Theory,62,1.82
Statistics,1,7,5,2,Practical,75,2.7
Economics,5,3,13,1,Practical,92,1.63
Biology,1,2,1,3,Practical,50,12.0
Machine Learning,2,1,8,3,Theory,48,2.86
Machine Learning,4,1,14,4,Practical,52,6.31
Computer Science,2,8,3,2,Theory,46,3.86
Physics,2,5,8,3,Theory,83,1.74
Physics,2,6,7,2,Theory,86,1.36
English,5,5,14,1,Conceptual,45,3.5
Biology,1,1,9,5,Practical,94,2.03
Chemistry,5,8,7,1,Practical,95,2.44
Physics,4,7,12,2,Practical,75,3.5
Machine Learning,5,2,12,3,Theory,41,3.89
History,4,7,11,3,Theory,87,2.16
History,4,2,4,3,Practical,68,10.92
Programming,4,4,14,3,Theory,64,2.52
Programming,3,1,8,3,Conceptual,53,4.96
English,2,7,1,1,Theory,69,4.19
Statistics,2,3,13,4,Conceptual,77,2.58
Statistics,5,1,14,5,Theory,64,4.01
Programming,2,2,2,3,Theory,88,5.18
Biology,5,2,5,1,Conceptual,92,2.78
Programming,4,1,7,3,Conceptual,40,6.99
AI,3,4,6,5,Theory,89,4.35
Physics,5,6,4,2,Practical,94,7.86
AI,3,2,12,5,Practical,51,6.69
Computer Science,4,5,4,4,Conceptual,67,11.18
Physics,4,7,9,2,Practical,80,3.87
Biology,4,7,3,2,Practical,76,9.44
Economics,4,7,6,4,Practical,58,10.52
Physics,3,3,15,5,Theory,58,2.94
Geography,3,8,2,3,Theory,73,8.06
AI,1,3,1,2,Conceptual,49,7.25
English,3,3,8,5,Practical,64,7.78
Math,1,3,12,3,Practical,90,1.35
Geography,1,5,14,2,Practical,54,3.19
English,3,7,12,5,Conceptual,89,3.53
Geography,2,3,15,4,Theory,87,1.27
Chemistry,2,8,13,2,Theory,81,1.1
Statistics,5,7,8,5,Practical,92,9.86
History,4,5,8,4,Conceptual,68,6.34
History,3,3,6,2,Conceptual,53,4.66
Economics,4,1,14,2,Conceptual,61,3.24
Economics,5,8,5,3,Conceptual,41,10.03
Machine Learning,1,4,1,3,Theory,56,6.21
Economics,3,6,2,1,Theory,90,2.72
AI,2,4,8,2,Conceptual,40,4.08
English,4,4,4,1,Theory,47,3.3
Biology,5,2,9,2,Practical,53,6.15
Math,2,1,4,1,Practical,71,3.24
Chemistry,5,7,10,5,Practical,85,8.4
Machine Learning,3,1,9,5,Theory,84,3.18
Physics,5,8,4,2,Practical,53,10.32
History,4,2,9,2,Conceptual,75,3.33
Statistics,2,4,15,4,Practical,75,3.1
Math,5,3,11,1,Practical,79,2.62
Biology,2,8,6,4,Theory,79,2.81
English,1,8,15,4,Practical,50,3.8
Biology,1,8,15,4,Conceptual,62,2.46
Math,2,5,14,5,Practical,92,2.62
Programming,1,5,14,2,Theory,43,2.05
Computer Science,5,4,15,4,Practical,89,4.66
Biology,3,5,4,3,Conceptual,71,6.79
Biology,2,3,14,4,Theory,63,2.1
Biology,4,4,5,5,Practical,50,15.0
Statistics,4,6,6,3,Theory,61,4.45
Chemistry,1,6,13,4,Theory,48,2.16
History,4,1,7,3,Practical,70,6.94
Math,5,1,13,1,Theory,81,1.22
Programming,3,3,14,3,Conceptual,81,2.45
History,3,1,12,3,Conceptual,40,4.68
History,3,8,6,1,Theory,87,1.22
Geography,1,8,12,4,Theory,45,2.29
Programming,1,5,9,4,Conceptual,79,2.07
English,5,1,13,2,Theory,83,1.77
Biology,2,3,5,1,Practical,85,2.1
Geography,2,5,14,3,Theory,61,1.93
English,4,8,14,5,Theory,95,2.45
AI,3,8,4,3,Theory,62,4.82
History,1,3,8,3,Practical,68,3.05
Statistics,5,4,10,1,Conceptual,60,3.12
History,5,6,15,5,Conceptual,87,4.62
Geography,4,4,10,4,Theory,79,3.23
AI,5,4,5,4,Theory,51,7.97
Physics,4,1,10,4,Theory,56,3.97
Biology,5,7,13,3,Conceptual,42,5.55
AI,3,5,14,2,Theory,71,1.61
Geography,4,5,10,2,Conceptual,55,4.08
Biology,5,7,11,4,Practical,86,6.29
Economics,3,3,10,5,Practical,48,7.62
Math,1,8,11,5,Theory,65,1.85
Computer Science,5,5,4,1,Conceptual,52,5.3
History,1,8,1,5,Conceptual,50,14.4
Machine Learning,4,2,11,3,Practical,54,6.03
Machine Learning,3,1,12,1,Conceptual,81,1.51
English,3,1,14,1,Practical,69,2.5
History,5,5,5,2,Theory,62,4.42
Programming,2,3,13,1,Conceptual,80,1.33
Statistics,2,6,14,4,Practical,92,2.19
Machine Learning,5,3,2,4,Theory,40,17.92
History,3,2,12,3,Theory,66,2.29
Machine Learning,4,6,2,2,Practical,48,15.12
AI,2,4,6,3,Practical,51,5.94
AI,3,6,1,2,Theory,70,10.56
Math,2,3,12,1,Practical,43,3.92
Statistics,3,8,10,3,Theory,60,2.72
Economics,4,3,10,2,Conceptual,77,3.02
Chemistry,5,8,8,4,Conceptual,52,8.3
Programming,4,2,3,4,Theory,67,9.59
Statistics,2,5,9,5,Practical,90,3.93
Economics,4,1,4,4,Practical,77,13.38
Biology,1,5,15,1,Theory,76,0.87
Math,4,7,1,2,Practical,53,26.82
Statistics,2,6,14,2,Practical,44,4.22
Computer Science,3,2,1,4,Practical,94,36.36
Economics,4,1,14,5,Conceptual,75,4.63
Biology,1,6,6,4,Practical,54,4.76
Statistics,1,8,6,5,Theory,49,2.97
Physics,3,4,14,5,Conceptual,47,5.12
Programming,3,1,11,3,Practical,53,5.27
Math,2,5,11,1,Conceptual,68,1.97
Programming,3,8,8,4,Conceptual,73,4.9
AI,4,6,12,5,Theory,63,3.85
Math,1,6,7,4,Practical,79,2.97
Physics,1,8,10,3,Theory,60,1.76
Programming,5,3,13,3,Practical,65,5.56
Geography,4,1,6,4,Conceptual,63,8.18
Math,2,5,9,2,Conceptual,87,1.69
Math,4,2,11,3,Conceptual,47,5.16
History,3,8,6,4,Practical,47,9.18
Economics,1,8,8,3,Conceptual,66,2.53
Statistics,3,5,8,3,Conceptual,92,3.08
History,3,8,15,3,Practical,95,2.1
Math,5,8,6,3,Theory,41,5.89
Economics,5,7,13,2,Conceptual,86,2.52
Physics,1,1,3,2,Theory,75,1.87
Machine Learning,5,2,14,4,Practical,64,6.45
Statistics,4,6,2,4,Practical,41,27.54
Math,3,4,3,5,Practical,52,17.88
Math,5,3,11,1,Theory,68,1.75
Economics,5,3,9,4,Theory,95,3.72
Physics,4,6,15,5,Practical,82,5.08
AI,5,7,5,1,Theory,71,2.53
English,4,5,15,3,Theory,81,1.89
History,1,7,4,1,Conceptual,93,0.94
Biology,4,6,4,2,Conceptual,48,7.3
AI,4,7,11,3,Theory,81,2.35
English,1,3,13,4,Conceptual,94,1.03
Computer Science,3,8,12,4,Theory,73,2.46
Programming,2,5,2,2,Practical,57,8.58
English,1,6,2,1,Conceptual,41,4.03
Statistics,1,1,11,3,Conceptual,55,2.81
English,1,6,9,5,Practical,92,2.15
Machine Learning,2,6,9,1,Conceptual,64,2.26
Statistics,5,2,6,5,Theory,63,7.85
Geography,5,3,1,2,Conceptual,85,24.72
Math,1,1,2,2,Conceptual,86,3.07
Computer Science,4,5,2,2,Conceptual,47,12.14
English,2,4,3,4,Practical,65,10.1
AI,5,2,12,2,Conceptual,75,3.2
English,5,3,6,5,Practical,71,14.24
Economics,3,2,5,2,Practical,58,6.12
Economics,1,3,11,2,Theory,70,1.25
Machine Learning,4,3,13,5,Conceptual,61,5.56
Biology,3,3,6,2,Practical,74,4.56
Economics,1,2,9,1,Theory,59,1.49
Physics,1,6,10,2,Conceptual,72,1.82
English,4,4,4,2,Theory,54,4.67
Chemistry,2,8,4,1,Theory,92,1.06
Machine Learning,3,4,3,3,Conceptual,94,7.49
English,2,8,10,2,Theory,81,1.25
Statistics,4,5,8,4,Theory,78,3.9
Math,5,7,5,2,Conceptual,40,7.68
Machine Learning,2,1,14,3,Practical,68,3.21
Economics,3,8,7,2,Practical,75,4.07
Programming,4,5,5,1,Conceptual,47,4.46
Machine Learning,5,7,7,3,Practical,75,7.93
Biology,2,4,3,4,Theory,66,5.35
Biology,2,6,5,5,Theory,51,4.77
Geography,3,3,13,1,Conceptual,89,1.08
Physics,5,5,9,3,Practical,68,6.92
Statistics,5,7,7,2,Conceptual,66,5.06
AI,2,4,2,4,Theory,64,7.55
Programming,3,8,8,4,Theory,80,3.04
Geography,1,7,12,1,Theory,88,0.52
History,4,1,15,2,Practical,72,3.28
Chemistry,5,6,7,2,Conceptual,76,4.58
Statistics,2,5,11,2,Practical,42,4.57
Biology,1,7,15,5,Practical,92,1.48
Physics,5,2,14,5,Conceptual,59,6.25
Math,1,1,7,1,Practical,81,1.57
Biology,1,3,10,2,Theory,43,2.14
Computer Science,3,6,15,3,Conceptual,46,4.03
English,1,1,2,2,Conceptual,75,3.6
History,1,3,9,5,Theory,48,2.55
AI,2,4,3,5,Conceptual,92,8.38
Geography,2,3,1,1,Theory,89,3.55
English,3,7,15,2,Theory,66,1.73
Machine Learning,1,3,15,2,Conceptual,51,2.67
Computer Science,2,6,13,2,Theory,63,1.68
Computer Science,4,1,7,2,Practical,47,6.61
Physics,4,1,7,1,Theory,75,1.71
Computer Science,2,4,6,2,Practical,77,3.38
Machine Learning,3,8,2,4,Practical,94,18.36
Programming,1,5,2,2,Practical,65,5.1
Geography,5,3,15,5,Conceptual,73,5.3
AI,3,5,12,5,Practical,81,4.89
History,1,6,8,2,Theory,64,1.55
English,1,2,10,4,Practical,56,3.84
Geography,3,5,10,1,Conceptual,68,2.26
Machine Learning,5,1,9,2,Practical,72,5.01
Economics,2,7,11,1,Practical,87,1.33
Machine Learning,1,4,5,4,Theory,93,1.5
Programming,4,5,13,5,Conceptual,64,5.42
Chemistry,5,1,14,5,Conceptual,47,6.83
Economics,5,3,9,1,Practical,54,4.43
AI,4,4,11,2,Practical,92,2.66
English,2,4,3,1,Conceptual,60,3.52
Economics,2,7,12,3,Theory,88,1.18
Chemistry,1,3,4,2,Theory,93,1.02
Physics,1,4,15,3,Theory,51,1.89
Geography,1,8,12,1,Theory,44,1.93
Biology,1,6,7,2,Conceptual,76,1.84
Computer Science,1,7,2,3,Practical,88,5.22
Economics,2,5,5,3,Conceptual,81,3.79
Programming,4,1,13,3,Practical,83,3.79
Geography,2,1,7,5,Practical,70,6.09
Economics,1,3,12,5,Practical,83,2.27
Math,5,1,12,2,Practical,87,3.28
Statistics,4,5,6,1,Conceptual,73,2.9
Chemistry,5,8,3,5,Conceptual,88,20.58
Biology,1,4,2,4,Practical,74,7.56
Programming,2,6,3,2,Conceptual,86,3.87
Chemistry,1,8,8,2,Conceptual,84,1.37
English,4,2,15,1,Conceptual,81,1.55
History,3,3,2,5,Conceptual,71,19.39
History,4,1,8,2,Theory,56,3.01
Math,3,2,13,3,Conceptual,44,4.35
Computer Science,3,8,1,1,Theory,75,5.6
Programming,3,1,12,5,Practical,49,6.81
History,3,4,14,5,Conceptual,82,3.44
English,5,1,8,3,Conceptual,76,5.65
Statistics,2,3,5,2,Conceptual,45,4.56
History,2,8,15,5,Theory,77,1.8
AI,1,1,10,1,Practical,68,2.22
Economics,5,5,5,1,Conceptual,40,5.28
Physics,2,3,10,4,Practical,93,2.82
Geography,4,4,11,4,Practical,60,6.76
Math,2,6,11,5,Conceptual,42,4.97
Statistics,2,8,9,4,Theory,92,1.68
English,3,2,6,2,Theory,86,2.05
Biology,2,1,1,3,Practical,94,18.36
AI,1,2,15,5,Theory,75,1.33
Machine Learning,3,4,12,2,Practical,94,1.86
Physics,3,3,9,5,Conceptual,80,4.96
Statistics,2,5,13,4,Theory,44,2.78
Biology,2,7,5,2,Conceptual,76,3.07
Statistics,1,5,12,3,Theory,92,0.66
Math,3,5,4,4,Practical,76,10.44
AI,4,7,8,2,Conceptual,93,2.74
Geography,2,6,15,1,Theory,90,0.53
Chemistry,1,2,2,4,Conceptual,74,6.05
Economics,1,3,7,2,Practical,60,3.26
Biology,5,6,6,4,Theory,47,7.03
Statistics,2,7,9,5,Practical,49,6.39
English,1,2,14,4,Theory,75,1.26
Economics,1,8,5,2,Practical,68,3.12
Programming,5,7,11,5,Theory,82,4.21
Computer Science,2,4,2,4,Practical,40,15.6
Programming,1,6,11,5,Theory,44,2.52
Math,1,1,10,4,Conceptual,53,3.22
Programming,3,2,11,4,Practical,74,4.83
Physics,3,7,2,3,Conceptual,84,11.57
History,4,8,10,4,Theory,65,3.68
English,1,6,1,2,Theory,84,3.71
Physics,1,4,3,5,Theory,72,3.56
Chemistry,4,1,2,1,Practical,81,7.14
Biology,1,3,5,2,Conceptual,46,3.55
Economics,5,1,15,4,Practical,45,7.3
Economics,4,5,5,2,Practical,69,6.66
Physics,5,4,13,3,Practical,64,5.62
AI,4,8,13,5,Theory,70,3.42
History,4,7,8,2,Theory,43,3.42
Machine Learning,1,3,2,4,Practical,78,7.32
Chemistry,5,8,10,1,Conceptual,56,3.31
Economics,5,5,2,2,Conceptual,59,13.97
Biology,2,3,13,4,Conceptual,45,4.12
Math,4,5,4,3,Theory,82,5.38
Economics,3,7,12,3,Conceptual,85,2.52
Biology,2,1,4,4,Practical,70,7.8
Geography,2,7,11,2,Practical,89,1.75
AI,2,6,8,3,Conceptual,87,2.42
AI,3,8,11,4,Theory,52,3.28
Statistics,4,3,12,1,Conceptual,68,2.34
Statistics,1,7,2,1,Theory,67,1.86
Chemistry,4,8,6,5,Theory,43,7.16
Statistics,4,5,15,4,Theory,73,2.57
Programming,3,2,5,1,Theory,91,1.25
Physics,4,4,1,4,Practical,66,50.04
Machine Learning,4,4,14,3,Conceptual,41,4.89
Physics,5,5,1,2,Practical,42,33.48
Geography,5,8,5,2,Practical,79,7.26
History,5,1,1,3,Conceptual,92,36.38
AI,1,7,12,1,Conceptual,41,3.03
Physics,1,1,7,2,Conceptual,70,2.13
Math,3,2,2,5,Conceptual,81,18.91
History,3,6,8,3,Practical,46,6.62
English,5,3,1,4,Conceptual,76,49.15
Computer Science,4,4,15,4,Theory,44,3.5
AI,1,4,12,1,Conceptual,73,1.5
English,4,2,15,4,Practical,50,6.2
Geography,1,5,3,1,Theory,59,1.85
Chemistry,2,6,9,2,Theory,68,1.74
Machine Learning,2,1,13,2,Conceptual,51,3.09
History,2,7,9,2,Practical,46,4.57
Computer Science,3,8,15,5,Conceptual,54,4.61
Programming,1,2,3,5,Conceptual,43,6.74
Math,1,5,12,3,Theory,81,1.01
Chemistry,3,1,5,1,Conceptual,61,3.31
Machine Learning,4,8,5,3,Practical,88,7.92
Economics,2,5,10,2,Conceptual,56,3.07
Geography,1,6,3,1,Conceptual,42,3.58
Machine Learning,3,7,6,3,Practical,44,7.86
History,2,5,6,1,Theory,68,1.56
Statistics,1,1,13,5,Practical,92,1.63
Economics,1,8,14,3,Theory,47,2.04
Math,5,6,12,5,Theory,43,5.16
Chemistry,3,1,9,4,Practical,64,6.16
Physics,4,3,3,3,Theory,81,7.01
History,3,5,8,1,Practical,51,4.06
AI,4,8,10,3,Practical,88,4.32
Programming,1,6,12,3,Theory,76,1.17
Chemistry,3,5,3,3,Theory,90,5.12
Statistics,2,5,13,4,Conceptual,56,3.59
Chemistry,2,7,11,3,Conceptual,59,3.28
English,2,2,1,5,Practical,47,33.18
Programming,5,2,2,4,Practical,67,31.98
Statistics,1,2,12,1,Theory,45,1.89
English,4,1,11,4,Theory,67,3.38
Economics,3,1,7,5,Theory,63,4.61
Biology,4,5,6,5,Practical,94,10.36
Math,3,1,13,2,Conceptual,50,3.51
Chemistry,5,6,10,3,Practical,92,4.98
Economics,3,6,2,4,Theory,66,10.69
Programming,1,6,9,5,Theory,49,2.52
Biology,5,7,15,2,Conceptual,72,2.94
Math,5,3,3,4,Conceptual,60,17.92
Programming,4,1,15,3,Practical,43,5.82
Computer Science,4,8,8,4,Theory,91,3.49
Math,1,6,6,5,Practical,42,5.98
Chemistry,3,5,4,4,Conceptual,73,8.5
Programming,1,5,5,3,Theory,86,1.41
Chemistry,2,7,2,5,Practical,44,18.36
Biology,5,3,9,5,Conceptual,89,7.19
Math,5,6,12,5,Theory,60,4.61
History,5,8,4,4,Practical,69,16.86
Biology,1,1,12,1,Theory,67,1.19
Machine Learning,1,5,2,3,Conceptual,93,3.94
Programming,2,4,14,1,Conceptual,66,1.97
Programming,2,4,2,4,Practical,41,15.54
Programming,5,7,3,3,Theory,59,9.31
English,2,6,9,2,Practical,87,2.11
Economics,3,3,11,2,Theory,53,2.38
Chemistry,3,7,10,1,Theory,82,1.06
History,2,5,11,3,Theory,81,1.48
History,4,8,1,2,Practical,78,25.32
Biology,3,7,4,2,Practical,55,7.2
Math,4,2,11,1,Conceptual,50,3.27
Statistics,5,4,15,3,Theory,51,3.17
Computer Science,3,6,5,3,Conceptual,58,6.34
Computer Science,3,6,5,2,Practical,95,3.9
Chemistry,1,3,4,5,Conceptual,57,5.06
Programming,2,6,6,1,Conceptual,63,2.58
AI,3,4,1,5,Conceptual,95,36.24
Statistics,3,5,3,2,Conceptual,40,7.68
Biology,1,1,14,4,Theory,68,1.48
Statistics,1,5,11,5,Practical,73,2.98
Statistics,2,4,13,1,Theory,44,2.04
Machine Learning,4,1,11,2,Conceptual,79,2.75
Chemistry,4,5,9,1,Theory,83,1.26
Computer Science,1,4,2,1,Practical,66,3.54
Math,1,2,12,1,Theory,61,1.38
Programming,1,4,9,2,Practical,56,3.31
English,1,4,4,3,Practical,70,4.05
History,3,4,12,2,Theory,55,2.24
Chemistry,4,7,14,4,Theory,53,3.33
Programming,2,5,2,2,Theory,62,4.42
Programming,4,4,10,4,Theory,95,2.72
Chemistry,1,7,2,4,Theory,74,4.03
English,4,4,6,1,Theory,67,2.12
Biology,2,8,13,3,Theory,64,1.89
Economics,2,7,1,3,Practical,75,19.5
Machine Learning,2,7,9,1,Practical,44,4.03
Computer Science,1,1,2,1,Conceptual,51,3.55
Geography,1,6,8,4,Practical,73,3.12
History,4,7,12,3,Practical,47,6.18
AI,2,2,13,3,Theory,84,1.25
Chemistry,5,3,13,1,Practical,74,2.71
Geography,5,6,10,1,Practical,41,5.04
Chemistry,5,4,11,2,Practical,72,4.41
AI,2,8,13,4,Practical,78,3.17
History,3,7,1,2,Conceptual,57,16.46
Biology,2,8,5,5,Conceptual,85,5.52
Biology,5,4,15,2,Theory,43,2.89
Programming,5,4,7,2,Conceptual,70,4.87
Statistics,3,8,4,3,Theory,80,4.24
Programming,3,2,2,4,Practical,71,19.74
Programming,4,4,13,5,Theory,54,3.93
Economics,5,1,1,3,Practical,70,46.8
Geography,5,3,5,2,Practical,62,8.28
Machine Learning,2,7,8,3,Theory,78,1.9
History,2,6,8,5,Conceptual,77,4.1
Machine Learning,2,8,13,5,Practical,45,5.61
History,2,4,10,1,Conceptual,85,1.2
Geography,1,3,11,3,Conceptual,53,2.91
AI,3,1,1,4,Theory,60,20.48
Geography,2,5,5,5,Theory,63,4.38
Computer Science,4,4,4,3,Conceptual,40,10.08
Machine Learning,5,3,5,2,Conceptual,83,5.62
Math,5,1,2,2,Theory,46,9.73
History,2,7,10,2,Conceptual,75,2.16
Machine Learning,4,6,10,4,Theory,48,4.22
Chemistry,3,4,12,4,Theory,47,3.3
Economics,5,4,14,3,Conceptual,51,4.92
Physics,5,1,3,3,Practical,77,16.38
Machine Learning,1,6,2,4,Conceptual,92,5.18
AI,5,8,10,1,Practical,89,2.16
AI,4,6,14,5,Practical,53,7.11
Chemistry,4,5,7,4,Conceptual,95,5.73
Chemistry,3,1,8,5,Conceptual,54,6.71
Economics,2,4,4,5,Practical,41,11.04
Physics,5,1,5,2,Conceptual,43,7.54
Physics,2,5,12,5,Theory,91,1.62
Machine Learning,2,3,14,1,Theory,80,0.87
Statistics,5,6,10,1,Practical,86,2.34
Chemistry,5,7,2,3,Theory,83,12.54
Statistics,3,6,6,2,Conceptual,76,3.55
Geography,5,3,11,3,Theory,58,3.53
English,1,4,13,5,Theory,57,1.99
Machine Learning,4,3,3,1,Conceptual,57,5.26
AI,4,1,14,3,Theory,58,2.72
Biology,1,4,1,4,Practical,41,15.54
Programming,2,6,8,4,Theory,63,2.78
Computer Science,5,2,3,3,Conceptual,45,14.64
Programming,5,2,11,2,Theory,47,3.15
AI,3,5,8,5,Conceptual,84,5.27
Computer Science,3,2,15,1,Conceptual,52,2.78
History,4,3,4,5,Practical,52,17.88
Computer Science,2,3,1,1,Practical,62,8.28
History,3,3,6,2,Conceptual,72,3.74
AI,2,8,15,2,Conceptual,70,2.08
Statistics,2,6,3,5,Theory,52,6.87
Physics,1,7,8,3,Theory,62,1.82
AI,4,5,1,4,Practical,49,51.06
Geography,5,5,12,3,Practical,70,5.55
Geography,4,7,6,4,Practical,69,9.86
AI,1,7,8,5,Practical,41,5.42
AI,4,8,1,5,Conceptual,55,50.16
Chemistry,5,3,4,3,Practical,48,14.37
AI,3,6,14,2,Practical,82,2.37
Programming,4,4,13,2,Theory,66,2.07
Programming,5,2,3,5,Conceptual,60,21.92
Statistics,5,4,4,5,Practical,67,20.73
Economics,3,2,6,5,Practical,79,8.76
English,5,8,15,1,Practical,90,1.6
Math,1,2,1,4,Conceptual,52,11.9
Computer Science,2,2,12,1,Theory,74,1.1
Chemistry,1,2,15,4,Practical,46,4.04
Biology,3,1,2,4,Theory,63,10.78
Machine Learning,3,8,10,5,Theory,70,3.36
English,5,6,1,1,Conceptual,45,14.64
Programming,1,2,14,2,Theory,93,0.45
History,4,1,15,4,Practical,66,5.24
English,5,3,13,2,Theory,86,1.68
Chemistry,5,1,10,2,Practical,49,6.06
Programming,3,4,7,4,Conceptual,91,4.55
Computer Science,4,6,15,3,Practical,61,4.74
Statistics,5,2,1,2,Conceptual,71,25.39
Math,4,8,10,1,Conceptual,49,3.41
English,4,7,12,3,Conceptual,65,4.08
Machine Learning,4,2,1,4,Conceptual,63,40.18
Biology,3,2,11,4,Conceptual,44,5.31
Programming,1,6,8,2,Conceptual,86,1.27
Statistics,4,8,5,4,Theory,65,6.24
Geography,3,2,3,4,Practical,69,13.86
Economics,4,6,7,4,Practical,53,9.68
Machine Learning,3,6,5,2,Conceptual,60,4.8
Statistics,2,4,7,5,Practical,59,6.75
Machine Learning,5,6,7,4,Theory,43,6.4
English,1,3,15,1,Theory,93,0.33
Math,1,3,13,3,Theory,77,1.11
English,4,3,9,1,Practical,51,4.27
English,3,6,3,3,Practical,84,9.96
Physics,3,1,9,4,Theory,68,3.16
Physics,1,1,13,3,Conceptual,76,1.71
AI,2,2,1,4,Conceptual,62,21.02
History,1,2,7,4,Theory,90,1.23
Geography,2,4,1,5,Conceptual,76,25.15
Geography,5,6,9,5,Practical,94,8.69
Machine Learning,3,7,7,2,Conceptual,81,2.97
English,4,7,1,3,Conceptual,95,29.04
Physics,1,4,11,4,Practical,46,4.33
Machine Learning,1,8,14,5,Theory,75,1.37
Chemistry,2,7,15,2,Practical,60,3.2
History,1,5,1,4,Theory,77,7.14
Machine Learning,4,4,12,1,Conceptual,53,3.06
AI,5,8,5,1,Theory,89,1.95
Computer Science,4,3,15,3,Practical,92,2.88
English,1,5,15,5,Practical,40,4.6
Computer Science,5,1,4,3,Theory,88,6.38
Machine Learning,2,6,9,4,Theory,73,2.29
AI,3,5,3,4,Practical,72,13.68
Geography,3,4,3,3,Practical,87,9.78
Chemistry,4,8,7,2,Practical,81,4.57
AI,5,4,7,5,Theory,57,7.09
English,1,2,14,4,Conceptual,43,3.42
Programming,2,2,6,4,Practical,79,5.26
History,4,3,9,3,Conceptual,41,6.03
English,3,5,9,4,Practical,94,4.36
Biology,4,5,3,3,Practical,57,14.58
Biology,3,7,3,5,Conceptual,85,12.72
Chemistry,3,3,8,1,Conceptual,93,1.24
AI,1,5,2,1,Theory,40,2.72
Biology,2,6,6,5,Theory,54,4.14
Machine Learning,3,4,15,5,Conceptual,84,3.17
AI,2,4,9,1,Theory,75,1.16
Programming,1,7,3,1,Conceptual,56,2.91
History,3,8,14,2,Conceptual,41,3.86
Chemistry,3,5,5,1,Practical,52,4.68
Biology,1,3,4,2,Conceptual,89,1.73
Programming,4,8,9,5,Theory,47,5.25
Chemistry,3,6,4,2,Practical,77,5.88
Math,4,5,15,2,Theory,73,1.72
Math,5,1,5,4,Conceptual,71,10.99
Chemistry,4,1,6,3,Theory,66,4.29
Chemistry,1,5,3,4,Conceptual,84,3.97
Statistics,2,7,3,2,Practical,58,6.52
Computer Science,2,7,5,5,Conceptual,46,7.39
Programming,4,5,14,5,Theory,91,2.57
Geography,1,3,5,5,Theory,78,2.3
Statistics,2,4,11,3,Conceptual,69,2.8
Chemistry,3,2,7,1,Theory,82,1.26
English,1,1,5,4,Theory,94,1.47
Biology,1,8,7,1,Conceptual,66,1.97
Computer Science,3,3,4,4,Conceptual,72,8.54
Physics,1,2,2,4,Theory,77,3.94
Statistics,3,1,10,3,Practical,73,4.32
Programming,4,6,6,3,Practical,72,7.68
Chemistry,5,2,13,1,Conceptual,53,3.18
Computer Science,2,5,13,3,Practical,59,3.84
Machine Learning,2,1,14,2,Practical,64,3.02
Biology,2,8,11,2,Practical,92,1.57
Statistics,2,8,12,5,Practical,51,5.44
Programming,2,2,7,5,Theory,57,3.66
Machine Learning,2,8,5,2,Practical,50,5.4
Biology,3,7,2,2,Practical,54,11.76
Statistics,3,6,6,1,Theory,45,2.56
Chemistry,5,5,6,4,Conceptual,59,9.97
Biology,1,1,14,4,Conceptual,47,3.23
English,2,4,12,1,Theory,79,0.94
History,3,6,1,4,Theory,79,19.87
Programming,1,3,11,4,Theory,86,1.03
Math,5,1,6,4,Practical,45,13.3
History,1,4,11,2,Practical,61,2.89
Statistics,5,8,12,2,Conceptual,94,2.29
Machine Learning,2,2,13,5,Practical,94,2.67
Economics,4,6,11,1,Practical,41,4.63
Geography,1,3,11,2,Practical,68,2.47
History,2,7,8,5,Theory,58,3.34
Economics,3,6,12,4,Theory,56,3.01
Geography,1,4,6,2,Conceptual,57,2.86
Biology,3,2,8,4,Theory,56,3.81
Machine Learning,2,8,13,5,Practical,89,2.97
History,2,2,2,3,Theory,95,4.96
Geography,2,6,5,5,Practical,74,7.56
History,4,7,4,1,Practical,58,5.52
Programming,3,7,10,3,Theory,82,2.02
Economics,2,4,5,2,Theory,67,2.34
Biology,3,3,7,5,Conceptual,41,7.97
Programming,3,1,6,2,Theory,69,2.59
English,1,6,7,5,Conceptual,42,4.5
Statistics,4,6,7,1,Conceptual,80,2.33
Chemistry,4,5,4,2,Practical,49,9.06
Biology,5,1,3,3,Practical,90,15.6
Economics,2,2,13,2,Practical,75,2.42
Geography,3,7,7,3,Practical,76,5.3
History,5,7,4,1,Theory,73,2.86
Economics,2,7,1,5,Practical,77,31.38
Geography,4,7,6,2,Conceptual,49,5.65
Machine Learning,2,1,13,3,Practical,71,3.12
Biology,4,3,5,3,Practical,52,10.08
Economics,4,7,4,5,Conceptual,79,13.01
Chemistry,3,3,8,3,Theory,65,2.92
Machine Learning,5,5,9,1,Theory,79,1.56
Programming,4,4,15,1,Conceptual,59,2.61
Machine Learning,5,6,12,2,Conceptual,79,3.01
Biology,5,6,14,3,Practical,52,6.09
Chemistry,1,1,2,3,Conceptual,52,5.9
Programming,2,7,11,1,Conceptual,66,2.07
Biology,5,5,5,3,Practical,58,11.52
English,1,3,14,4,Theory,60,1.74
Economics,3,3,7,3,Theory,88,2.44
AI,3,4,8,4,Practical,89,5.16
Biology,4,2,13,2,Theory,65,2.1
Physics,2,6,15,1,Practical,43,3.82
Biology,4,7,5,1,Conceptual,63,3.7
Physics,1,2,1,5,Conceptual,60,13.92
AI,3,6,12,4,Theory,55,3.04
Chemistry,1,6,6,1,Practical,43,3.92
AI,5,3,4,1,Conceptual,85,3.72
AI,4,2,7,1,Conceptual,65,3.05
Biology,5,7,15,1,Theory,41,2.42
Machine Learning,4,8,1,3,Practical,64,38.16
Math,1,7,4,2,Theory,59,2.11
Geography,2,6,2,1,Theory,78,2.3
History,2,1,14,2,Conceptual,68,2.22
AI,4,1,12,4,Theory,93,2.36
Computer Science,2,7,9,5,Practical,58,5.85
Machine Learning,2,7,2,4,Theory,53,7.9
Math,1,2,14,5,Conceptual,91,1.29
AI,5,5,5,4,Conceptual,43,12.34
AI,3,2,7,4,Practical,75,6.64
Statistics,5,6,10,1,Theory,55,2.24
Geography,2,6,5,2,Theory,66,2.37
Statistics,1,3,5,2,Conceptual,71,2.35
Machine Learning,3,5,5,1,Theory,57,2.34
Computer Science,5,1,7,2,Conceptual,59,5.4
Biology,3,6,13,1,Practical,81,1.83
Math,3,1,2,4,Practical,48,21.12
Biology,5,3,1,1,Conceptual,58,14.02
Machine Learning,5,4,9,3,Conceptual,64,5.73
Computer Science,5,2,9,5,Theory,87,4.86
AI,5,3,14,1,Conceptual,93,1.19
Physics,3,4,6,1,Conceptual,45,3.84
Physics,3,8,2,4,Theory,40,11.52
Statistics,1,5,6,4,Theory,67,2.12
Biology,2,3,10,4,Conceptual,69,3.41
Math,1,4,10,2,Practical,58,3.12
Statistics,3,7,8,1,Theory,80,1.24
Chemistry,4,3,13,3,Conceptual,57,4.28
Geography,4,1,6,3,Conceptual,58,6.82
Economics,2,5,7,5,Conceptual,56,5.54
Machine Learning,4,5,10,2,Practical,69,4.26
Biology,2,7,8,2,Practical,89,2.16
Physics,1,5,15,1,Theory,48,1.77
Programming,2,1,14,4,Practical,52,4.59
Geography,1,8,8,1,Conceptual,53,2.56
Computer Science,1,1,10,5,Practical,46,4.74
History,3,5,7,3,Theory,78,2.76
Math,4,2,15,2,Conceptual,55,3.44
Statistics,3,2,5,1,Theory,95,1.12
Economics,4,1,15,4,Conceptual,74,3.81
Geography,2,5,4,1,Practical,58,4.02
English,4,6,11,1,Theory,90,0.9
Geography,5,1,7,3,Practical,76,7.87
Geography,5,3,8,1,Conceptual,89,2.03
Biology,2,3,6,5,Theory,78,3.37
Computer Science,5,6,7,1,Conceptual,58,3.73
Biology,3,1,3,5,Conceptual,51,14.35
Machine Learning,4,7,5,3,Practical,72,8.88
Programming,4,2,1,1,Theory,41,8.29
English,4,8,15,5,Theory,79,2.81
Statistics,4,6,7,3,Practical,70,6.94
AI,4,8,14,5,Practical,50,7.29
Machine Learning,1,7,3,1,Theory,70,1.49
AI,2,3,10,3,Conceptual,93,1.78
Biology,5,1,10,5,Theory,47,5.7
AI,2,7,9,3,Conceptual,73,2.9
Statistics,4,2,5,3,Conceptual,52,8.06
Statistics,5,4,10,3,Theory,77,3.14
Math,3,3,9,4,Conceptual,82,4.06
History,5,6,10,4,Conceptual,84,5.57
Programming,1,4,1,5,Theory,80,8.64
AI,3,5,3,3,Conceptual,63,8.98
Chemistry,3,6,9,3,Conceptual,62,4.22
Economics,5,5,13,5,Practical,51,8.71
Physics,5,7,2,1,Practical,56,10.14
Computer Science,1,6,10,4,Practical,52,4.08
Physics,1,7,11,4,Practical,48,4.21
Economics,5,1,6,4,Theory,65,6.45
Chemistry,3,2,11,2,Theory,87,1.29
Math,3,3,13,2,Practical,76,2.82
Statistics,1,5,15,4,Theory,44,2.22
Chemistry,3,3,8,3,Practical,52,6.25
English,4,4,13,3,Practical,65,4.87
Machine Learning,1,2,5,3,Theory,60,2.24
AI,4,4,14,5,Practical,66,6.33
Computer Science,1,7,13,3,Theory,78,1.07
Programming,1,5,7,2,Conceptual,54,2.89
History,5,5,2,4,Conceptual,76,25.15
Biology,4,4,7,5,Practical,41,12.11
Programming,1,3,11,5,Practical,57,3.94
Chemistry,3,1,11,4,Conceptual,59,4.59
Biology,4,1,7,3,Conceptual,87,4.74
Chemistry,4,8,8,4,Theory,67,4.26
Geography,4,3,10,5,Theory,44,4.99
Physics,1,3,10,1,Theory,94,0.35
Chemistry,5,2,7,1,Theory,48,2.81
Statistics,3,6,11,4,Theory,43,3.57
AI,5,2,8,4,Practical,82,8.58
Math,4,7,3,1,Conceptual,72,4.54
English,3,7,9,3,Practical,87,3.78
Programming,4,4,2,3,Practical,63,20.22
English,4,6,2,2,Conceptual,60,11.52
History,1,2,8,3,Theory,79,1.27
Math,4,4,2,5,Conceptual,51,26.35
Physics,1,5,1,5,Theory,60,9.28
Biology,3,8,14,2,Theory,86,1.13
English,5,2,2,3,Conceptual,93,18.34
Machine Learning,1,3,14,5,Practical,68,2.99
Biology,1,2,9,3,Theory,62,1.75
Economics,2,6,10,3,Conceptual,79,2.45
Biology,3,8,10,3,Theory,74,2.27
Economics,3,2,3,4,Conceptual,65,11.28
Economics,1,7,11,2,Theory,84,0.8
Machine Learning,1,1,14,1,Theory,75,0.91
Statistics,5,7,10,5,Practical,94,7.86
Statistics,5,7,5,1,Theory,71,2.53
English,1,8,7,1,Conceptual,62,2.17
English,5,3,7,1,Theory,57,2.52
Math,1,7,10,1,Conceptual,40,3.12
Machine Learning,2,8,15,3,Theory,77,1.38
History,2,3,9,3,Theory,47,2.76
Computer Science,1,6,5,2,Conceptual,53,3.22
Physics,4,5,12,3,Theory,50,3.2
Chemistry,5,1,7,1,Theory,60,2.42
AI,5,1,13,1,Conceptual,88,1.5
Chemistry,3,8,10,2,Practical,62,4.08
Chemistry,3,5,2,2,Practical,95,9.3
Physics,3,1,3,4,Conceptual,58,11.62
Geography,1,7,9,1,Conceptual,70,1.71
History,2,3,13,5,Theory,68,2.25
Machine Learning,1,1,4,3,Theory,53,2.7
Programming,1,6,7,4,Conceptual,91,1.8
AI,1,7,12,5,Theory,88,1.05
Computer Science,2,1,1,4,Conceptual,68,20.74
Economics,5,8,9,3,Conceptual,74,5.25
AI,5,1,6,4,Conceptual,62,9.82
English,1,5,10,2,Theory,52,1.86
English,5,3,4,4,Theory,76,8.77
Geography,1,2,9,2,Theory,75,1.16
Chemistry,3,1,5,1,Practical,85,2.7
Math,3,2,3,4,Conceptual,56,11.71
Geography,4,6,4,2,Practical,86,6.84
Math,5,5,15,3,Theory,49,3.23
AI,2,1,8,3,Practical,49,5.31
History,1,3,2,5,Theory,63,5.18
Statistics,2,4,6,4,Conceptual,54,5.41
Biology,2,2,15,4,Conceptual,61,3.15
Math,1,1,12,1,Theory,87,0.55
Computer Science,4,6,11,3,Theory,70,2.71
History,2,8,2,2,Theory,82,3.78
Geography,3,5,12,2,Conceptual,84,1.97
Chemistry,4,6,4,1,Theory,95,1.76
AI,3,3,12,3,Practical,52,5.13
Geography,1,7,1,4,Practical,88,12.72
Computer Science,2,5,1,2,Theory,40,8.32
History,5,5,8,5,Conceptual,49,9.95
Computer Science,4,2,5,4,Practical,58,12.12
Economics,1,6,1,2,Conceptual,41,7.63
Statistics,1,6,7,2,Practical,42,4.34
Geography,5,7,4,1,Theory,61,3.25
Machine Learning,3,8,1,2,Conceptual,58,16.42
Machine Learning,5,6,4,1,Conceptual,68,4.54
AI,1,8,12,2,Conceptual,61,2.27
Computer Science,2,4,3,5,Theory,52,6.87
Chemistry,3,8,15,3,Conceptual,94,1.73
Computer Science,5,3,4,3,Practical,64,13.41
Computer Science,5,2,15,4,Theory,82,2.71
Math,5,4,9,4,Theory,83,4.1
Economics,3,4,15,1,Theory,44,2.11
Economics,5,7,13,3,Conceptual,56,4.88
Economics,1,4,11,1,Theory,66,1.23
English,4,7,7,1,Conceptual,57,3.44
Biology,2,6,4,3,Theory,40,4.32
History,3,1,15,3,Conceptual,60,3.36
Economics,3,6,12,2,Practical,89,2.16
Computer Science,5,5,10,5,Conceptual,63,7.78
Geography,2,4,2,5,Practical,90,15.6
Programming,4,2,5,1,Conceptual,40,4.8
Geography,3,3,11,5,Practical,68,6.01
AI,3,2,5,5,Practical,84,9.96
Economics,1,5,15,5,Conceptual,42,3.58
AI,4,7,13,1,Theory,48,2.16
Programming,1,2,14,3,Practical,71,2.38
Computer Science,2,4,12,4,Conceptual,63,3.38
Statistics,4,6,14,4,Theory,42,3.68
English,5,6,3,5,Practical,86,25.84
English,3,3,5,1,Conceptual,73,2.74
Machine Learning,5,8,7,1,Theory,84,1.65
Computer Science,1,5,10,2,Theory,41,2.21
Statistics,5,5,3,2,Conceptual,51,10.35
AI,2,5,1,1,Theory,51,4.77
Math,3,1,4,5,Practical,66,13.29
Economics,1,6,11,5,Theory,58,2.07
Geography,1,2,1,4,Theory,41,8.29
Chemistry,5,8,12,5,Practical,72,7.93
Programming,1,1,7,4,Conceptual,51,3.72
Economics,4,4,10,3,Practical,80,4.8
Math,3,8,8,3,Practical,57,5.96
Programming,2,6,8,1,Practical,69,2.61
Geography,1,1,8,5,Practical,90,2.47
Computer Science,1,6,14,3,Conceptual,66,2.15
Chemistry,4,8,11,1,Practical,60,3.49
History,5,4,8,3,Practical,47,8.8
Programming,5,5,1,5,Conceptual,58,62.02
Statistics,2,5,7,2,Theory,93,1.14
Geography,4,7,15,5,Conceptual,57,5.26
Programming,2,8,12,3,Theory,91,1.09
Physics,1,1,13,2,Practical,45,3.76
Machine Learning,5,3,7,2,Theory,52,3.82
Programming,1,1,13,2,Theory,67,1.3
Computer Science,3,6,11,5,Theory,82,2.76
English,4,1,14,2,Theory,64,2.07
Economics,5,5,14,4,Practical,87,5.07
Geography,1,5,11,4,Conceptual,75,2.07
Machine Learning,5,3,11,3,Practical,74,5.65
Biology,1,5,7,3,Conceptual,54,3.24
Biology,1,7,9,3,Theory,68,1.56
Computer Science,4,3,7,1,Practical,91,2.25
History,2,6,1,4,Theory,81,13.41
Programming,1,7,13,1,Practical,86,1.07
Programming,1,2,15,5,Theory,81,1.14
Economics,1,7,11,1,Conceptual,54,2.43
Machine Learning,2,3,4,5,Conceptual,95,6.24
Computer Science,2,1,13,5,Theory,75,2.03
Programming,2,7,14,4,Conceptual,63,3.15
Economics,3,1,10,4,Conceptual,90,3.36
Geography,2,1,12,2,Conceptual,62,2.62
Computer Science,2,5,9,4,Conceptual,67,3.72
English,3,4,2,5,Theory,84,12.51
Machine Learning,3,3,6,1,Theory,84,1.31
Biology,5,6,10,3,Practical,50,7.5
Computer Science,4,5,15,2,Theory,53,2.36
Math,4,1,11,5,Theory,68,3.93
Machine Learning,2,6,13,4,Conceptual,71,2.87
Geography,4,1,4,2,Practical,64,8.16
Computer Science,1,3,4,1,Practical,40,4.35
English,3,7,15,4,Practical,53,5.22
Economics,4,7,14,3,Conceptual,93,2.39
Machine Learning,3,5,10,2,Theory,95,1.12
Geography,2,1,2,1,Practical,82,4.08
Physics,4,4,9,5,Conceptual,76,6.49
Chemistry,5,5,7,1,Practical,66,4.18
AI,4,3,14,3,Conceptual,42,4.84
Physics,5,1,7,5,Practical,55,13.41
Chemistry,5,3,14,1,Practical,44,4.43
Geography,2,3,14,1,Theory,88,0.61
Statistics,2,8,2,1,Conceptual,41,5.23
English,4,8,12,4,Theory,51,3.7
History,5,8,14,5,Practical,80,6.56
Statistics,5,8,7,5,Conceptual,65,10.25
Computer Science,1,8,12,3,Conceptual,78,1.66
Programming,1,1,5,2,Practical,59,3.66
Computer Science,3,5,11,1,Conceptual,74,1.9
Chemistry,4,5,14,2,Theory,68,1.94
Math,4,8,11,3,Theory,57,3.12
Geography,1,8,6,5,Practical,90,3.1
English,3,4,15,1,Practical,76,2.04
Computer Science,4,4,1,1,Conceptual,81,10.51
Machine Learning,1,6,1,5,Practical,44,18.36
Biology,5,4,14,1,Conceptual,94,1.15
English,3,1,1,3,Practical,41,30.54
Economics,3,8,4,2,Practical,40,8.1
Programming,5,8,6,5,Practical,59,14.96
Machine Learning,5,6,11,4,Conceptual,46,6.96
Biology,5,2,9,3,Conceptual,87,4.62
Chemistry,1,6,12,5,Theory,80,1.31
Chemistry,2,2,8,3,Practical,89,2.91
Math,2,1,10,5,Practical,40,6.6
Statistics,2,2,7,2,Conceptual,61,3.24
Machine Learning,4,3,5,5,Conceptual,46,12.19
Physics,5,4,2,4,Theory,81,16.61
Chemistry,1,6,6,1,Theory,64,1.42
English,5,6,7,5,Conceptual,43,11.31
Economics,2,2,14,1,Practical,67,2.41
Economics,4,6,2,2,Conceptual,88,10.18
Physics,3,7,3,5,Theory,58,9.34
Statistics,2,6,9,2,Practical,94,1.69
Biology,5,5,9,1,Theory,71,1.82
Math,3,2,3,4,Theory,79,7.07
Computer Science,3,6,2,5,Theory,65,13.12
English,5,7,10,5,Theory,58,5.34
Computer Science,2,3,12,1,Conceptual,71,1.79
Programming,1,3,11,1,Theory,58,1.49
Economics,4,4,4,3,Theory,85,5.28
History,1,6,11,4,Theory,89,0.93
Physics,1,4,13,5,Conceptual,69,2.41
Computer Science,5,3,10,1,Conceptual,44,3.89
AI,2,4,9,5,Conceptual,55,4.83
Math,3,7,3,4,Conceptual,47,12.14
AI,1,2,14,5,Conceptual,46,3.45
Chemistry,2,4,3,4,Theory,81,4.87
English,1,8,5,4,Conceptual,53,4.18
English,4,8,1,3,Conceptual,42,31.58
Economics,4,7,5,5,Theory,59,7.71
Math,3,2,7,1,Practical,55,3.99
Economics,5,3,9,5,Theory,66,5.53
Physics,1,1,14,1,Practical,93,0.63
Geography,2,6,13,1,Theory,50,1.85
Statistics,4,1,2,4,Practical,76,25.44
History,1,7,7,4,Practical,78,3.03
AI,2,3,6,4,Conceptual,74,4.45
Machine Learning,4,6,7,1,Theory,51,2.48
Chemistry,3,3,6,3,Theory,95,2.56
Statistics,5,2,6,4,Practical,65,12.1
Economics,3,3,8,5,Conceptual,54,6.71
AI,1,3,9,5,Practical,65,3.77
Physics,3,8,3,5,Theory,66,9.09
Math,2,2,8,2,Theory,86,1.25
Computer Science,2,8,4,2,Conceptual,46,4.99
Computer Science,4,2,4,1,Practical,78,4.32
Physics,1,2,1,5,Practical,72,16.68
History,2,1,5,3,Practical,64,5.76
Biology,5,1,10,3,Conceptual,91,4.03
Math,3,4,6,2,Practical,63,5.22
Chemistry,1,2,6,1,Conceptual,78,1.46
History,1,2,8,3,Conceptual,40,3.78
Programming,4,5,6,4,Conceptual,63,8.18
Physics,5,8,5,2,Theory,57,4.58
Economics,3,8,5,2,Conceptual,60,4.8
Geography,5,3,13,4,Theory,59,3.77
Chemistry,2,6,10,3,Conceptual,87,2.06
Math,2,3,9,2,Theory,58,2.06
Programming,3,5,2,3,Practical,74,15.06
Geography,4,7,12,4,Theory,60,3.41
Programming,2,5,10,4,Practical,87,3.18
Biology,5,4,10,5,Conceptual,58,8.02
Geography,2,5,5,5,Theory,89,3.55
Statistics,3,8,11,3,Practical,49,5.51
Economics,4,2,10,3,Conceptual,60,4.8
Geography,1,3,7,2,Theory,58,1.8
Biology,3,5,6,2,Practical,43,6.42
English,5,5,2,5,Conceptual,63,31.78
Programming,1,7,4,2,Conceptual,82,2.06
Chemistry,2,3,4,4,Practical,57,8.58
English,5,8,5,1,Theory,66,2.69
English,5,8,7,3,Practical,82,7.51
Computer Science,3,2,12,2,Conceptual,48,3.7
Chemistry,5,8,9,5,Theory,86,4.89
Statistics,4,3,13,1,Practical,61,3.26
Statistics,1,4,13,4,Conceptual,52,3.04
Computer Science,3,2,1,2,Practical,77,19.38
History,1,2,12,2,Conceptual,79,1.41
Programming,1,5,4,1,Conceptual,40,3.48
Economics,4,8,8,2,Practical,74,4.56
Statistics,1,6,9,5,Theory,73,1.75
Economics,1,6,11,5,Conceptual,43,3.83
Machine Learning,4,7,11,2,Conceptual,55,3.91
Computer Science,2,4,1,4,Practical,95,24.3
Geography,4,6,8,2,Conceptual,93,2.74
AI,2,2,5,2,Theory,57,2.66
Programming,1,2,10,5,Conceptual,44,3.89
English,5,6,12,3,Theory,55,3.44
AI,1,5,10,5,Practical,48,4.62
Physics,5,6,7,4,Practical,67,10.55
English,4,8,10,4,Theory,74,3.39
Statistics,2,5,12,4,Theory,65,2.19
Economics,1,3,14,2,Conceptual,80,1.3
Math,5,2,13,3,Conceptual,42,5.55
Math,1,3,6,5,Practical,72,4.18
English,1,4,12,2,Theory,57,1.64
AI,3,6,11,1,Practical,86,1.66
Biology,4,1,1,4,Practical,47,51.18
Chemistry,4,3,1,4,Practical,64,50.16
Programming,1,6,10,1,Conceptual,72,1.58
History,2,1,4,4,Practical,89,6.66
Computer Science,2,4,14,2,Theory,68,1.48
Math,1,6,6,3,Conceptual,91,1.63
Machine Learning,4,6,14,4,Theory,42,3.68
Statistics,5,3,14,3,Theory,52,3.25
Physics,1,2,11,5,Practical,45,4.66
History,3,6,10,5,Theory,61,3.65
Programming,4,3,6,1,Conceptual,66,3.23
Chemistry,1,3,15,3,Theory,61,1.57
Biology,2,4,14,1,Theory,93,0.45
Computer Science,3,5,9,5,Practical,58,7.52
Biology,4,4,3,3,Conceptual,65,11.28
Machine Learning,5,7,12,4,Theory,92,2.92
Chemistry,4,8,7,5,Practical,57,11.15
Physics,5,7,7,4,Theory,69,5.56
AI,2,5,12,3,Theory,84,1.31
Geography,3,4,10,1,Theory,55,1.92
History,3,7,6,4,Theory,45,4.96
AI,5,3,5,4,Practical,48,15.12
History,2,2,11,2,Conceptual,71,2.26
English,1,5,5,5,Conceptual,66,4.03
Geography,5,8,13,3,Theory,75,2.65
Programming,1,5,8,1,Conceptual,77,1.4
Physics,2,1,1,1,Practical,57,8.58
AI,1,6,7,1,Practical,61,2.77
History,2,1,14,5,Practical,81,3.28
Biology,1,2,1,4,Practical,81,13.14
Computer Science,4,1,3,2,Practical,48,11.12
Machine Learning,2,1,7,3,Practical,61,4.91
History,3,5,3,4,Practical,60,14.4
Programming,5,4,3,4,Practical,47,23.18
Chemistry,1,8,14,2,Conceptual,74,1.59
Statistics,5,8,6,1,Theory,49,2.97
English,4,8,13,4,Conceptual,62,4.78
AI,5,4,11,4,Conceptual,81,5.28
History,1,1,5,5,Practical,57,5.58
Geography,5,5,1,5,Theory,68,41.02
History,4,8,3,1,Theory,58,3.48
Geography,3,8,1,3,Practical,91,27.54
Programming,2,6,12,2,Practical,62,3.28
Chemistry,4,3,13,1,Conceptual,83,1.55
English,4,7,3,4,Conceptual,50,15.2
Chemistry,3,1,1,2,Practical,67,19.98
History,5,7,2,5,Practical,69,39.36
Statistics,1,1,5,1,Practical,79,1.86
Machine Learning,2,6,1,4,Practical,77,25.38
AI,5,6,15,2,Conceptual,58,3.62
Chemistry,5,2,4,4,Practical,62,17.28
Computer Science,5,7,5,5,Theory,94,8.19
Programming,2,8,4,4,Conceptual,47,7.34
Computer Science,2,4,13,2,Theory,51,2.06
Statistics,4,8,1,4,Theory,91,25.89
Math,5,1,3,2,Theory,55,6.77
Programming,5,2,1,5,Conceptual,88,60.58
Statistics,5,4,15,5,Conceptual,94,4.29
History,2,4,12,4,Theory,95,1.23
Programming,5,4,5,4,Theory,40,8.32
Machine Learning,5,5,7,5,Theory,84,6.23
AI,5,3,14,5,Theory,44,4.65
English,5,2,6,1,Practical,59,4.96
AI,4,4,14,4,Practical,55,6.13
Programming,4,7,8,5,Conceptual,51,8.35
Geography,1,3,11,3,Practical,78,2.14
Computer Science,5,3,10,2,Practical,49,6.06
Computer Science,1,5,11,4,Theory,93,0.81
Math,3,6,8,2,Practical,56,4.89
Machine Learning,3,6,2,3,Theory,46,8.93
English,3,6,1,4,Practical,88,36.72
English,2,1,10,1,Practical,40,4.2
Computer Science,1,4,14,5,Practical,73,2.69
AI,1,3,6,4,Practical,79,3.26
AI,1,7,14,4,Conceptual,55,2.85
Programming,1,1,9,1,Conceptual,54,2.47
Biology,2,6,10,5,Theory,60,2.88
Statistics,5,2,4,3,Theory,64,7.15
Machine Learning,5,7,2,4,Practical,49,33.06
English,4,7,5,5,Practical,60,14.4
Biology,5,2,7,1,Conceptual,66,3.35
Geography,3,6,8,5,Theory,78,3.7
Statistics,5,6,11,2,Conceptual,72,3.53
Computer Science,5,7,1,5,Conceptual,49,62.45
Geography,1,8,6,2,Practical,86,1.84
Biology,1,6,6,5,Theory,69,2.33
Physics,4,3,7,2,Theory,67,2.88
Physics,3,5,14,4,Theory,58,2.72
AI,5,3,10,1,Theory,57,2.18
History,4,3,13,2,Theory,79,1.66
Geography,2,5,14,2,Practical,95,1.16
Programming,3,5,4,4,Conceptual,72,8.54
Programming,5,2,7,2,Conceptual,63,5.2
History,4,6,5,2,Theory,70,3.52
Programming,1,8,9,5,Theory,75,1.69
Programming,3,1,4,2,Theory,42,4.26
Math,4,2,15,3,Theory,50,2.88
Geography,4,5,10,3,Theory,47,3.62
Statistics,3,3,3,5,Conceptual,67,13.58
Math,3,3,12,1,Theory,49,2.03
Physics,2,4,13,1,Theory,68,1.27
AI,1,8,11,5,Theory,66,1.82
Machine Learning,3,7,4,2,Conceptual,47,6.14
English,4,2,3,4,Theory,92,8.79
Statistics,5,8,10,2,Conceptual,53,4.66
Math,3,3,10,3,Practical,52,5.58
Computer Science,1,3,5,3,Conceptual,90,1.92
Economics,2,8,3,3,Practical,62,8.28
Machine Learning,3,5,9,1,Conceptual,76,1.95
Biology,5,7,1,1,Practical,65,17.1
Computer Science,3,4,3,2,Practical,94,6.36
History,3,2,11,1,Practical,63,3.04
Biology,5,6,8,5,Conceptual,70,8.94
History,5,3,12,4,Theory,61,3.91
Economics,5,7,6,1,Practical,93,2.92
English,4,3,11,1,Practical,43,4.51
Physics,1,7,6,5,Practical,50,5.5
Geography,4,3,10,5,Theory,54,4.67
Computer Science,5,8,9,3,Practical,90,5.6
Physics,1,3,2,5,Practical,63,9.72
Statistics,5,5,8,5,Theory,77,5.74
Programming,3,6,14,1,Practical,59,3.1
Programming,4,2,9,3,Conceptual,74,4.45
Machine Learning,4,5,12,5,Conceptual,86,4.67
Computer Science,1,6,14,2,Practical,63,2.65
Economics,5,1,2,5,Conceptual,45,32.64
Programming,4,1,12,4,Theory,51,3.7
English,5,8,14,2,Practical,64,4.3
Statistics,4,8,13,1,Theory,77,1.23
History,1,7,5,5,Conceptual,86,3.07
English,4,6,6,5,Theory,75,6.13
Statistics,4,2,1,4,Theory,65,26.72
History,3,2,13,1,Theory,65,1.49
Biology,5,6,5,4,Theory,74,7.23
Economics,2,7,2,1,Practical,66,5.04
Statistics,1,1,15,2,Practical,70,2.2
Statistics,1,6,14,1,Conceptual,84,0.94
Economics,4,1,6,1,Conceptual,82,2.46
History,4,1,3,1,Theory,87,2.55
History,5,5,4,3,Conceptual,82,9.86
English,3,2,9,5,Conceptual,68,5.54
Chemistry,4,3,15,2,Theory,76,1.62
Programming,5,2,5,1,Conceptual,86,3.07
Computer Science,3,6,3,2,Conceptual,42,7.58
Computer Science,5,8,6,2,Theory,52,4.2
Math,5,6,11,3,Theory,54,3.65
Chemistry,1,2,15,3,Conceptual,60,2.4
Statistics,3,6,5,2,Practical,59,6.06
Machine Learning,1,6,15,5,Theory,48,2.2
Math,4,5,7,2,Practical,51,6.37
AI,2,1,11,2,Theory,42,2.44
Programming,2,2,9,3,Conceptual,43,4.34
Biology,3,4,2,5,Practical,62,24.78
Economics,3,3,15,2,Practical,55,3.9
History,5,1,1,4,Conceptual,93,48.34
Statistics,3,2,14,4,Theory,91,1.66
Statistics,5,2,2,2,Practical,85,15.9
History,4,5,8,4,Theory,50,4.8
Statistics,5,3,3,5,Practical,84,25.96
English,5,5,6,5,Theory,74,7.5
Statistics,3,5,15,5,Practical,84,3.96
English,5,4,7,2,Theory,83,2.83
Computer Science,3,6,14,1,Conceptual,78,1.57
Machine Learning,2,7,2,2,Practical,75,7.5
Biology,3,2,15,2,Conceptual,90,1.44
Chemistry,3,6,3,2,Conceptual,44,7.49
English,5,2,7,5,Conceptual,90,9.05
Economics,2,7,9,4,Theory,78,2.13
Geography,5,7,5,3,Conceptual,47,9.74
History,2,7,10,2,Practical,51,4.14
Programming,1,2,10,4,Theory,67,1.7
AI,2,6,11,2,Theory,55,2.02
Statistics,4,2,3,2,Practical,91,8.54
Chemistry,1,4,13,1,Practical,95,0.53
Machine Learning,2,7,6,2,Conceptual,82,2.46
Physics,5,8,7,1,Practical,57,4.72
Statistics,5,8,3,1,Practical,65,7.1
Programming,1,8,9,5,Theory,77,1.62
Physics,2,1,9,5,Conceptual,82,3.53
Machine Learning,5,5,6,5,Theory,84,7.18
History,4,2,11,5,Theory,64,4.06
History,4,6,8,4,Conceptual,67,6.38
English,1,2,10,3,Practical,91,1.44
Math,1,7,5,1,Conceptual,83,1.3
Physics,2,1,2,5,Practical,67,16.98
AI,1,6,6,4,Conceptual,52,3.9
English,2,6,14,3,Theory,66,1.77
Physics,5,8,15,5,Practical,67,6.98
Math,3,7,5,3,Practical,52,8.28
AI,5,5,3,4,Conceptual,51,18.35
AI,1,1,4,3,Practical,83,3.27
Computer Science,3,1,3,5,Conceptual,91,12.43
Geography,4,7,2,2,Practical,51,14.94
Math,3,3,15,4,Theory,81,1.89
Statistics,4,8,12,5,Practical,53,7.82
Machine Learning,5,4,13,1,Theory,46,2.34
Biology,2,7,6,5,Conceptual,64,5.73
Machine Learning,1,6,6,5,Conceptual,46,4.59
Geography,2,5,5,3,Theory,91,2.21
AI,5,4,10,1,Conceptual,45,3.84
Biology,4,1,2,5,Conceptual,86,24.67
Math,4,4,7,2,Practical,70,5.23
Biology,1,6,12,5,Practical,51,4.19
English,4,3,3,4,Conceptual,80,13.76
Machine Learning,1,2,6,3,Theory,78,1.5
Physics,3,6,1,5,Practical,58,47.52
Programming,5,6,11,3,Practical,95,4.39
Economics,3,5,3,4,Conceptual,91,10.03
Computer Science,4,8,12,5,Theory,75,3.47
Programming,1,8,11,1,Practical,59,2.73
Economics,1,8,13,4,Theory,72,1.39
Physics,4,1,10,1,Practical,73,2.82
Statistics,2,7,1,5,Theory,72,16.9
Statistics,4,7,12,2,Conceptual,41,4.43
Math,1,6,2,1,Practical,49,4.56
Geography,4,8,14,3,Theory,79,2.04
Statistics,2,5,1,4,Theory,65,13.92
English,1,5,3,3,Theory,57,2.98
Machine Learning,3,1,14,4,Theory,40,3.29
Machine Learning,3,4,5,1,Conceptual,45,4.08
Statistics,5,6,9,2,Theory,68,2.8
Machine Learning,4,1,11,1,Theory,79,1.25
Biology,1,2,14,2,Theory,85,0.71
Biology,1,4,15,4,Conceptual,52,2.94
Economics,1,5,11,3,Conceptual,88,1.23
Chemistry,2,8,10,2,Theory,89,0.99
AI,1,6,11,1,Conceptual,58,2.23
Programming,2,6,14,4,Theory,75,1.71
Math,5,1,9,2,Practical,52,6.21
Math,5,7,7,5,Theory,66,6.8
AI,1,6,3,2,Conceptual,75,2.8
Math,4,8,15,3,Conceptual,64,3.65
Computer Science,1,5,4,1,Practical,43,4.17
AI,4,1,8,2,Conceptual,85,3.12
History,4,6,6,4,Conceptual,80,7.36
Computer Science,1,2,2,5,Conceptual,66,7.63
Statistics,1,2,6,2,Practical,44,4.36
English,2,5,1,4,Conceptual,72,20.54
History,2,5,15,2,Practical,51,3.74
Economics,1,8,15,1,Practical,54,2.96
English,1,8,13,3,Practical,41,4.23
Programming,1,5,1,3,Theory,43,6.62
AI,4,1,1,4,Practical,52,50.88
Machine Learning,1,2,4,3,Theory,54,2.67
History,5,7,14,5,Theory,54,4.33
Computer Science,3,1,14,3,Conceptual,56,3.65
AI,5,5,9,2,Conceptual,93,3.0
English,5,5,6,4,Conceptual,74,9.25
Physics,1,5,11,5,Practical,45,4.66
Biology,1,7,10,5,Practical,59,3.96
Computer Science,3,6,5,3,Theory,65,4.0
Math,3,7,13,5,Conceptual,41,5.6
Economics,5,5,8,4,Theory,84,4.51
Geography,2,5,14,1,Conceptual,56,2.45
Biology,2,1,3,4,Practical,50,11.0
Computer Science,2,8,8,1,Theory,76,1.17
Programming,4,8,10,4,Practical,49,7.86
Computer Science,2,5,3,4,Theory,79,4.94
AI,3,1,4,4,Conceptual,60,9.12
Computer Science,5,1,5,2,Conceptual,47,7.34
Biology,5,6,2,3,Practical,90,23.1
Computer Science,1,2,9,5,Conceptual,70,2.77
Math,1,3,8,5,Practical,50,4.88
History,1,8,8,2,Practical,56,3.39
Biology,2,3,15,3,Conceptual,74,2.21
Statistics,3,7,12,5,Theory,95,2.16
Economics,2,1,7,1,Practical,77,2.24
Economics,2,8,15,4,Practical,43,5.02
Machine Learning,3,7,2,2,Conceptual,59,9.17
Statistics,2,3,3,5,Theory,95,5.49
Statistics,1,4,11,2,Conceptual,49,2.88
Physics,2,8,11,1,Practical,73,2.17
Statistics,3,8,9,3,Theory,55,3.04
AI,5,6,6,3,Practical,65,9.6
Physics,3,8,11,2,Practical,59,4.1
Statistics,2,3,4,2,Theory,45,3.36
Physics,5,1,3,4,Practical,77,21.38
Economics,4,7,4,4,Theory,58,7.74
Chemistry,2,8,5,1,Practical,58,3.72
Statistics,3,1,4,3,Practical,51,9.69
Chemistry,2,7,10,4,Theory,81,1.89
AI,4,6,14,3,Theory,67,2.43
Biology,1,7,7,5,Theory,47,2.84
Physics,5,2,13,2,Conceptual,70,3.29
English,2,3,15,5,Conceptual,62,3.42
Economics,1,1,4,1,Practical,77,2.13
Biology,2,6,7,5,Theory,54,3.76
Physics,5,2,8,4,Conceptual,59,7.97
Physics,1,7,10,2,Conceptual,78,1.54
English,4,7,4,1,Practical,57,5.58
Economics,5,8,9,5,Theory,62,5.66
Chemistry,1,6,13,3,Practical,44,4.05
Machine Learning,2,2,12,2,Theory,91,0.82
Statistics,4,7,11,5,Conceptual,50,6.76
Machine Learning,1,6,4,1,Practical,82,1.83
Geography,4,4,5,5,Conceptual,64,11.33
English,3,8,2,1,Practical,92,4.98
Statistics,5,7,1,2,Conceptual,49,26.45
Programming,1,5,7,2,Conceptual,78,1.74
Physics,4,5,2,3,Practical,94,18.36
Chemistry,3,7,2,2,Theory,87,5.22
AI,2,7,9,3,Theory,45,2.83
AI,5,2,2,4,Practical,91,30.54
Programming,4,6,8,4,Theory,87,3.62
Statistics,3,4,14,5,Practical,44,6.57
Machine Learning,1,7,2,4,Theory,75,4.0
AI,3,4,4,1,Theory,55,2.64
Statistics,5,2,7,1,Conceptual,92,2.1
Geography,4,6,10,2,Practical,68,4.32
Math,2,6,5,3,Conceptual,88,3.46
Machine Learning,2,5,9,4,Theory,66,2.51
Machine Learning,4,2,3,5,Practical,41,23.54
Biology,5,5,15,4,Theory,89,2.49
Biology,1,7,14,2,Conceptual,66,1.97
AI,4,5,9,2,Theory,44,3.21
Programming,4,2,7,4,Practical,88,7.58
Computer Science,2,4,8,4,Practical,94,3.36
English,4,4,14,3,Conceptual,69,3.55
English,4,6,1,4,Theory,63,26.78
Math,4,7,3,2,Conceptual,87,7.02
Programming,1,2,2,3,Conceptual,77,4.7
Math,5,5,4,1,Theory,76,2.77
English,2,6,10,3,Conceptual,48,3.94
AI,5,3,15,5,Practical,46,8.24
Machine Learning,5,3,4,2,Conceptual,88,6.58
Chemistry,3,2,9,1,Practical,52,3.88
Programming,1,4,2,2,Theory,94,1.79
Physics,4,4,15,2,Theory,45,2.61
English,1,3,13,3,Theory,42,2.23
History,5,5,4,1,Conceptual,51,5.35
English,2,8,14,1,Conceptual,40,3.22
Computer Science,4,1,15,1,Theory,43,2.25
Programming,5,8,9,4,Theory,81,4.16
Biology,5,6,13,4,Practical,58,7.14
Programming,2,6,11,2,Practical,82,2.17
Biology,2,6,7,4,Theory,43,3.65
Math,1,8,3,3,Theory,78,2.3
Programming,2,2,10,5,Theory,59,2.91
History,5,1,5,3,Practical,80,10.2
Computer Science,5,4,15,3,Conceptual,51,4.75
Chemistry,2,5,11,3,Conceptual,77,2.41
Biology,3,5,1,1,Theory,66,5.89
Physics,4,6,1,3,Conceptual,49,31.25
Biology,1,8,2,4,Practical,75,7.5
Geography,5,6,3,2,Theory,76,6.1
AI,4,8,11,5,Theory,72,3.81
Physics,1,8,3,1,Theory,68,1.56
History,2,3,10,2,Theory,78,1.34
Chemistry,1,2,15,5,Theory,76,1.3
History,5,1,3,4,Theory,77,11.4
Geography,1,7,3,5,Conceptual,84,4.77
History,5,8,14,3,Conceptual,62,4.4
Geography,5,8,6,2,Practical,67,6.98
AI,2,3,5,5,Conceptual,58,6.82
AI,2,4,1,4,Conceptual,77,20.3
Statistics,1,4,3,1,Practical,49,4.06
Statistics,3,5,5,2,Practical,52,6.48
Computer Science,3,5,2,4,Practical,78,19.32
Programming,3,8,4,4,Theory,50,6.4
English,3,5,11,5,Practical,84,5.05
Economics,1,5,8,1,Theory,79,0.87
Statistics,1,7,10,1,Theory,67,1.22
Statistics,3,2,4,1,Theory,49,2.83
English,1,3,11,1,Theory,71,1.07
Machine Learning,1,1,12,2,Practical,80,1.7
Math,1,5,12,2,Conceptual,41,3.23
English,4,1,3,1,Conceptual,56,5.31
Economics,1,2,15,4,Conceptual,79,1.65
Economics,1,6,3,1,Practical,69,2.86
Programming,5,4,7,2,Theory,62,3.5
Computer Science,3,6,10,5,Practical,77,5.88
Computer Science,2,8,7,1,Conceptual,44,3.37
Math,5,1,14,1,Practical,67,3.05
Math,1,6,2,2,Conceptual,87,3.02
History,3,5,1,5,Theory,51,25.57
Computer Science,2,3,5,1,Theory,46,2.37
Chemistry,5,3,11,3,Theory,60,3.46
Machine Learning,4,5,14,1,Conceptual,49,3.13
English,5,2,1,5,Practical,94,75.36
Computer Science,1,4,2,3,Conceptual,71,4.99
History,4,3,9,3,Practical,60,6.4
Chemistry,4,2,10,2,Conceptual,87,2.54
Chemistry,2,3,7,2,Practical,80,2.91
Chemistry,5,2,4,4,Theory,90,8.32
Physics,3,3,2,4,Conceptual,77,15.5
Biology,3,4,8,5,Theory,42,4.86
Biology,5,5,6,2,Theory,56,4.07
Geography,2,1,5,2,Theory,53,2.78
Geography,1,1,11,2,Theory,60,1.57
History,4,5,1,1,Theory,78,7.1
Programming,2,4,4,1,Theory,43,2.62
Programming,2,7,3,2,Theory,52,3.67
History,3,3,4,1,Theory,81,1.81
Statistics,1,6,3,5,Theory,82,3.24
History,2,2,11,5,Conceptual,50,4.58
Chemistry,4,3,10,5,Conceptual,61,6.67
AI,1,5,8,3,Practical,87,1.91
Computer Science,2,3,3,1,Practical,87,2.78
Programming,3,7,5,3,Conceptual,65,6.0
History,1,8,15,5,Conceptual,43,3.54
Math,1,4,6,4,Conceptual,54,3.81
Programming,2,1,6,1,Conceptual,52,3.1
History,1,6,9,4,Theory,94,0.9
Physics,5,6,12,4,Theory,95,2.83
AI,3,8,5,1,Theory,61,2.21
Economics,3,5,6,5,Practical,78,8.82
Math,1,5,12,2,Conceptual,95,0.64
Computer Science,4,5,4,4,Theory,87,6.82
Statistics,1,5,3,5,Practical,56,7.64
Programming,4,5,5,2,Practical,48,7.92
Computer Science,3,1,3,1,Practical,87,3.78
Chemistry,1,4,15,5,Theory,94,0.73
History,1,8,3,2,Conceptual,64,3.33
AI,2,1,3,5,Theory,59,6.65
Chemistry,2,2,8,2,Theory,77,1.54
Programming,5,1,12,4,Conceptual,90,4.48
Programming,1,4,10,4,Theory,61,1.89
Math,1,4,15,4,Theory,57,1.8
Physics,3,3,4,5,Conceptual,43,11.74
Biology,5,2,15,1,Practical,95,1.3
Computer Science,3,8,9,3,Theory,44,3.39
Statistics,4,5,5,4,Theory,72,6.02
Statistics,1,3,6,5,Theory,45,3.09
AI,1,8,8,5,Conceptual,91,1.93
Machine Learning,5,4,8,5,Conceptual,61,9.37
AI,4,4,6,4,Practical,64,10.16
Biology,5,8,12,2,Conceptual,93,2.34
Math,2,6,12,2,Conceptual,54,3.01
Programming,2,3,6,2,Conceptual,90,2.08
Statistics,2,3,8,3,Theory,95,1.36
Biology,4,2,10,1,Theory,90,0.96
English,4,6,12,2,Theory,95,1.23
History,2,8,7,2,Conceptual,82,2.24
Math,5,5,5,1,Practical,65,5.1
Statistics,4,8,2,1,Conceptual,51,7.15
Computer Science,5,6,12,5,Conceptual,85,5.72
Biology,1,7,14,3,Theory,73,1.21
History,1,2,6,3,Conceptual,56,3.31
Machine Learning,5,7,3,3,Practical,68,16.92
Computer Science,1,5,11,1,Theory,46,1.87
History,5,1,13,1,Conceptual,44,3.61
Chemistry,5,1,8,3,Theory,61,4.25
Programming,2,3,10,5,Conceptual,66,4.03
Programming,2,6,11,1,Conceptual,57,2.5
Statistics,2,1,13,5,Conceptual,51,4.2
Geography,2,6,6,2,Practical,64,4.16
Programming,5,4,1,5,Theory,57,41.38
AI,2,8,14,3,Conceptual,84,1.8
Math,2,3,15,1,Practical,53,3.22
Math,4,4,5,4,Conceptual,48,10.18
Computer Science,4,7,2,2,Conceptual,71,10.99
Computer Science,3,3,1,1,Practical,91,9.54
Math,2,3,12,2,Conceptual,92,1.18
Computer Science,4,2,2,1,Theory,50,4.8
Computer Science,4,2,8,5,Conceptual,57,8.06
Geography,2,5,4,3,Practical,85,5.4
English,4,3,7,1,Practical,72,3.39
AI,4,1,10,1,Conceptual,57,3.02
Statistics,5,7,4,2,Practical,86,8.34
Math,4,8,12,2,Practical,43,5.42
Statistics,1,5,11,5,Practical,89,2.02
Computer Science,1,8,9,2,Theory,51,1.92
History,2,6,11,2,Practical,65,3.19
English,4,1,5,2,Conceptual,65,5.52
Statistics,2,3,8,2,Theory,82,1.38
Chemistry,3,1,7,5,Practical,54,9.19
Programming,2,1,9,4,Theory,94,1.61
Physics,5,6,10,5,Practical,95,7.8
Computer Science,4,7,14,3,Practical,56,5.21
Physics,2,6,5,2,Practical,62,4.68
Economics,2,5,15,4,Practical,60,4.0
Geography,5,1,7,2,Theory,81,2.89
Economics,3,2,7,4,Theory,94,2.93
Economics,1,1,5,4,Practical,46,5.64
Math,2,5,10,3,Conceptual,89,1.97
Physics,2,7,4,5,Theory,59,5.31
Biology,5,3,5,1,Theory,84,2.11
Programming,4,1,4,3,Practical,43,12.42
Geography,1,8,5,5,Theory,77,2.34
Math,1,3,15,5,Practical,87,1.78
Math,1,1,1,5,Conceptual,87,12.62
AI,3,3,3,1,Conceptual,93,2.74
History,2,8,4,3,Conceptual,75,4.8
Math,2,8,9,5,Conceptual,51,5.02
Programming,1,2,14,2,Practical,94,0.79
Geography,1,6,5,3,Practical,51,4.74
AI,4,5,13,3,Theory,62,2.69
Physics,4,3,4,5,Conceptual,82,12.86
History,4,5,10,5,Theory,95,3.36
Math,4,3,12,1,Theory,95,0.69
Chemistry,2,4,5,4,Conceptual,52,6.14
Math,4,4,13,1,Practical,87,1.7
Programming,2,1,12,1,Practical,43,3.92
AI,1,3,14,2,Theory,76,1.0
Chemistry,2,6,2,3,Practical,51,11.94
Physics,2,3,10,1,Theory,44,2.11
Math,1,4,14,3,Practical,49,3.7
Chemistry,4,2,3,5,Conceptual,76,17.15
Geography,1,7,10,2,Practical,68,2.52
Statistics,1,5,12,4,Conceptual,42,3.58
Biology,5,1,1,2,Practical,43,33.42
Economics,1,1,7,4,Conceptual,46,3.96
English,2,5,6,1,Conceptual,58,2.82
Statistics,5,5,2,5,Conceptual,91,30.43
Physics,2,4,11,4,Conceptual,70,3.19
Machine Learning,4,6,10,2,Practical,51,5.34
Machine Learning,2,1,4,1,Theory,50,2.4
Statistics,1,6,11,2,Theory,65,1.41
History,5,1,14,5,Conceptual,44,6.97
Statistics,2,4,5,4,Conceptual,83,4.66
Statistics,2,8,14,1,Practical,51,3.37
History,4,7,12,4,Theory,53,3.64
AI,5,1,6,5,Conceptual,57,12.06
Geography,2,5,4,3,Theory,47,4.1
Statistics,3,4,6,5,Practical,42,10.98
Geography,1,5,4,1,Conceptual,83,1.42
Chemistry,4,6,12,3,Conceptual,67,3.98
Geography,4,5,11,5,Practical,50,8.45
Math,5,8,12,3,Conceptual,70,4.44
Machine Learning,3,8,3,5,Theory,89,8.35
AI,2,2,9,1,Conceptual,81,1.45
Chemistry,4,2,7,4,Conceptual,45,8.13
AI,2,2,13,2,Theory,64,1.64
Math,3,8,9,3,Conceptual,88,2.98
Statistics,1,2,10,3,Theory,82,1.06
English,3,5,4,4,Conceptual,65,8.88
AI,2,1,3,5,Conceptual,81,8.91
Programming,4,5,4,5,Theory,61,9.25
Geography,2,5,12,4,Practical,75,3.5
AI,5,1,4,4,Practical,92,15.48
Machine Learning,1,8,11,4,Practical,86,1.93
History,5,7,8,1,Practical,71,3.62
Biology,2,8,10,2,Practical,61,3.54
Geography,3,3,12,2,Conceptual,65,2.88
Programming,2,4,3,3,Conceptual,64,6.53
Machine Learning,3,8,2,1,Practical,48,7.62
Chemistry,1,7,9,5,Conceptual,66,2.97
History,3,3,8,4,Theory,40,4.32
Statistics,5,5,15,4,Conceptual,77,4.3
History,5,8,15,1,Theory,84,1.05
Physics,2,3,15,1,Theory,86,0.66
Economics,5,6,12,3,Theory,91,2.29
Physics,4,6,12,3,Theory,78,2.3
Geography,3,1,12,1,Conceptual,42,3.38
Physics,2,3,8,3,Conceptual,73,3.1
Programming,1,7,6,4,Theory,43,2.89
Geography,4,1,1,2,Conceptual,86,19.87
AI,2,8,4,1,Practical,47,4.68
Machine Learning,5,6,12,2,Theory,63,2.52
Machine Learning,5,2,13,5,Practical,77,7.15
Statistics,4,8,7,1,Conceptual,88,1.95
AI,4,1,3,1,Practical,74,5.56
Math,3,7,11,2,Conceptual,69,2.8
Biology,1,6,6,5,Theory,60,2.61
Chemistry,4,6,9,2,Theory,90,1.74
Geography,3,8,5,4,Conceptual,80,6.72
Biology,1,6,11,3,Theory,49,2.07
Machine Learning,3,5,2,1,Practical,67,6.48
Computer Science,2,3,2,5,Practical,49,18.06
Machine Learning,3,8,11,3,Conceptual,52,4.27
English,5,4,12,2,Conceptual,59,3.97
Math,4,7,6,5,Theory,52,6.87
Physics,1,3,14,1,Theory,91,0.4
AI,5,3,14,2,Theory,72,2.04
Chemistry,2,1,6,1,Conceptual,62,2.62
Computer Science,4,8,11,2,Practical,67,4.16
Geography,5,4,9,3,Conceptual,65,5.68
Machine Learning,2,6,5,5,Practical,83,7.02
Statistics,1,3,7,4,Conceptual,55,3.53
Math,4,7,6,3,Practical,89,6.66
Chemistry,5,6,15,3,Practical,56,5.64
Economics,1,3,14,2,Theory,84,0.74
Computer Science,4,4,2,1,Practical,67,7.98
History,2,7,7,5,Practical,75,5.79
Chemistry,4,6,10,1,Theory,91,0.93
Economics,2,5,5,1,Conceptual,40,3.84
Economics,1,3,12,5,Theory,60,1.95
History,5,3,9,2,Theory,88,2.16
Computer Science,4,4,5,1,Conceptual,90,2.4
English,2,1,2,3,Conceptual,58,9.22
AI,1,4,15,3,Practical,42,4.08
Computer Science,5,8,3,4,Conceptual,85,16.72
Biology,5,8,8,2,Practical,74,5.31
Math,3,2,13,2,Conceptual,92,1.49
Machine Learning,2,4,9,4,Theory,57,2.8
Economics,3,6,8,5,Practical,74,7.19
History,3,7,2,4,Conceptual,48,16.9
AI,5,3,3,1,Conceptual,81,4.91
Math,2,6,9,1,Practical,64,2.83
Math,2,5,8,2,Practical,54,4.26
AI,3,8,6,4,Conceptual,65,6.48
Geography,5,4,12,1,Conceptual,70,2.44
Chemistry,5,8,9,4,Practical,60,9.07
Chemistry,5,8,7,5,Theory,94,5.91
English,3,2,4,1,Theory,61,2.45
Physics,1,2,12,4,Practical,74,2.56
English,5,5,3,2,Practical,59,12.46
AI,5,8,9,3,Conceptual,79,5.01
Computer Science,2,5,4,3,Theory,86,2.85
Math,5,4,13,4,Conceptual,78,4.75
English,2,1,10,2,Theory,85,1.12
History,3,2,11,5,Conceptual,95,3.51
AI,5,1,6,1,Theory,91,1.62
Statistics,1,2,5,2,Theory,75,1.44
English,3,1,7,1,Theory,93,0.91
Economics,2,8,15,2,Practical,89,1.46
AI,1,8,11,5,Practical,73,2.98
AI,2,2,4,4,Practical,48,9.12
Economics,1,1,6,3,Conceptual,41,4.03
Math,1,5,1,3,Conceptual,49,9.65
Programming,2,5,15,3,Practical,62,3.48
Math,2,5,7,5,Practical,76,5.73
Chemistry,3,1,12,2,Conceptual,89,1.73
Machine Learning,3,1,11,2,Conceptual,92,1.69
Statistics,4,1,8,1,Conceptual,65,2.88
Computer Science,3,1,8,4,Theory,59,3.71
Physics,3,3,4,4,Theory,86,5.25
Chemistry,4,7,4,1,Theory,85,2.08
Biology,4,8,14,4,Theory,48,3.49
Machine Learning,3,2,5,2,Theory,64,3.07
Chemistry,3,8,2,3,Theory,84,7.71
Chemistry,3,3,5,1,Conceptual,75,2.64
Biology,3,4,4,5,Practical,60,13.65
AI,5,7,4,3,Theory,44,7.79
Machine Learning,5,8,5,1,Conceptual,62,4.22
Geography,5,3,11,1,Conceptual,87,1.71
Geography,3,5,6,2,Practical,48,6.12
Computer Science,4,1,11,4,Theory,72,3.22
Chemistry,5,6,2,3,Conceptual,56,20.11
AI,4,7,9,3,Practical,41,7.54
Physics,1,6,6,3,Conceptual,78,2.26
Economics,5,6,3,5,Theory,80,13.97
Math,2,6,10,5,Conceptual,71,3.79
Economics,2,4,1,3,Conceptual,40,17.28
Computer Science,2,6,11,5,Theory,94,1.65
Geography,2,1,6,1,Conceptual,78,1.86
Physics,1,6,14,4,Practical,58,3.38
English,2,8,9,1,Theory,48,2.02
Computer Science,3,6,9,3,Theory,89,1.95
Math,2,2,14,1,Practical,63,2.65
Machine Learning,3,2,1,5,Conceptual,76,37.15
Biology,3,8,2,5,Theory,90,12.32
Physics,3,2,3,3,Conceptual,95,7.44
History,1,8,12,1,Practical,81,1.39
Chemistry,3,2,4,5,Theory,54,7.47
Math,3,2,13,3,Conceptual,94,1.95
Biology,3,7,12,3,Theory,40,3.12
Machine Learning,3,8,3,3,Theory,71,5.73
English,4,3,13,5,Practical,91,5.16
Physics,2,8,3,1,Theory,80,1.71
Physics,1,3,7,2,Conceptual,68,2.22
History,4,6,11,3,Theory,46,3.47
History,4,7,7,4,Theory,70,4.62
Biology,3,1,6,3,Theory,50,4.0
Machine Learning,4,2,11,5,Conceptual,47,6.91
Geography,5,2,13,5,Conceptual,89,5.14
Chemistry,2,7,5,1,Theory,60,1.92
Math,2,1,8,2,Practical,71,3.24
Math,2,8,6,3,Conceptual,62,4.22
English,2,4,2,5,Theory,87,8.42
Chemistry,1,4,5,2,Theory,70,1.6
Machine Learning,3,6,4,2,Practical,46,7.74
Programming,1,4,1,2,Conceptual,45,7.44
Chemistry,2,3,4,1,Conceptual,89,1.73
Physics,5,6,13,5,Conceptual,79,5.62
Biology,1,1,1,4,Conceptual,45,12.24
Programming,5,7,3,2,Theory,68,6.36
Chemistry,5,7,7,3,Conceptual,88,5.72
Biology,5,7,7,2,Practical,75,5.79
AI,1,2,1,3,Practical,42,12.48
Biology,4,8,1,4,Conceptual,76,39.55
Programming,5,4,14,1,Theory,82,1.15
Geography,5,3,11,4,Theory,60,4.19
Geography,4,7,15,3,Practical,75,3.9
Machine Learning,2,3,6,3,Practical,67,4.98
Geography,1,2,8,4,Theory,51,2.37
Math,1,2,15,4,Theory,46,2.15
History,2,5,12,2,Practical,92,1.48
Computer Science,3,2,12,4,Conceptual,59,4.37
Chemistry,5,8,3,3,Conceptual,84,12.77
Geography,3,2,5,1,Conceptual,53,3.7
Math,5,8,9,4,Conceptual,88,5.91
AI,2,2,5,2,Conceptual,94,2.21
Chemistry,3,5,9,2,Practical,61,4.34
Statistics,4,7,11,5,Conceptual,89,4.89
Computer Science,4,2,3,5,Conceptual,48,18.5
Machine Learning,3,3,11,1,Conceptual,55,2.81
History,5,6,10,5,Conceptual,90,6.48
English,1,1,13,1,Practical,40,3.83
Programming,3,3,9,5,Practical,70,6.8
AI,1,8,4,2,Practical,78,2.82
Math,1,6,8,4,Conceptual,40,4.08
AI,3,1,1,3,Conceptual,57,23.66
Biology,5,3,13,5,Practical,55,8.47
AI,4,4,12,4,Theory,92,2.39
AI,2,2,4,3,Theory,67,3.46
English,5,6,6,5,Theory,53,8.17
Machine Learning,4,7,5,4,Theory,85,5.6
Math,3,5,7,2,Practical,55,5.27
Math,3,8,7,4,Theory,59,4.05
English,4,2,15,2,Conceptual,65,2.96
Programming,5,2,11,1,Practical,41,4.9
Geography,1,5,11,4,Theory,71,1.51
Geography,1,5,15,1,Practical,84,1.16
Economics,2,4,10,3,Conceptual,62,3.26
Biology,5,3,2,2,Practical,48,18.12
Biology,5,3,15,4,Practical,80,5.2
Programming,4,8,15,3,Practical,89,3.06
Physics,3,5,11,3,Conceptual,49,4.41
Economics,2,4,12,5,Theory,52,2.87
AI,4,4,1,1,Conceptual,87,10.22
Computer Science,2,4,5,3,Theory,83,2.46
Chemistry,4,1,5,4,Conceptual,40,10.56
Machine Learning,1,8,5,3,Practical,46,5.04
Statistics,3,3,1,3,Conceptual,75,22.8
Statistics,2,1,15,1,Theory,62,1.43
English,4,7,12,1,Conceptual,83,1.62
Biology,2,4,4,5,Practical,47,10.68
English,5,6,11,2,Practical,84,3.69
AI,4,7,7,4,Theory,79,4.33
Geography,5,7,12,3,Theory,92,2.26
Geography,3,2,3,2,Conceptual,94,5.09
Math,3,7,6,2,Practical,77,4.38
Math,4,5,13,5,Conceptual,40,6.57
Machine Learning,2,4,4,4,Theory,53,4.7
Biology,1,2,4,5,Conceptual,44,5.69
Chemistry,1,7,1,5,Conceptual,45,14.64
Chemistry,2,3,12,2,Theory,41,2.42
History,3,8,4,5,Conceptual,91,9.43
AI,5,5,6,4,Practical,75,11.5
Statistics,3,1,2,4,Conceptual,51,16.75
Physics,1,1,3,1,Conceptual,59,2.77
Math,5,5,4,2,Conceptual,90,6.48
Programming,2,3,13,1,Theory,49,1.88
English,2,8,15,2,Theory,46,2.15
Math,1,4,11,3,Conceptual,60,2.57
Machine Learning,3,7,6,4,Theory,66,4.29
Computer Science,1,1,5,1,Conceptual,92,0.86
Statistics,4,8,12,5,Conceptual,61,5.87
Math,3,4,2,3,Conceptual,62,12.62
Computer Science,4,5,7,4,Theory,87,4.07
English,2,5,12,1,Practical,81,1.64
Math,2,5,14,5,Theory,65,2.26
English,3,6,9,4,Conceptual,59,5.17
Physics,3,4,12,1,Conceptual,71,1.99
Biology,5,3,3,2,Theory,59,6.65
Math,1,2,8,2,Practical,50,3.75
Math,3,4,14,4,Conceptual,73,3.35
Machine Learning,1,4,9,4,Theory,95,0.87
AI,3,3,5,1,Conceptual,64,3.17
Biology,2,4,3,2,Practical,71,5.74
Biology,4,7,12,5,Conceptual,58,6.02
Physics,4,5,15,4,Conceptual,58,4.58
Biology,5,5,8,1,Theory,76,1.77
English,5,2,13,1,Conceptual,77,2.03
Computer Science,5,2,8,3,Theory,85,3.48
Computer Science,3,6,8,1,Practical,74,2.69
Economics,3,6,1,4,Conceptual,72,30.14
Chemistry,1,6,2,3,Theory,78,3.1
Biology,2,1,7,3,Conceptual,51,4.41
Biology,1,1,2,5,Practical,45,10.8
AI,1,3,15,5,Theory,60,1.81
AI,5,2,5,3,Practical,68,10.92
English,1,6,5,1,Practical,64,2.76
Physics,1,2,15,2,Conceptual,63,2.1
Programming,4,8,7,3,Theory,53,4.25
Economics,2,6,4,3,Theory,57,3.78
Chemistry,4,7,7,1,Theory,92,1.17
Machine Learning,1,5,3,1,Conceptual,77,1.9
Chemistry,4,5,3,5,Conceptual,76,17.15
Computer Science,3,7,10,2,Practical,55,4.5
Machine Learning,3,4,9,2,Theory,67,2.12
Chemistry,3,1,12,5,Conceptual,86,3.67
Chemistry,4,1,4,1,Theory,62,2.82
Geography,4,3,9,1,Practical,81,2.47
Computer Science,3,4,4,4,Conceptual,48,9.7
Computer Science,4,1,12,4,Practical,57,6.58
Machine Learning,5,6,9,5,Theory,93,4.67
Statistics,1,6,10,4,Theory,75,1.44
Math,2,8,2,3,Conceptual,62,9.02
Economics,2,3,13,5,Practical,88,3.03
English,5,7,10,1,Conceptual,57,3.26
Chemistry,1,4,10,2,Conceptual,69,1.97
Geography,3,6,15,2,Conceptual,77,2.06
AI,5,6,3,3,Theory,83,8.54
AI,3,5,4,3,Conceptual,56,7.51
Computer Science,5,4,13,1,Conceptual,79,1.93
Geography,4,5,11,1,Conceptual,63,2.65
Chemistry,5,5,4,4,Practical,74,16.56
History,1,5,10,1,Conceptual,94,0.53
Economics,1,3,9,3,Conceptual,72,2.14
Economics,1,5,13,5,Theory,88,1.0
History,5,4,1,1,Practical,43,18.42
Computer Science,3,2,12,5,Theory,49,3.63
Biology,5,8,11,2,Practical,59,5.19
Computer Science,3,4,1,3,Practical,85,27.9
Biology,4,6,11,2,Practical,95,2.48
Physics,4,1,14,3,Theory,73,2.24
Biology,4,1,1,1,Practical,62,14.28
Chemistry,4,8,7,4,Conceptual,51,7.84
Computer Science,4,1,11,2,Practical,44,5.54
History,1,7,15,1,Theory,80,0.75
Machine Learning,5,7,10,2,Conceptual,74,3.65
Geography,5,3,9,3,Practical,79,6.26
Statistics,4,2,12,3,Conceptual,57,4.46
Programming,3,1,8,5,Conceptual,60,6.42
English,2,6,8,2,Theory,53,2.3
English,4,7,10,2,Practical,54,5.16
Computer Science,3,3,8,3,Conceptual,92,3.08
Computer Science,2,3,5,2,Practical,60,4.8
AI,2,2,8,3,Theory,56,2.61
AI,1,6,14,3,Theory,80,0.98
Economics,2,5,7,5,Theory,52,3.82
Machine Learning,3,4,6,4,Practical,76,7.44
Geography,5,4,10,3,Conceptual,92,3.98
Geography,3,5,15,3,Theory,45,2.72
Machine Learning,5,4,3,4,Conceptual,80,16.96
Biology,5,3,2,5,Conceptual,68,31.54
Geography,3,2,11,1,Conceptual,63,2.43
English,4,7,8,1,Practical,44,4.86
Economics,2,5,1,2,Practical,76,13.44
Computer Science,2,2,6,4,Theory,41,4.02
Geography,2,5,7,3,Practical,50,5.57
Computer Science,3,6,1,5,Practical,87,45.78
History,4,4,9,2,Practical,92,3.15
Economics,1,8,13,5,Practical,53,3.97
Machine Learning,1,2,14,5,Conceptual,43,3.59
Math,2,8,2,5,Theory,86,8.45
Economics,5,8,15,1,Practical,67,2.98
Statistics,4,1,1,3,Theory,75,20.0
AI,3,6,4,2,Practical,75,6.0
Programming,1,7,12,4,Theory,68,1.56
Geography,4,6,8,1,Practical,87,2.28
Chemistry,2,2,12,1,Theory,91,0.55
Computer Science,2,7,11,5,Practical,51,5.67
AI,5,1,2,1,Practical,83,8.52
Computer Science,5,6,7,2,Theory,95,2.45
Geography,5,1,11,1,Theory,53,2.23
Computer Science,1,5,5,1,Practical,89,1.26
AI,4,6,1,4,Conceptual,95,38.64
AI,2,3,15,3,Practical,93,1.62
Biology,4,6,11,4,Practical,54,7.12
Geography,2,1,2,3,Conceptual,73,8.5
Machine Learning,2,3,3,2,Conceptual,61,5.07
AI,3,1,12,1,Practical,88,1.47
English,5,8,7,2,Conceptual,77,4.53
Economics,5,1,1,1,Theory,63,9.18
Biology,1,7,2,4,Practical,52,8.88
Programming,5,6,15,5,Theory,56,4.07
Physics,5,6,9,4,Conceptual,87,5.96
Physics,3,8,7,3,Theory,95,2.22
Physics,3,6,15,2,Theory,74,1.47
Programming,5,4,5,5,Practical,57,17.58
Economics,3,8,2,3,Conceptual,63,12.58
Geography,4,8,4,5,Theory,68,9.02
Computer Science,1,1,1,4,Conceptual,54,11.81
Geography,4,7,6,3,Conceptual,61,6.67
Statistics,3,8,14,5,Theory,92,1.97
Biology,3,2,5,3,Theory,44,4.67
Physics,5,1,1,2,Theory,54,17.47
Programming,2,5,3,4,Conceptual,72,7.74
Biology,4,4,3,3,Practical,46,15.24
Machine Learning,3,5,5,1,Conceptual,87,2.06
Math,5,6,4,3,Conceptual,76,10.15
Math,1,2,1,4,Theory,92,6.66
Math,2,8,11,1,Theory,57,1.67
Economics,5,6,7,3,Theory,77,4.16
Physics,2,2,9,1,Practical,74,2.23
Math,5,7,11,3,Conceptual,57,5.34
Physics,1,5,12,4,Conceptual,63,2.58
Machine Learning,2,4,14,2,Practical,78,2.18
Machine Learning,3,6,9,5,Practical,43,8.42
Computer Science,2,7,13,4,Practical,91,2.39
Chemistry,2,2,5,4,Conceptual,46,6.43
Machine Learning,5,4,10,5,Theory,40,5.92
AI,2,4,8,3,Practical,76,3.69
Biology,2,4,11,2,Theory,84,1.09
Programming,3,8,4,2,Theory,79,3.07
Programming,3,3,6,3,Conceptual,61,5.47
Machine Learning,1,8,4,3,Theory,95,1.36
AI,1,6,9,5,Conceptual,49,3.78
Chemistry,3,6,6,1,Practical,80,2.7
AI,1,5,7,4,Conceptual,61,3.24
Physics,5,7,8,3,Practical,83,6.64
Physics,1,8,6,4,Practical,70,3.8
AI,3,1,3,2,Conceptual,87,5.42
Economics,5,3,5,3,Conceptual,65,8.88
Physics,2,2,8,2,Theory,66,1.89
Geography,3,3,8,4,Theory,47,4.1
Math,1,8,6,2,Practical,88,1.72
Statistics,3,1,14,3,Theory,53,2.53
AI,3,5,12,2,Conceptual,92,1.58
Physics,3,8,2,2,Theory,53,6.3
Geography,4,3,5,4,Practical,56,12.24
English,4,5,15,3,Practical,77,3.78
Physics,4,5,13,5,Practical,78,5.94
English,3,2,1,5,Practical,91,45.54
Machine Learning,5,2,11,2,Conceptual,82,3.05
English,4,3,15,2,Practical,41,5.14
Geography,5,8,8,4,Practical,52,10.38
Biology,1,3,12,2,Practical,71,2.24
Physics,5,6,13,3,Practical,86,4.3
Physics,4,1,3,5,Theory,90,10.99
Biology,2,3,5,3,Conceptual,62,4.7
History,5,4,2,1,Practical,43,10.92
Statistics,3,5,1,5,Theory,71,24.93
Statistics,4,8,15,5,Conceptual,78,4.26
Geography,1,5,6,4,Conceptual,90,2.08
Biology,5,8,2,4,Practical,77,31.38
Machine Learning,5,6,9,2,Theory,58,3.12
Physics,2,3,5,3,Conceptual,92,3.26
Machine Learning,5,2,14,4,Practical,91,4.83
Physics,4,5,1,5,Theory,94,32.19
Biology,1,6,3,5,Theory,50,4.27
Programming,4,5,1,4,Theory,47,27.3
Machine Learning,3,5,1,2,Conceptual,75,15.6
Physics,2,5,5,5,Conceptual,59,6.77
History,4,4,4,1,Theory,78,2.3
Biology,3,2,2,5,Conceptual,95,18.24
Machine Learning,2,8,6,2,Conceptual,44,4.29
Economics,2,8,11,2,Practical,48,4.21
Machine Learning,1,4,6,4,Conceptual,56,3.71
Economics,5,6,3,1,Theory,82,3.24
Statistics,1,8,6,3,Theory,52,2.34
Biology,3,3,6,1,Conceptual,40,4.08
Programming,3,8,7,1,Practical,74,2.85
AI,5,5,6,3,Conceptual,83,6.82
Machine Learning,1,3,11,1,Theory,94,0.34
Economics,4,8,6,2,Conceptual,94,3.49
History,2,3,14,3,Conceptual,88,1.6
Geography,5,7,12,3,Practical,75,5.25
Machine Learning,3,6,12,4,Theory,94,1.79
Chemistry,1,5,5,3,Theory,77,1.7
Programming,4,5,13,4,Practical,81,4.83
Machine Learning,2,3,4,2,Practical,65,5.1
Chemistry,2,1,10,2,Practical,45,4.5
History,2,6,15,3,Practical,76,2.64
Programming,2,2,8,5,Theory,58,3.34
AI,2,2,12,4,Theory,80,1.71
Statistics,2,4,3,3,Practical,53,8.82
Geography,4,6,7,3,Theory,78,3.45
Physics,3,6,14,2,Conceptual,66,2.66
Chemistry,1,2,1,1,Practical,73,4.62
Programming,3,2,11,4,Theory,73,2.61
Chemistry,4,5,1,4,Theory,81,26.21
Machine Learning,4,6,1,4,Conceptual,71,39.79
AI,4,3,11,3,Theory,45,3.51
Computer Science,4,1,5,2,Practical,76,6.24
Computer Science,4,7,4,5,Practical,75,16.5
Computer Science,4,6,9,2,Conceptual,84,2.9
Machine Learning,2,4,1,5,Conceptual,85,24.72
History,1,7,9,3,Conceptual,40,3.68
Math,5,5,11,4,Practical,73,7.07
Chemistry,3,4,8,1,Theory,56,2.01
Biology,5,5,7,4,Conceptual,69,8.35
English,4,2,15,2,Theory,69,1.85
Machine Learning,2,6,11,2,Practical,88,1.81
Chemistry,3,4,4,2,Practical,56,7.14
Computer Science,3,4,2,3,Practical,49,16.56
English,4,3,8,1,Theory,50,2.4
AI,1,3,2,3,Practical,76,5.94
Statistics,4,8,14,5,Practical,94,4.65
Statistics,2,8,11,2,Practical,86,1.93
Economics,1,6,14,4,Theory,69,1.45
AI,5,7,14,1,Practical,40,4.67
Geography,2,2,5,3,Conceptual,61,4.75
Physics,5,6,7,5,Practical,77,12.09
Math,2,3,1,2,Theory,45,8.16
AI,3,3,10,5,Theory,51,3.97
Economics,2,7,11,5,Practical,41,6.27
AI,2,4,4,1,Practical,43,4.92
Programming,2,6,11,1,Theory,88,0.67
Physics,5,1,8,4,Conceptual,66,7.63
Chemistry,2,4,7,5,Conceptual,70,4.87
Statistics,5,6,4,2,Conceptual,44,8.69
Biology,1,7,3,5,Practical,49,8.06
Physics,3,4,9,1,Conceptual,75,2.0
Computer Science,1,2,3,5,Theory,46,4.39
Biology,3,6,2,1,Theory,87,2.82
Computer Science,3,2,4,3,Conceptual,70,6.84
History,1,1,6,5,Practical,44,5.86
Physics,2,5,15,2,Conceptual,76,1.79
Biology,1,7,1,5,Conceptual,68,13.54
English,4,3,3,3,Theory,51,7.97
Biology,1,2,14,1,Theory,91,0.4
Economics,5,8,2,2,Practical,60,17.4
English,5,5,2,5,Theory,69,20.99
Math,5,6,8,1,Conceptual,41,4.33
Chemistry,4,7,8,5,Practical,41,11.04
Computer Science,2,7,8,5,Practical,55,6.45
Chemistry,4,7,8,5,Conceptual,58,8.02
Chemistry,1,8,4,3,Theory,52,2.74
History,5,5,7,5,Practical,43,14.13
Chemistry,1,8,12,3,Conceptual,73,1.9
Computer Science,3,4,13,5,Practical,63,5.68
History,3,8,6,4,Practical,79,7.26
Biology,2,3,4,5,Conceptual,94,6.29
Economics,5,6,13,1,Practical,67,3.13
Statistics,4,3,2,3,Conceptual,50,16.8
Computer Science,4,3,2,4,Practical,58,26.52
Math,1,2,7,2,Theory,86,0.91
History,1,4,15,5,Practical,88,1.72
English,1,6,2,3,Conceptual,64,5.33
Geography,5,6,5,2,Theory,80,3.84
Statistics,1,8,5,4,Practical,64,4.56
AI,5,4,2,5,Theory,51,21.57
History,1,4,12,3,Practical,75,2.25
Programming,2,1,13,3,Theory,54,2.21
Geography,3,7,8,2,Practical,92,2.73
History,4,2,2,2,Practical,72,13.68
English,5,7,9,5,Practical,89,8.99
Programming,3,3,5,5,Conceptual,87,7.82
Economics,4,5,12,3,Theory,85,2.08
Physics,4,7,11,1,Theory,77,1.32
Programming,2,3,14,1,Conceptual,66,1.97
Machine Learning,4,3,1,3,Practical,53,38.82
Economics,3,1,3,3,Practical,44,12.36
Chemistry,1,2,3,1,Conceptual,40,3.68
Geography,4,7,3,2,Theory,76,5.03
Geography,2,7,9,5,Practical,78,4.65
Biology,2,6,8,5,Practical,48,6.87
Chemistry,3,5,15,1,Practical,88,1.32
History,3,2,4,1,Practical,53,5.07
Programming,3,3,5,3,Practical,85,6.3
History,2,3,14,3,Practical,66,3.33
Math,2,3,5,5,Practical,71,7.74
AI,3,1,2,1,Conceptual,57,5.66
Biology,2,5,7,2,Conceptual,84,2.14
Machine Learning,2,7,8,2,Practical,59,3.96
English,3,7,13,5,Practical,54,6.22
History,2,1,6,2,Theory,79,1.74
Computer Science,4,8,13,5,Theory,48,4.13
Biology,5,8,4,4,Conceptual,67,13.58
Physics,3,4,2,2,Theory,57,6.18
Programming,2,4,2,1,Theory,46,3.33
Physics,1,8,8,5,Theory,81,1.61
Computer Science,4,8,9,3,Practical,91,4.54
Chemistry,5,4,3,2,Theory,75,6.13
Biology,3,2,3,5,Theory,43,9.82
Machine Learning,2,1,2,5,Practical,44,18.36
AI,2,1,1,4,Conceptual,43,21.94
Statistics,3,1,1,1,Practical,40,12.6
Statistics,5,4,9,3,Practical,81,6.14
Geography,1,1,7,2,Practical,40,4.46
English,1,4,7,2,Theory,79,1.13
Math,1,4,9,5,Practical,91,2.21
Programming,5,6,2,2,Conceptual,89,12.53
Programming,2,5,2,1,Conceptual,89,2.93
Statistics,3,6,12,5,Practical,77,5.13
Math,2,5,8,1,Theory,59,1.71
Economics,4,7,9,5,Practical,90,7.27
Geography,3,7,2,2,Conceptual,59,9.17
AI,1,8,8,3,Theory,94,0.79
English,3,8,3,4,Conceptual,57,11.66
Biology,2,1,1,2,Conceptual,42,12.38
Machine Learning,4,2,15,1,Conceptual,42,3.42
Machine Learning,4,3,2,5,Practical,74,31.56
Computer Science,1,3,11,5,Practical,57,3.94
Biology,4,1,11,3,Practical,95,3.57
Biology,2,5,10,5,Theory,52,3.14
Computer Science,2,8,9,1,Conceptual,89,1.06
Programming,3,5,1,2,Practical,48,21.12
Economics,1,4,1,4,Conceptual,62,11.42
Programming,3,8,14,1,Practical,76,2.08
AI,5,1,15,4,Conceptual,82,4.06
Math,2,6,10,5,Conceptual,93,2.74
Machine Learning,2,2,11,1,Conceptual,68,1.97
AI,1,7,13,2,Practical,49,3.52
Statistics,4,4,2,5,Conceptual,91,24.43
AI,2,8,9,5,Practical,88,4.05
Machine Learning,5,3,11,5,Practical,67,8.8
Chemistry,3,6,13,1,Conceptual,56,2.67
Biology,1,8,3,5,Practical,67,6.98
Chemistry,1,1,11,5,Practical,78,2.68
Statistics,4,5,2,4,Conceptual,60,21.12
Math,3,6,15,4,Theory,48,2.94
Computer Science,3,1,4,2,Theory,74,3.23
AI,5,5,12,4,Practical,90,5.6
Statistics,3,1,5,3,Practical,89,6.06
Programming,4,8,6,4,Theory,91,4.55
Machine Learning,5,4,15,4,Conceptual,61,5.07
Geography,5,8,11,2,Practical,69,4.59
Math,4,5,5,4,Theory,58,6.46
Math,4,6,1,4,Theory,66,26.69
Geography,3,7,10,3,Theory,55,2.88
English,1,8,1,1,Practical,57,5.58
Chemistry,2,6,10,2,Practical,51,4.14
Programming,3,7,6,5,Conceptual,50,8.4
Programming,3,4,6,3,Theory,85,2.88
Chemistry,5,1,8,2,Practical,77,5.13
AI,2,5,13,5,Theory,81,1.84
Statistics,4,3,10,5,Practical,65,8.1
Physics,1,6,6,5,Practical,57,5.08
Chemistry,2,4,1,2,Conceptual,62,11.42
Statistics,1,4,9,4,Theory,77,1.45
Statistics,3,8,5,5,Conceptual,41,10.03
English,3,3,12,5,Practical,87,4.53
History,1,8,12,5,Conceptual,42,3.78
Physics,1,8,8,2,Conceptual,44,3.29
AI,5,5,15,5,Theory,53,4.17
English,3,3,4,5,Practical,89,11.91
Chemistry,3,4,12,3,Theory,95,1.36
English,1,4,5,4,Theory,64,2.43
Biology,4,6,4,4,Theory,50,8.0
Biology,5,7,10,5,Theory,70,4.96
Biology,4,3,1,4,Practical,89,48.66
Math,4,4,4,5,Conceptual,48,14.5
English,2,3,5,5,Practical,87,6.78
Machine Learning,2,3,13,4,Conceptual,85,2.2
Geography,2,4,5,1,Conceptual,64,2.69
Chemistry,5,6,10,1,Practical,59,3.96
Biology,4,4,6,3,Practical,49,9.06
Economics,5,2,1,5,Conceptual,86,60.67
Statistics,4,4,4,1,Conceptual,91,2.83
History,2,3,14,5,Conceptual,81,2.63
Biology,5,1,8,4,Theory,57,5.38
Physics,5,6,14,3,Theory,45,3.47
Math,1,1,3,2,Practical,67,3.98
Programming,1,3,9,5,Practical,87,2.45
History,5,6,15,2,Theory,90,1.39
Computer Science,2,1,2,3,Practical,80,10.2
AI,3,3,15,2,Conceptual,80,1.92
Economics,5,4,14,5,Practical,87,6.14
AI,1,4,2,2,Theory,70,2.56
Math,2,4,9,5,Practical,49,6.39
AI,1,8,8,4,Theory,63,1.98
Geography,5,1,14,4,Conceptual,74,4.68
Programming,5,1,11,3,Practical,66,6.13
Statistics,5,6,9,1,Theory,83,1.43
Machine Learning,1,5,9,3,Theory,85,1.01
AI,2,2,5,4,Conceptual,82,4.7
History,4,5,2,4,Practical,80,25.2
Programming,1,5,13,4,Conceptual,69,2.23
Chemistry,3,2,11,1,Conceptual,64,2.38
Chemistry,1,4,3,2,Practical,73,3.62
English,3,1,2,5,Practical,56,25.14
Geography,3,6,4,4,Conceptual,94,7.49
Chemistry,3,3,4,2,Theory,74,3.23
Computer Science,2,3,3,3,Theory,51,4.77
Economics,4,2,2,1,Conceptual,40,7.68
Chemistry,3,1,10,1,Theory,68,1.5
Math,4,6,15,5,Theory,59,3.45
Economics,2,1,11,2,Practical,44,4.45
Computer Science,2,3,13,5,Conceptual,59,3.81
Statistics,1,5,14,4,Practical,71,2.6
Economics,2,7,8,5,Practical,41,7.29
Economics,5,4,10,2,Theory,48,3.26
Economics,3,3,7,2,Conceptual,55,4.22
Statistics,3,1,6,1,Theory,51,2.37
Economics,1,4,14,2,Practical,74,1.99
History,1,4,10,1,Practical,74,1.86
Chemistry,3,2,9,3,Conceptual,80,3.36
Statistics,2,2,5,5,Practical,85,6.9
English,4,1,5,5,Theory,60,7.68
Physics,3,3,15,4,Theory,45,3.04
History,2,5,3,4,Conceptual,88,6.98
Biology,2,4,3,4,Conceptual,75,7.6
English,1,1,5,4,Conceptual,50,4.32
Programming,3,5,13,3,Conceptual,93,2.0
Programming,3,1,9,2,Practical,94,2.36
History,4,6,3,2,Conceptual,48,8.9
Biology,5,2,9,1,Theory,59,2.2
Programming,3,3,12,2,Theory,46,2.53
Geography,4,8,6,3,Theory,70,4.16
Biology,3,2,11,3,Practical,80,3.65
Biology,4,6,15,3,Conceptual,47,4.46
Physics,2,3,9,4,Practical,76,4.11
Statistics,5,5,5,3,Theory,41,6.69
Computer Science,4,2,6,2,Theory,57,3.51
Machine Learning,4,5,7,4,Conceptual,44,8.17
Math,2,6,1,3,Practical,63,20.22
Geography,3,4,8,3,Theory,91,2.09
Math,1,8,12,5,Practical,66,3.29
Economics,1,2,1,4,Practical,87,12.78
Economics,3,4,13,4,Conceptual,58,4.23
Chemistry,1,7,12,1,Conceptual,44,2.89
Statistics,4,1,6,5,Practical,64,12.16
History,2,6,11,3,Practical,86,2.48
Physics,1,7,5,3,Conceptual,47,3.98
Computer Science,5,4,14,3,Conceptual,63,4.35
Computer Science,5,8,10,3,Practical,46,7.74
Economics,1,8,7,5,Practical,65,4.24
Physics,2,2,10,3,Conceptual,79,2.45
Physics,3,6,13,5,Practical,59,5.92
Math,2,1,12,1,Conceptual,78,1.46
AI,2,5,4,1,Practical,94,1.86
Chemistry,4,8,5,5,Practical,43,15.42
Physics,4,5,14,5,Practical,41,7.83
Computer Science,2,3,4,4,Theory,61,4.45
Statistics,2,7,11,3,Conceptual,43,4.05
Statistics,3,5,10,5,Conceptual,86,4.27
AI,4,6,15,5,Theory,63,3.32
AI,5,8,9,5,Conceptual,66,8.3
Math,2,2,15,2,Conceptual,50,3.04
Economics,2,5,9,4,Practical,77,4.05
Statistics,4,4,9,1,Practical,70,3.13
Programming,4,5,2,1,Practical,93,6.42
Machine Learning,2,1,7,3,Practical,69,4.43
Machine Learning,4,7,6,5,Conceptual,52,10.3
Economics,4,6,12,5,Conceptual,79,5.01
History,3,3,8,2,Conceptual,63,3.58
Computer Science,5,2,4,2,Theory,40,5.92
Programming,5,4,3,5,Practical,72,26.68
Chemistry,3,7,9,4,Theory,49,3.77
Computer Science,4,8,6,4,Practical,62,10.28
Programming,2,7,15,1,Theory,75,1.01
Chemistry,3,2,9,2,Conceptual,85,2.32
Physics,2,4,4,3,Theory,52,3.94
AI,1,3,8,2,Conceptual,64,2.33
Math,2,1,13,2,Conceptual,47,3.28
Machine Learning,1,2,15,4,Practical,69,2.66
Machine Learning,5,2,12,3,Theory,90,2.32
Geography,3,8,3,1,Practical,59,5.46
AI,5,6,9,3,Conceptual,82,4.86
Economics,1,7,10,5,Theory,85,1.28
Machine Learning,4,3,8,1,Theory,87,1.22
Geography,2,7,3,1,Practical,45,5.3
Programming,1,1,14,2,Conceptual,74,1.59
Biology,4,4,8,5,Conceptual,86,6.67
Statistics,1,1,13,1,Theory,87,0.54
Biology,1,3,3,5,Practical,70,6.8
Programming,5,3,6,4,Practical,43,13.42
AI,1,4,11,1,Practical,49,3.33
History,5,8,9,5,Practical,61,10.67
Computer Science,5,2,7,2,Theory,87,2.7
Programming,3,6,10,2,Practical,50,4.8
Computer Science,5,1,10,3,Theory,91,2.69
Statistics,2,5,11,5,Practical,53,5.55
Economics,2,1,7,2,Theory,53,2.42
Statistics,2,2,4,5,Practical,76,8.94
Machine Learning,4,6,5,1,Conceptual,62,3.74
Machine Learning,2,6,14,3,Theory,75,1.49
Math,4,1,5,2,Conceptual,58,5.86
Geography,5,4,11,1,Practical,53,4.18
Computer Science,3,6,4,5,Theory,44,7.79
Economics,5,6,12,3,Practical,79,5.01
Machine Learning,3,5,14,4,Theory,70,2.33
English,3,4,2,5,Practical,93,22.92
Biology,5,4,11,1,Practical,51,4.3
Physics,1,2,14,5,Conceptual,76,2.01
Physics,4,6,1,1,Conceptual,69,11.09
English,4,7,12,2,Conceptual,59,3.57
AI,1,5,14,2,Conceptual,78,1.4
English,5,3,5,3,Conceptual,90,7.68
AI,4,5,15,4,Practical,72,4.88
English,4,6,14,2,Conceptual,63,3.15
Biology,3,4,5,3,Conceptual,67,5.9
Economics,1,8,4,2,Theory,48,2.46
Machine Learning,2,3,11,5,Conceptual,46,4.77
Geography,4,3,15,4,Theory,44,3.5
Programming,3,1,14,1,Theory,62,1.56
Chemistry,4,3,13,3,Practical,62,5.05
Chemistry,3,2,1,3,Theory,81,15.01
Computer Science,5,2,1,2,Practical,75,31.5
Computer Science,2,5,14,4,Conceptual,49,3.82
Biology,2,3,14,2,Conceptual,62,2.51
Computer Science,4,3,9,2,Practical,70,4.47
AI,5,5,3,4,Practical,82,21.08
Economics,3,1,12,4,Conceptual,69,3.89
Machine Learning,2,3,2,2,Theory,63,4.38
History,5,6,11,4,Practical,48,8.57
Economics,3,5,8,3,Theory,43,3.62
Physics,3,2,15,2,Theory,41,2.53
Statistics,3,3,5,3,Theory,72,3.78
Programming,5,7,14,3,Conceptual,52,4.88
Chemistry,5,6,15,1,Theory,58,1.88
Chemistry,1,6,5,4,Conceptual,72,3.26
Math,5,5,3,1,Conceptual,57,6.06
Physics,4,1,11,4,Conceptual,40,6.37
Math,5,7,4,1,Theory,60,3.28
Math,3,2,8,3,Practical,71,5.12
Statistics,1,5,2,2,Conceptual,67,3.98
Statistics,3,7,7,5,Practical,84,7.39
Physics,1,7,11,3,Practical,79,2.08
Computer Science,5,1,11,5,Theory,83,4.18
Machine Learning,4,5,9,2,Theory,85,1.9
Machine Learning,4,3,14,4,Theory,43,3.65
History,1,5,4,3,Practical,76,3.69
Computer Science,4,3,10,1,Conceptual,89,1.49
Statistics,2,8,8,4,Conceptual,94,2.69
Statistics,4,1,7,5,Practical,47,11.75
English,4,3,15,5,Practical,76,5.44
Biology,4,7,9,5,Conceptual,87,5.96
Biology,2,8,3,4,Theory,83,4.81
Chemistry,1,2,2,2,Theory,72,2.5
AI,2,2,5,4,Conceptual,75,5.04
Economics,5,3,2,2,Conceptual,60,13.92
Statistics,2,6,3,3,Theory,56,4.61
Math,1,7,12,5,Practical,55,3.95
Computer Science,2,8,15,3,Theory,44,2.43
Physics,1,5,2,1,Practical,69,3.36
History,3,1,5,2,Conceptual,75,4.08
Machine Learning,2,3,15,4,Theory,78,1.56
Math,3,7,11,3,Theory,45,3.07
Physics,3,5,8,3,Theory,46,3.53
Geography,2,3,3,2,Theory,53,3.64
Computer Science,2,5,15,1,Conceptual,83,1.14
Math,1,5,8,5,Theory,53,2.5
Math,5,3,3,1,Theory,86,3.11
Physics,4,5,10,5,Practical,52,8.88
AI,3,1,14,3,Practical,51,4.87
Geography,3,3,6,4,Conceptual,55,6.96
Math,5,1,2,5,Theory,58,21.34
Biology,5,1,1,3,Practical,76,46.44
Programming,5,8,5,4,Practical,90,12.6
Computer Science,1,8,1,2,Theory,42,5.06
Machine Learning,1,8,2,2,Theory,74,2.43
Machine Learning,2,6,6,5,Theory,74,3.5
History,3,5,15,4,Practical,46,5.64
Geography,4,7,14,5,Conceptual,65,5.11
Geography,1,4,15,2,Theory,71,1.14
AI,2,6,11,4,Conceptual,71,3.14
Chemistry,5,5,4,1,Conceptual,94,3.29
Economics,3,2,5,5,Theory,61,6.05
Biology,2,3,2,4,Practical,65,14.1
Math,1,2,11,2,Theory,53,1.79
AI,5,4,8,1,Theory,72,1.9
AI,2,4,9,3,Conceptual,62,3.42
English,2,5,2,3,Practical,41,12.54
Computer Science,3,4,3,4,Practical,76,13.44
Computer Science,4,2,5,3,Theory,65,4.96
Programming,3,1,15,5,Theory,53,3.1
Geography,4,2,9,3,Practical,95,4.3
Geography,2,3,10,4,Conceptual,61,3.79
Economics,4,2,14,3,Theory,50,2.97
Geography,5,6,5,5,Theory,75,8.8
Economics,4,8,3,1,Conceptual,53,5.46
Physics,2,4,6,2,Practical,95,2.3
Statistics,1,7,1,4,Theory,92,6.66
English,2,4,12,4,Practical,67,3.98
Chemistry,1,3,2,3,Conceptual,40,6.48
Physics,5,7,4,1,Conceptual,49,5.45
Computer Science,3,5,11,5,Conceptual,93,3.61
Machine Learning,5,8,13,1,Practical,89,1.81
Geography,3,5,14,4,Conceptual,90,2.54
Economics,1,8,11,1,Practical,51,3.21
Computer Science,1,4,10,5,Theory,87,1.22
History,2,5,8,5,Theory,62,3.22
Computer Science,1,6,3,1,Theory,46,2.26
AI,2,6,5,4,Practical,89,5.46
Math,5,3,15,4,Theory,82,2.71
Programming,4,6,7,3,Theory,59,4.05
Biology,5,7,4,2,Conceptual,90,6.48
History,3,5,9,3,Practical,82,4.08
Statistics,2,2,6,2,Conceptual,50,4.0
Geography,1,4,5,2,Theory,85,1.12
English,3,4,6,3,Theory,53,3.9
Biology,2,1,3,1,Practical,48,5.12
Biology,1,6,5,4,Conceptual,87,2.54
Economics,4,5,6,2,Practical,93,4.42
AI,5,5,15,3,Practical,70,4.8
AI,5,4,11,5,Conceptual,84,6.22
Chemistry,3,6,13,4,Conceptual,70,3.66
History,2,4,14,5,Conceptual,76,2.87
Machine Learning,2,3,11,3,Conceptual,88,1.89
Machine Learning,2,6,7,3,Theory,95,1.53
Chemistry,2,5,1,1,Conceptual,53,7.06
Economics,5,1,3,1,Practical,69,6.86
Physics,2,4,10,5,Theory,89,1.95
Computer Science,3,4,11,3,Conceptual,81,2.88
Chemistry,5,2,13,3,Conceptual,72,4.11
Computer Science,3,2,1,1,Practical,60,11.4
Math,1,8,15,3,Practical,55,3.3
Computer Science,2,7,9,3,Theory,87,1.48
Chemistry,4,2,8,3,Practical,87,5.28
Programming,4,6,1,3,Conceptual,82,29.66
Computer Science,5,3,14,3,Theory,66,2.8
Math,4,8,9,4,Conceptual,66,5.9
History,5,1,2,5,Conceptual,57,32.06
Statistics,5,5,2,4,Theory,74,16.83
AI,1,1,2,5,Theory,68,5.02
Statistics,3,2,13,1,Conceptual,92,0.94
Economics,5,2,3,2,Theory,53,6.84
Chemistry,4,1,3,2,Conceptual,74,7.65
Statistics,3,1,11,1,Practical,72,2.5
Chemistry,5,3,1,3,Practical,63,47.22
Statistics,5,2,15,3,Theory,76,2.37
Programming,1,5,13,2,Theory,50,1.85
Economics,2,3,6,3,Practical,56,5.64
Computer Science,5,7,8,4,Conceptual,59,7.97
Chemistry,2,5,13,2,Practical,80,2.12
Statistics,3,4,3,2,Conceptual,66,6.43
Machine Learning,4,3,12,4,Conceptual,44,5.89
Math,5,7,9,1,Practical,59,4.13
Math,1,1,2,5,Theory,62,5.22
History,2,5,6,4,Practical,95,4.3
Programming,4,3,6,2,Conceptual,40,6.08
AI,1,1,11,2,Conceptual,40,3.32
AI,1,6,10,3,Practical,94,1.26
English,5,7,7,4,Theory,70,5.53
Geography,4,4,12,2,Practical,88,2.72
English,3,5,10,4,Conceptual,65,4.56
Economics,5,8,1,4,Practical,51,62.94
Economics,3,6,6,5,Theory,84,4.51
History,3,7,14,1,Conceptual,77,1.62
Economics,3,8,6,2,Theory,77,2.34
Chemistry,1,4,1,2,Theory,86,3.65
Geography,4,1,8,4,Conceptual,75,6.0
Machine Learning,3,1,1,3,Practical,75,28.5
Computer Science,5,3,6,2,Practical,59,7.46
English,5,2,14,3,Conceptual,70,4.01
Machine Learning,5,8,12,1,Conceptual,77,2.1
Programming,3,7,15,3,Theory,85,1.44
History,4,4,12,1,Theory,91,0.82
Chemistry,5,4,4,4,Conceptual,87,12.62
Math,1,4,11,5,Theory,90,1.05
English,4,7,7,3,Conceptual,47,6.66
AI,1,6,13,4,Theory,53,2.0
Programming,1,3,9,3,Practical,40,4.6
Statistics,2,1,4,4,Conceptual,68,6.34
Machine Learning,1,6,9,1,Conceptual,90,0.75
Economics,4,4,11,2,Practical,88,2.9
Machine Learning,5,5,6,5,Conceptual,78,11.06
Biology,1,2,6,3,Theory,78,1.5
History,5,5,3,3,Practical,88,15.72
Machine Learning,4,2,14,3,Conceptual,66,3.69
Geography,2,8,2,2,Theory,54,4.67
Physics,1,3,11,5,Theory,46,2.46
AI,4,2,15,2,Theory,74,1.69
Physics,3,7,8,4,Practical,80,5.7
Biology,3,2,9,2,Practical,43,5.42
AI,4,2,15,5,Conceptual,45,5.84
AI,1,8,9,1,Practical,71,2.07
English,4,7,10,4,Conceptual,67,5.42
History,5,2,13,4,Theory,82,3.04
Statistics,3,6,4,5,Conceptual,69,10.49
History,1,3,8,2,Theory,51,1.97
English,4,4,11,3,Conceptual,91,3.05
Geography,2,6,7,4,Practical,47,6.61
Computer Science,2,3,11,3,Theory,80,1.51
Math,4,5,9,1,Theory,84,1.22
Chemistry,2,2,15,1,Theory,42,2.07
Computer Science,5,1,5,1,Practical,90,3.6
Math,4,1,7,5,Conceptual,56,8.97
Machine Learning,2,8,8,1,Practical,93,1.17
Math,3,6,11,3,Conceptual,67,3.55
Statistics,5,5,6,2,Practical,62,7.28
Geography,1,3,7,5,Theory,73,2.01
Statistics,5,8,15,2,Theory,65,2.19
History,4,8,6,3,Practical,83,7.02
Programming,5,8,1,3,Practical,48,48.12
Economics,5,6,10,1,Theory,42,2.66
Economics,3,6,15,1,Practical,69,2.46
Computer Science,4,2,8,2,Conceptual,51,4.75
Machine Learning,1,7,9,5,Conceptual,73,2.63
English,3,1,4,5,Conceptual,55,11.16
Computer Science,1,5,13,2,Theory,59,1.56
AI,5,8,11,5,Practical,79,8.08
History,4,5,8,3,Practical,95,4.8
Programming,1,5,9,4,Conceptual,89,1.59
Geography,2,8,10,2,Theory,63,1.82
Machine Learning,3,4,6,2,Conceptual,54,4.61
Programming,4,7,11,4,Theory,78,3.03
Chemistry,3,1,14,4,Conceptual,83,2.87
Biology,2,7,9,3,Conceptual,57,3.66
Physics,4,1,8,2,Conceptual,91,2.83
History,4,1,9,2,Theory,93,1.65
Economics,3,2,8,4,Conceptual,85,4.32
Economics,1,4,2,1,Conceptual,92,1.58
Chemistry,2,6,4,2,Theory,89,1.95
Geography,2,8,1,1,Practical,60,8.4
Math,1,3,4,2,Practical,60,3.9
History,1,4,8,2,Conceptual,46,3.19
Physics,1,1,5,3,Theory,83,1.5
Machine Learning,2,3,11,4,Practical,50,5.18
Economics,2,8,10,1,Conceptual,61,2.35
Chemistry,2,2,5,1,Conceptual,75,2.16
Computer Science,2,2,10,5,Practical,85,3.9
Machine Learning,4,6,8,2,Conceptual,66,4.03
Math,3,5,15,4,Practical,71,4.14
Math,3,4,10,4,Theory,73,2.78
Programming,5,7,8,3,Conceptual,43,7.24
Economics,1,8,10,2,Conceptual,71,1.87
Math,5,6,5,1,Theory,55,3.04
Statistics,5,1,3,2,Conceptual,50,10.4
Math,3,4,2,2,Conceptual,74,8.45
Statistics,5,5,9,2,Conceptual,85,3.39
Geography,2,6,14,1,Practical,72,2.11
Statistics,4,6,8,4,Practical,57,8.58
Math,3,8,4,2,Conceptual,46,6.19
Math,5,8,13,5,Practical,78,7.09
Geography,3,3,15,5,Theory,93,1.82
Chemistry,4,7,11,2,Conceptual,76,2.9
Statistics,4,8,12,1,Conceptual,68,2.34
Statistics,4,3,8,5,Conceptual,54,8.21
Economics,4,7,10,3,Conceptual,91,3.31
Chemistry,4,8,1,1,Practical,67,13.98
Machine Learning,4,4,8,5,Practical,79,8.76
History,1,8,1,2,Conceptual,41,7.63
Math,4,7,7,4,Practical,48,9.98
Geography,4,8,14,4,Theory,46,3.56
Chemistry,3,4,1,4,Practical,87,36.78
Math,3,2,7,2,Practical,83,3.59
History,2,5,6,2,Theory,78,1.77
English,2,8,10,2,Theory,80,1.28
AI,2,1,12,2,Conceptual,54,3.01
Programming,3,7,1,2,Practical,94,18.36
Physics,2,1,1,2,Practical,65,14.1
AI,5,3,6,1,Theory,92,1.59
Economics,3,1,4,5,Conceptual,92,9.38
Machine Learning,1,5,10,1,Theory,41,2.05
AI,4,1,1,2,Practical,46,27.24
Math,3,4,6,2,Theory,48,3.26
Chemistry,5,3,12,3,Conceptual,90,3.48
Machine Learning,4,6,7,1,Theory,94,1.11
Geography,3,7,3,4,Practical,93,12.42
Chemistry,3,8,1,2,Conceptual,56,16.51
Math,4,6,1,4,Practical,90,48.6
Biology,3,7,6,1,Conceptual,64,2.93
Economics,4,6,7,5,Practical,62,10.85
Computer Science,3,6,9,1,Theory,94,0.73
History,4,5,10,5,Conceptual,61,6.67
Statistics,1,2,11,2,Theory,41,2.18
Statistics,3,4,6,4,Theory,56,4.61
Geography,4,4,15,2,Conceptual,81,2.19
Statistics,5,1,15,4,Practical,60,6.4
Programming,3,8,10,4,Theory,52,3.46
Economics,3,8,12,5,Conceptual,54,5.21
Machine Learning,3,3,1,2,Practical,89,18.66
Biology,3,2,7,5,Conceptual,43,7.88
English,2,3,4,2,Theory,79,2.27
Computer Science,1,6,4,4,Practical,72,4.68
Economics,4,4,10,3,Theory,59,3.23
Economics,3,5,1,4,Practical,85,36.9
English,1,5,2,2,Theory,60,2.88
Physics,3,7,14,4,Practical,65,4.67
Chemistry,4,2,13,3,Practical,84,3.73
Chemistry,2,5,13,4,Practical,87,2.63
Chemistry,3,7,11,4,Conceptual,48,5.11
Statistics,2,1,4,4,Practical,40,9.6
Machine Learning,3,2,14,1,Conceptual,64,2.24
Computer Science,4,8,3,1,Conceptual,43,5.94
Math,3,2,7,5,Conceptual,72,6.49
Computer Science,2,1,7,2,Practical,85,2.61
Math,4,7,6,5,Practical,56,12.64
History,3,2,10,2,Practical,45,5.1
Geography,3,2,12,2,Practical,74,3.06
Economics,1,5,10,2,Theory,48,1.98
Physics,1,6,4,3,Theory,74,2.03
Chemistry,4,1,9,5,Conceptual,95,5.57
Geography,1,5,14,4,Theory,48,2.12
English,4,6,7,3,Conceptual,85,4.83
Economics,5,4,7,4,Theory,47,6.27
AI,4,3,14,1,Practical,52,3.74
Physics,4,1,14,1,Conceptual,66,2.32
Biology,5,8,14,1,Conceptual,40,3.74
Machine Learning,4,7,13,3,Practical,69,4.63
Programming,1,8,15,4,Practical,78,2.12
Geography,2,2,7,2,Theory,69,1.91
Programming,4,5,3,5,Conceptual,62,17.82
Programming,3,7,4,1,Theory,47,2.9
Chemistry,1,4,10,2,Practical,85,1.5
Chemistry,4,1,7,4,Practical,55,9.56
Machine Learning,5,8,2,5,Conceptual,60,31.92
Geography,1,3,10,5,Conceptual,92,1.58
English,3,6,6,3,Practical,78,5.82
Biology,3,8,3,1,Practical,89,3.66
History,3,8,12,3,Conceptual,70,3.24
Chemistry,5,5,6,1,Conceptual,84,2.77
Machine Learning,5,1,10,5,Theory,54,5.47
Physics,3,3,9,5,Theory,40,4.59
Geography,5,4,7,4,Theory,52,6.11
Chemistry,1,1,12,2,Theory,63,1.45
Computer Science,3,8,14,2,Theory,69,1.68
Programming,3,1,8,1,Theory,68,1.62
Physics,4,1,12,3,Practical,52,5.88
Math,5,4,15,1,Practical,80,2.2
Math,5,3,10,5,Practical,73,9.12
AI,5,8,10,2,Conceptual,42,5.18
Machine Learning,1,5,10,3,Practical,60,3.3
Geography,3,2,4,2,Practical,54,7.26
Physics,3,1,2,1,Conceptual,75,4.8
Economics,3,8,11,2,Theory,70,1.83
Economics,5,6,3,3,Practical,49,18.06
Computer Science,2,1,4,3,Conceptual,82,4.46
Economics,5,6,10,3,Practical,83,5.52
Biology,4,1,13,4,Conceptual,56,5.07
Machine Learning,4,3,13,1,Theory,54,1.96
Physics,2,7,5,2,Conceptual,70,3.36
Programming,2,2,9,5,Theory,61,3.03
History,1,2,12,4,Practical,42,4.48
History,1,6,13,1,Theory,41,2.01
English,4,3,6,2,Conceptual,68,4.74
Chemistry,2,3,2,1,Theory,83,2.14
AI,1,6,6,5,Theory,86,1.78
Machine Learning,3,7,3,3,Theory,51,6.37
English,3,8,10,4,Theory,49,3.55
Geography,5,7,4,1,Theory,49,3.63
Economics,2,4,7,5,Theory,42,4.14
Statistics,3,7,12,2,Conceptual,41,4.03
Computer Science,1,2,3,3,Theory,92,1.86
Computer Science,3,5,12,3,Theory,61,2.45
Machine Learning,5,8,1,4,Practical,95,60.3
Computer Science,2,6,5,4,Theory,78,3.26
History,3,1,5,4,Theory,66,4.93
Machine Learning,2,8,15,1,Practical,93,0.82
Geography,4,3,8,4,Practical,42,9.48
Biology,2,4,11,1,Practical,49,3.61
Computer Science,1,4,2,3,Practical,50,7.5
Machine Learning,3,7,2,5,Theory,52,13.54
Chemistry,4,3,13,3,Theory,55,2.92
Statistics,1,6,14,5,Conceptual,71,2.25
English,1,2,10,2,Conceptual,85,1.2
Economics,4,6,8,4,Practical,74,7.56
History,1,2,7,3,Theory,92,0.94
Statistics,1,6,6,2,Conceptual,85,1.52
Physics,4,1,1,1,Practical,76,13.44
Chemistry,5,8,4,3,Theory,76,6.77
AI,3,8,10,5,Theory,78,3.1
Biology,2,5,11,4,Practical,82,3.26
Computer Science,2,7,2,5,Theory,69,8.99
History,3,1,3,2,Conceptual,70,6.24
Machine Learning,5,7,11,4,Conceptual,65,6.04
Economics,4,2,13,1,Theory,46,2.22
English,3,5,14,2,Practical,92,1.77
Economics,5,3,4,2,Theory,70,4.96
Computer Science,3,2,12,4,Theory,92,1.86
Physics,5,4,7,3,Practical,52,9.31
English,3,4,11,5,Theory,40,4.1
Physics,2,8,5,5,Theory,85,3.68
English,4,1,15,1,Theory,86,0.87
Machine Learning,4,2,2,4,Theory,82,13.38
Biology,2,7,8,5,Practical,72,5.43
History,5,6,13,1,Practical,94,1.51
Geography,1,6,10,1,Practical,41,3.84
Chemistry,4,2,9,2,Conceptual,85,2.85
AI,2,7,4,5,Conceptual,57,8.06
Economics,5,7,1,5,Conceptual,56,62.11
History,3,7,2,2,Theory,48,6.46
Biology,2,5,15,2,Practical,46,4.04
Computer Science,4,7,11,2,Theory,77,1.9
Computer Science,2,8,15,2,Practical,42,4.28
Statistics,5,5,4,4,Theory,91,8.29
AI,4,5,6,2,Practical,80,5.2
Chemistry,4,6,11,1,Practical,50,4.09
Physics,1,3,1,5,Conceptual,48,14.5
Programming,1,4,1,2,Conceptual,85,5.52
Biology,1,4,1,4,Theory,95,6.56
Chemistry,1,2,14,1,Theory,62,1.33
Geography,1,2,5,4,Conceptual,91,2.35
AI,4,5,5,5,Practical,80,13.2
Economics,2,7,14,1,Conceptual,43,3.08
Machine Learning,5,5,10,2,Conceptual,61,4.27
Economics,4,4,12,1,Conceptual,90,1.28
Physics,2,5,4,1,Theory,92,1.06
Computer Science,4,6,4,3,Conceptual,43,9.94
Chemistry,3,6,7,5,Theory,91,3.72
AI,3,3,10,1,Theory,58,1.82
Biology,5,1,6,2,Theory,52,4.2
Math,5,4,3,3,Conceptual,60,13.92
AI,5,5,7,1,Practical,73,3.76
English,5,5,2,2,Conceptual,81,12.91
AI,5,1,1,3,Theory,74,24.83
Math,1,4,4,5,Practical,83,4.77
Physics,4,7,4,5,Theory,82,8.58
Geography,2,7,3,2,Conceptual,89,3.73
Statistics,1,2,8,5,Conceptual,51,3.85
History,3,3,12,5,Practical,93,4.17
Biology,1,3,2,2,Theory,57,2.98
Statistics,5,2,1,2,Conceptual,91,24.43
Economics,2,3,14,5,Practical,79,3.4
AI,2,5,4,3,Theory,62,3.62
Statistics,2,3,4,2,Theory,92,1.86
History,3,2,15,5,Practical,67,4.98
Geography,1,5,13,1,Practical,88,0.95
Physics,5,2,4,2,Conceptual,90,6.48
English,4,3,14,5,Practical,58,6.81
Programming,5,6,13,1,Theory,55,2.06
Geography,3,8,14,4,Conceptual,84,2.83
Economics,5,6,2,3,Practical,40,26.1
History,4,3,15,3,Theory,78,1.98
Statistics,2,1,8,3,Theory,59,2.51
Computer Science,5,1,3,5,Conceptual,71,21.39
Chemistry,5,5,1,2,Practical,69,31.86
AI,1,3,11,2,Conceptual,80,1.4
Machine Learning,3,5,14,4,Practical,92,3.05
AI,5,7,13,3,Theory,67,2.9
AI,5,3,4,3,Practical,82,12.33
Biology,3,8,15,4,Conceptual,86,2.59
Chemistry,2,8,1,1,Theory,79,3.87
Economics,4,6,6,1,Practical,50,5.0
Computer Science,4,1,9,4,Theory,50,4.44
AI,3,3,2,3,Practical,63,15.72
History,2,7,7,2,Conceptual,85,2.09
Biology,1,7,4,3,Conceptual,83,2.62
AI,5,3,12,4,Theory,72,3.56
Chemistry,1,4,15,3,Conceptual,56,2.59
Math,2,1,4,4,Conceptual,51,7.15
History,3,3,2,4,Theory,80,10.24
Physics,4,8,14,5,Theory,54,3.76
Statistics,4,6,12,2,Conceptual,91,2.03
English,5,8,8,3,Practical,54,8.38
Math,1,3,2,4,Theory,48,4.86
Math,5,3,12,4,Practical,68,6.92
Computer Science,2,2,15,1,Practical,52,3.28
Economics,2,7,5,5,Conceptual,73,6.1
History,3,5,11,4,Theory,68,2.77
Economics,5,2,14,5,Conceptual,91,4.72
AI,3,5,6,3,Conceptual,83,4.42
Economics,1,7,7,4,Practical,50,4.71
Machine Learning,4,4,8,4,Conceptual,47,7.34
Statistics,4,2,15,3,Conceptual,89,2.45
Physics,3,3,14,3,Theory,95,1.19
Math,5,8,8,1,Theory,82,1.58
Statistics,1,8,11,1,Practical,79,1.53
Chemistry,3,7,6,3,Conceptual,52,5.9
Economics,5,2,8,1,Conceptual,79,2.51
Chemistry,4,8,10,2,Conceptual,78,2.98
Computer Science,1,7,8,2,Theory,93,0.62
History,3,8,6,5,Theory,89,4.35
Computer Science,4,4,11,3,Conceptual,81,3.53
Chemistry,4,6,5,1,Practical,74,3.96
Machine Learning,2,3,7,5,Theory,75,3.09
Biology,4,1,14,3,Practical,49,5.63
Math,2,1,5,4,Practical,63,7.02
Chemistry,3,1,12,5,Conceptual,82,3.86
English,1,2,14,2,Theory,64,1.38
Math,5,6,6,4,Theory,75,6.13
Geography,5,1,1,2,Theory,58,17.34
Economics,2,4,4,3,Practical,41,8.04
Statistics,3,6,5,4,Practical,55,9.9
Biology,1,4,2,4,Theory,58,4.54
Math,1,3,2,4,Conceptual,40,7.68
Chemistry,5,2,15,3,Theory,42,3.46
Economics,4,2,13,2,Practical,95,2.15
Statistics,5,6,9,3,Conceptual,42,6.78
Chemistry,3,3,15,5,Theory,93,1.82
Machine Learning,2,1,2,1,Conceptual,57,4.46
Programming,3,8,13,4,Conceptual,76,3.37
Programming,4,7,10,2,Theory,74,2.11
Computer Science,3,3,14,3,Conceptual,80,2.5
Machine Learning,1,5,7,1,Practical,68,2.35
Economics,5,2,11,5,Conceptual,54,7.66
Biology,5,8,9,3,Practical,44,8.36
Chemistry,3,5,6,2,Conceptual,77,3.5
Economics,3,1,10,3,Conceptual,68,3.7
Physics,4,7,9,2,Theory,70,2.38
Machine Learning,4,3,5,4,Practical,51,12.54
Machine Learning,5,5,1,4,Practical,44,63.36
Economics,3,1,4,1,Practical,56,4.89
Physics,2,6,12,4,Practical,76,3.44
Math,3,3,8,4,Theory,75,3.2
Computer Science,3,5,15,1,Conceptual,83,1.3
Economics,5,4,9,4,Theory,57,4.93
AI,2,3,6,4,Conceptual,54,5.41
Chemistry,2,8,14,3,Practical,55,3.99
Statistics,5,3,5,1,Theory,41,3.49
English,4,1,7,1,Practical,87,2.49
Biology,3,2,6,5,Practical,44,10.86
Economics,1,7,6,2,Conceptual,59,2.77
Biology,3,3,14,5,Theory,51,3.28
Computer Science,2,4,14,5,Theory,51,2.71
History,2,2,15,1,Conceptual,81,1.23
Machine Learning,3,6,7,5,Conceptual,46,7.73
AI,1,1,15,5,Practical,72,2.68
Machine Learning,5,7,1,2,Practical,64,32.16
Biology,1,3,8,1,Practical,71,2.11
English,5,6,8,3,Theory,41,4.89
Geography,1,7,12,5,Conceptual,72,2.34
Math,4,6,2,2,Practical,83,13.02
Economics,1,2,11,4,Theory,53,2.09
Geography,1,4,9,5,Theory,57,2.26
Math,1,3,6,5,Practical,84,3.46
Programming,3,3,10,5,Theory,88,2.78
Programming,5,7,1,2,Conceptual,95,24.24
Geography,3,5,1,4,Practical,62,38.28
English,5,5,3,1,Conceptual,48,6.5
History,1,7,1,5,Practical,40,18.6
Biology,2,8,9,1,Conceptual,95,0.77
Economics,3,5,3,1,Theory,66,2.69
AI,5,1,4,5,Theory,86,10.45
History,3,7,1,5,Theory,43,25.82
Chemistry,1,7,13,2,Practical,43,3.88
Chemistry,1,7,6,3,Conceptual,87,1.82
Math,4,1,1,4,Theory,66,26.69
Programming,1,3,8,4,Conceptual,63,2.98
Chemistry,3,4,9,5,Practical,86,5.84
Biology,2,1,6,2,Theory,74,1.9
Statistics,5,8,13,4,Conceptual,71,5.08
Chemistry,1,6,7,3,Conceptual,87,1.65
Statistics,2,2,7,4,Theory,47,3.52
English,5,4,6,1,Conceptual,56,4.11
Economics,3,3,5,4,Theory,53,5.34
Biology,3,2,3,4,Theory,89,6.75
Physics,1,4,12,3,Theory,63,1.58
Economics,2,6,9,5,Theory,93,2.0
Programming,4,6,15,4,Conceptual,75,3.76
AI,1,5,12,1,Practical,71,1.99
AI,3,8,3,3,Practical,76,10.44
Computer Science,1,3,9,1,Conceptual,90,0.75
Computer Science,3,7,3,1,Practical,51,5.94
Economics,5,5,14,5,Conceptual,66,5.92
English,5,1,12,4,Conceptual,76,5.15
Physics,4,3,4,1,Theory,53,3.1
English,4,7,15,3,Theory,48,2.94
Biology,3,7,13,1,Theory,65,1.49
Chemistry,2,4,8,2,Practical,40,5.1
Chemistry,4,8,15,2,Practical,95,1.9
Statistics,2,7,9,4,Practical,48,5.79
Computer Science,3,6,7,2,Theory,72,2.27
Statistics,2,8,9,5,Conceptual,92,3.05
Physics,4,8,13,3,Conceptual,40,5.1
Math,5,8,7,4,Conceptual,50,9.26
Statistics,4,8,15,4,Theory,93,1.93
English,3,6,12,4,Theory,41,3.49
Physics,2,1,15,3,Conceptual,93,1.3
Biology,4,4,2,5,Practical,71,31.74
Economics,5,3,7,1,Theory,44,2.93
Geography,4,8,13,5,Practical,42,8.1
Geography,4,2,7,1,Practical,47,4.89
History,3,7,5,2,Conceptual,58,4.9
Biology,2,8,2,2,Conceptual,92,5.18
History,3,1,11,3,Theory,42,3.17
AI,1,4,14,4,Practical,40,4.46
Physics,4,8,1,5,Practical,91,60.54
AI,1,4,6,3,Practical,88,2.22
Computer Science,4,1,10,2,Practical,74,3.96
Physics,1,3,2,1,Practical,53,4.32
Economics,2,4,13,2,Conceptual,67,2.32
Math,5,2,2,4,Theory,55,17.44
Computer Science,4,7,3,4,Conceptual,49,15.25
AI,1,6,12,5,Conceptual,90,1.48
Machine Learning,4,5,1,2,Conceptual,50,21.6
Economics,1,7,15,5,Practical,77,2.38
Programming,2,4,7,5,Practical,42,7.77
English,3,6,6,4,Practical,80,7.2
Computer Science,2,5,9,5,Practical,75,4.83
Machine Learning,1,7,10,1,Conceptual,62,2.06
Statistics,2,2,6,2,Conceptual,67,3.18
Physics,1,4,7,5,Practical,52,5.02
Computer Science,4,6,8,1,Theory,71,1.73
Math,5,2,1,4,Practical,94,60.36
Math,2,7,13,3,Theory,42,2.59
Statistics,1,6,2,5,Theory,86,4.45
Machine Learning,3,1,5,2,Practical,94,3.96
Biology,2,1,2,2,Practical,51,8.94
AI,3,3,15,5,Theory,62,2.82
Economics,2,2,12,4,Conceptual,65,3.28
Statistics,5,8,12,2,Theory,72,2.23
Math,2,5,6,4,Conceptual,42,5.98
Geography,3,4,7,3,Conceptual,72,4.43
Economics,3,3,15,4,Conceptual,69,3.41
English,1,3,5,1,Practical,69,2.46
Math,3,4,9,4,Conceptual,60,5.12
Biology,1,4,4,3,Theory,84,1.71
Machine Learning,1,4,14,4,Practical,43,4.28
Chemistry,3,7,14,3,Conceptual,64,3.27
Biology,2,4,11,4,Conceptual,92,2.13
Geography,1,6,14,1,Conceptual,58,2.19
Biology,5,1,8,1,Conceptual,52,3.8
Math,4,7,11,5,Theory,83,3.45
Machine Learning,3,6,5,2,Theory,79,2.59
English,4,6,9,2,Conceptual,77,3.24
Geography,2,3,14,1,Theory,56,1.64
Economics,2,5,6,2,Practical,72,3.68
Computer Science,3,3,8,3,Conceptual,63,4.48
History,4,3,2,3,Conceptual,71,15.79
Biology,5,6,1,1,Practical,62,17.28
English,5,5,2,3,Practical,51,25.44
Biology,5,2,5,1,Conceptual,47,4.94
AI,5,2,6,2,Conceptual,58,6.02
History,4,4,13,2,Practical,42,5.33
Programming,2,3,5,5,Theory,84,3.71
English,1,5,7,3,Theory,89,1.04
Biology,5,2,7,2,Conceptual,49,5.88
Biology,3,2,9,1,Conceptual,51,3.15
Computer Science,3,6,6,4,Theory,52,4.74
Biology,1,1,4,4,Theory,72,2.5
Physics,1,8,1,5,Theory,83,8.54
Statistics,4,8,4,3,Practical,50,12.0
History,5,8,6,3,Conceptual,79,7.01
History,3,8,3,5,Conceptual,55,14.16
Machine Learning,3,2,5,4,Practical,58,9.72
Statistics,5,3,10,1,Theory,50,2.4
Economics,1,7,12,3,Theory,66,1.49
Math,1,4,6,1,Practical,72,2.18
Biology,4,3,2,4,Practical,79,25.26
Geography,2,2,7,1,Theory,71,1.39
Math,5,5,10,2,Conceptual,67,3.98
Machine Learning,5,2,9,4,Practical,41,10.21
Programming,3,7,1,2,Conceptual,43,17.14
Geography,5,6,2,1,Conceptual,84,6.77
Computer Science,2,8,4,2,Conceptual,78,3.46
Biology,3,8,4,2,Practical,62,6.78
Geography,3,8,4,5,Practical,93,11.67
AI,3,1,11,3,Practical,74,4.01
Chemistry,3,5,9,2,Practical,89,2.66
AI,4,5,11,5,Theory,67,3.97
History,4,5,11,4,Theory,89,2.68
Statistics,2,3,13,1,Conceptual,69,1.86
Chemistry,1,1,8,2,Practical,86,1.59
English,5,4,7,1,Theory,85,1.62
Math,1,5,6,5,Practical,80,3.7
Physics,5,6,1,5,Practical,42,78.48
Geography,4,2,14,5,Practical,66,6.33
Physics,1,2,3,1,Theory,50,2.13
Biology,3,8,13,2,Practical,57,3.96
Computer Science,2,2,3,5,Theory,40,7.25
Statistics,5,1,1,3,Practical,88,45.72
Geography,4,8,5,3,Theory,88,4.22
History,1,8,3,1,Theory,66,1.62
Geography,3,7,13,2,Conceptual,52,3.41
Geography,4,2,9,1,Practical,48,4.45
Programming,5,5,15,5,Conceptual,40,6.88
Economics,4,8,2,4,Practical,53,26.82
Biology,4,3,12,1,Theory,53,2.04
Chemistry,2,1,8,4,Conceptual,61,4.27
Economics,3,7,8,5,Conceptual,67,6.08
Computer Science,2,7,11,3,Theory,49,2.5
Statistics,1,5,10,3,Practical,75,2.4
Computer Science,2,6,12,1,Practical,45,3.8
Physics,5,5,11,2,Theory,76,2.22
Statistics,1,1,15,3,Conceptual,84,1.25
AI,1,8,9,4,Theory,79,1.38
Programming,3,1,8,4,Conceptual,54,5.81
Math,2,7,15,3,Conceptual,94,1.25
Computer Science,5,6,2,3,Theory,67,13.06
English,2,8,10,2,Practical,53,4.02
English,3,2,7,1,Theory,93,0.91
History,3,4,1,3,Conceptual,60,23.52
Machine Learning,5,2,9,3,Practical,41,8.54
Physics,2,5,10,3,Theory,67,2.02
History,3,3,8,4,Theory,62,3.62
English,5,2,12,1,Practical,67,3.23
Physics,3,6,12,5,Practical,92,4.23
Math,2,6,1,3,Practical,89,18.66
Math,5,1,6,5,Conceptual,44,12.69
Chemistry,5,8,11,5,Theory,64,4.79
Computer Science,5,1,12,4,Practical,61,7.34
Physics,4,4,4,2,Practical,77,7.38
Programming,4,3,13,1,Conceptual,67,2.32
AI,3,3,13,3,Practical,83,3.1
Biology,5,4,12,1,Practical,53,4.07
Statistics,2,7,10,4,Practical,60,4.8
Machine Learning,5,2,1,5,Practical,45,78.3
History,1,8,1,5,Theory,60,9.28
History,1,3,14,4,Practical,72,2.54
English,3,3,2,5,Theory,77,12.74
History,1,5,8,5,Practical,49,4.94
Statistics,2,5,6,4,Conceptual,53,5.46
AI,2,2,8,3,Practical,82,3.33
Geography,1,6,7,5,Practical,45,5.44
Machine Learning,5,3,14,5,Conceptual,48,6.78
Statistics,3,5,12,1,Practical,40,4.35
Statistics,3,5,3,3,Theory,54,6.27
Math,3,6,8,2,Practical,79,3.51
English,2,1,14,4,Theory,51,2.48
English,3,2,14,3,Conceptual,73,2.84
Statistics,5,1,11,5,Practical,49,9.88
Math,5,4,5,3,Practical,85,9.9
Math,1,5,2,1,Theory,44,2.59
AI,5,4,4,1,Conceptual,64,4.73
Geography,4,7,9,4,Practical,93,5.75
Geography,3,6,12,5,Conceptual,42,5.78
Programming,1,1,13,1,Practical,62,2.51
Computer Science,2,8,10,1,Theory,62,1.54
Biology,3,3,15,2,Conceptual,68,2.5
Physics,2,2,2,3,Practical,53,11.82
History,2,4,5,1,Theory,44,2.43
History,4,8,3,1,Theory,40,4.05
Machine Learning,1,2,4,4,Theory,63,2.78
Machine Learning,2,3,1,1,Practical,48,9.12
Economics,5,1,9,4,Conceptual,88,5.91
Geography,5,4,10,4,Practical,93,6.42
Physics,2,7,3,3,Theory,57,4.58
Machine Learning,3,8,12,3,Practical,74,3.81
Physics,3,3,6,5,Conceptual,44,8.69
Physics,3,3,7,1,Theory,48,2.35
Programming,4,2,1,2,Practical,89,24.66
Programming,4,2,5,4,Theory,66,6.21
Computer Science,5,6,1,1,Theory,46,9.73
Statistics,2,8,9,5,Practical,76,4.77
Programming,4,7,5,3,Theory,80,4.48
Programming,4,2,14,4,Conceptual,51,5.09
History,4,7,2,4,Practical,40,27.6
Physics,5,2,1,1,Theory,42,9.86
Programming,5,8,14,5,Theory,70,3.82
Statistics,2,1,5,1,Theory,74,1.47
History,4,7,15,4,Theory,86,2.15
Programming,1,1,15,5,Conceptual,41,3.63
AI,2,4,11,4,Conceptual,88,2.32
Geography,3,5,11,2,Practical,91,2.18
Biology,3,3,9,5,Conceptual,72,5.34
Physics,1,5,1,4,Practical,67,13.98
History,3,7,8,4,Practical,46,7.74
Economics,2,6,6,1,Theory,92,0.79
Economics,4,3,11,5,Conceptual,72,5.71
Economics,2,8,12,5,Practical,69,4.36
English,1,6,4,1,Practical,54,3.51
Programming,2,5,12,1,Theory,83,0.81
History,1,2,10,3,Practical,69,2.76
Math,2,8,12,2,Theory,43,2.36
Math,4,7,2,4,Practical,54,26.76
AI,1,4,13,5,Practical,82,2.23
History,4,8,9,1,Conceptual,45,3.71
English,4,8,6,1,Theory,66,2.15
Statistics,1,1,7,4,Theory,78,1.62
AI,3,3,13,4,Conceptual,40,5.1
Math,4,4,7,5,Conceptual,44,9.55
AI,4,1,11,4,Conceptual,54,5.7
AI,5,3,5,2,Practical,68,7.92
History,5,6,8,3,Conceptual,88,5.08
History,4,7,13,4,Conceptual,49,5.4
English,4,6,10,3,Conceptual,61,4.75
Statistics,5,4,8,1,Conceptual,77,2.6
Programming,2,3,3,4,Practical,46,11.24
Economics,3,8,2,3,Practical,70,15.3
Chemistry,2,5,13,4,Practical,91,2.39
Geography,1,2,1,4,Theory,86,6.85
Geography,3,4,13,5,Practical,64,5.62
Economics,1,3,7,3,Theory,56,2.09
Computer Science,1,6,5,5,Practical,88,3.72
English,2,4,1,5,Conceptual,80,24.96
History,3,8,15,5,Practical,83,4.02
Geography,1,7,2,5,Practical,83,8.52
English,2,2,6,4,Practical,88,4.72
AI,1,4,2,4,Practical,80,7.2
Computer Science,1,7,5,5,Practical,86,3.84
Statistics,3,8,1,1,Conceptual,86,7.87
Geography,1,4,4,4,Theory,70,2.56
Biology,4,3,10,3,Conceptual,79,3.89
Chemistry,5,7,6,4,Conceptual,40,10.88
Biology,3,7,11,3,Conceptual,95,2.2
Programming,2,1,1,2,Practical,79,13.26
AI,1,7,4,1,Conceptual,52,2.9
Economics,5,3,13,4,Practical,51,7.56
Programming,1,4,8,4,Conceptual,77,2.3
Machine Learning,1,1,9,1,Conceptual,65,1.95
Biology,4,8,4,3,Practical,94,9.36
Economics,4,3,4,5,Theory,57,9.38
Machine Learning,3,6,13,4,Conceptual,63,3.99
AI,3,3,11,2,Practical,72,3.32
AI,5,4,14,4,Theory,79,2.96
English,4,5,4,5,Theory,89,8.35
Chemistry,4,3,7,3,Practical,76,6.58
English,4,6,6,2,Practical,67,5.98
Machine Learning,2,8,5,5,Practical,79,7.26
Geography,5,7,6,2,Theory,68,3.69
Math,5,2,8,5,Theory,79,5.67
Math,4,7,7,3,Theory,79,3.41
Geography,3,1,2,2,Practical,86,9.84
Statistics,3,4,2,4,Conceptual,45,17.04
Geography,1,8,4,3,Conceptual,69,3.29
Biology,3,5,15,1,Conceptual,71,1.87
Machine Learning,3,6,8,1,Theory,67,1.66
English,5,8,5,4,Practical,58,14.52
AI,4,5,2,4,Conceptual,69,20.69
Chemistry,3,6,2,2,Practical,72,10.68
Geography,4,2,3,4,Practical,50,19.0
Physics,5,6,7,4,Practical,46,11.81
Geography,5,4,10,3,Practical,87,5.28
Economics,2,6,2,4,Theory,63,7.58
Programming,1,4,11,1,Practical,73,1.89
Computer Science,1,4,6,3,Theory,82,1.38
AI,1,8,4,1,Practical,73,2.37
Machine Learning,1,7,4,5,Conceptual,53,5.26
Programming,2,5,14,3,Theory,66,1.77
Programming,3,8,10,5,Practical,72,6.18
Computer Science,2,2,8,4,Practical,84,3.96
Programming,1,2,6,4,Practical,93,2.42
Machine Learning,4,1,7,2,Practical,93,3.85
Machine Learning,3,4,3,4,Conceptual,86,10.27
Computer Science,3,6,13,4,Practical,56,5.41
AI,5,3,2,4,Theory,69,16.99
Chemistry,5,1,2,2,Practical,76,16.44
Math,1,1,5,1,Theory,74,1.15
Biology,5,1,4,3,Practical,86,12.09
Programming,2,4,14,4,Practical,80,2.91
Math,2,1,4,3,Practical,44,7.86
Programming,4,4,6,3,Practical,64,8.16
History,5,5,5,4,Conceptual,95,9.84
Geography,4,6,12,4,Practical,44,7.36
Computer Science,2,4,2,2,Conceptual,75,6.0
Programming,1,5,14,5,Practical,55,3.77
Physics,1,6,14,1,Practical,41,3.75
Geography,4,6,11,2,Practical,41,5.72
Biology,5,3,2,3,Practical,45,25.8
Programming,3,8,4,4,Theory,43,6.62
English,5,7,14,2,Theory,45,2.9
Machine Learning,2,2,9,1,Practical,43,4.09
Computer Science,4,8,10,4,Practical,65,6.9
Biology,5,6,3,4,Conceptual,65,17.68
Geography,1,4,8,1,Theory,52,1.74
AI,3,6,12,3,Theory,56,2.61
Computer Science,1,4,12,2,Practical,46,3.74
Geography,3,4,14,3,Theory,44,2.82
Programming,2,5,14,2,Practical,72,2.54
Geography,3,3,2,5,Conceptual,52,20.3
Chemistry,1,2,2,3,Conceptual,55,5.76
Computer Science,4,5,7,1,Theory,73,1.78
Statistics,4,8,1,4,Theory,91,25.89
Chemistry,2,1,7,2,Conceptual,65,3.05
Geography,2,4,2,1,Practical,46,6.24
Chemistry,2,2,3,5,Theory,46,7.06
AI,1,7,15,5,Conceptual,70,2.24
Statistics,3,6,10,1,Practical,72,2.58
Physics,2,7,2,5,Practical,47,18.18
History,1,3,11,4,Practical,57,3.67
Machine Learning,3,2,8,4,Theory,52,3.94
Economics,3,4,2,5,Conceptual,59,19.97
History,5,4,15,3,Theory,95,1.76
Chemistry,1,6,3,1,Practical,52,3.88
Machine Learning,4,8,14,3,Conceptual,85,2.78
English,4,5,14,2,Conceptual,87,2.0
Physics,4,7,9,4,Theory,51,4.41
Economics,5,5,6,5,Practical,90,13.1
Chemistry,4,2,7,1,Conceptual,40,4.25
Economics,5,3,11,2,Conceptual,53,4.44
English,2,7,12,2,Theory,66,1.62
History,5,6,14,4,Conceptual,43,6.16
Geography,2,4,13,5,Conceptual,88,2.42
History,5,5,7,1,Practical,78,3.46
Machine Learning,5,6,4,4,Conceptual,85,12.72
Economics,5,5,4,1,Conceptual,58,5.02
Computer Science,3,4,15,5,Practical,40,6.6
Physics,2,3,8,1,Practical,70,2.55
Programming,1,4,13,4,Practical,57,3.5
Chemistry,3,7,6,1,Practical,88,2.22
Economics,3,1,5,4,Practical,60,9.6
History,4,5,5,2,Practical,88,5.52
Programming,3,7,4,2,Theory,90,2.72
English,3,2,8,2,Conceptual,42,4.58
Computer Science,4,4,15,3,Conceptual,76,3.07
History,5,2,13,2,Theory,60,2.51
Machine Learning,1,8,6,4,Conceptual,75,2.8
Statistics,1,5,11,2,Theory,84,0.8
History,1,1,9,2,Theory,77,1.09
Geography,4,3,3,5,Practical,52,22.88
Statistics,1,3,9,5,Theory,69,1.88
Geography,2,6,9,3,Conceptual,59,3.57
Geography,4,3,13,4,Conceptual,41,5.79
Chemistry,3,5,14,2,Theory,94,0.88
AI,1,3,3,5,Practical,46,8.24
English,2,5,15,1,Conceptual,83,1.14
Computer Science,2,7,3,2,Conceptual,86,3.87
Physics,5,1,15,3,Conceptual,94,2.69
History,3,5,9,4,Practical,68,5.92
Economics,2,8,13,4,Conceptual,61,3.35
Computer Science,5,2,1,1,Practical,40,18.6
English,5,2,14,1,Theory,74,1.4
Geography,3,4,1,4,Theory,64,20.35
Economics,3,3,7,1,Theory,47,2.38
Geography,2,6,5,2,Theory,92,1.54
Biology,1,6,7,5,Conceptual,58,3.73
Machine Learning,4,1,7,4,Conceptual,51,7.84
Programming,4,5,5,5,Practical,67,13.98
History,5,3,8,3,Conceptual,91,4.93
Economics,2,8,8,4,Theory,47,3.3
Chemistry,2,1,7,4,Theory,66,2.92
Math,5,8,15,3,Theory,76,2.37
Computer Science,1,6,8,1,Practical,77,1.75
English,1,1,9,3,Conceptual,83,1.62
Math,1,6,11,5,Practical,50,4.36
Geography,3,1,10,1,Practical,46,4.14
Programming,4,1,15,5,Conceptual,69,4.69
Math,4,7,10,1,Practical,93,1.62
Geography,1,6,8,2,Conceptual,54,2.81
Math,1,3,1,3,Theory,41,6.69
AI,3,7,6,2,Theory,87,2.02
Programming,1,2,8,2,Conceptual,47,3.14
Physics,4,4,4,4,Conceptual,52,11.9
Biology,2,5,11,2,Practical,72,2.77
AI,3,2,10,2,Conceptual,94,1.73
English,3,7,8,3,Practical,64,5.54
Chemistry,3,8,15,3,Practical,95,2.1
Machine Learning,1,8,2,3,Practical,67,6.48
Machine Learning,3,5,5,4,Practical,72,8.88
Geography,3,8,9,1,Practical,43,4.42
English,3,7,6,1,Theory,43,2.62
Machine Learning,5,7,9,2,Conceptual,43,5.4
Geography,4,7,11,2,Practical,41,5.72
Physics,4,3,2,5,Theory,85,16.48
Chemistry,3,2,4,5,Practical,47,14.43
AI,3,2,13,4,Theory,88,1.86
Math,1,7,13,1,Conceptual,93,0.52
Statistics,3,5,14,5,Practical,89,3.87
Biology,3,2,8,2,Practical,65,4.35
AI,4,6,6,1,Theory,69,2.06
Statistics,3,8,10,2,Theory,51,2.53
Machine Learning,5,5,12,2,Practical,84,3.46
Physics,3,1,13,1,Theory,63,1.55
Economics,2,5,9,3,Conceptual,70,3.04
English,4,2,4,5,Conceptual,87,12.62
History,5,2,2,2,Conceptual,74,13.25
Computer Science,5,1,12,3,Conceptual,80,3.96
Biology,5,3,9,1,Theory,84,1.4
Statistics,5,5,15,4,Conceptual,51,5.55
Geography,1,8,8,1,Practical,42,3.85
Physics,2,6,1,4,Conceptual,78,20.26
Statistics,2,1,8,2,Conceptual,57,3.26
Economics,5,6,10,1,Practical,85,2.4
Chemistry,5,7,3,1,Conceptual,60,5.92
Biology,2,5,6,3,Conceptual,90,2.88
Machine Learning,4,6,15,1,Practical,63,3.02
AI,2,8,11,5,Practical,49,5.79
Geography,3,3,3,3,Conceptual,76,8.35
AI,1,7,10,5,Practical,66,3.54
Biology,3,8,6,4,Conceptual,81,5.71
Biology,1,8,8,1,Theory,82,0.78
Machine Learning,3,6,12,4,Theory,86,2.05
Chemistry,5,1,14,5,Practical,95,5.66
English,2,3,1,2,Theory,62,7.62
Economics,2,4,3,4,Theory,74,5.1
Chemistry,1,3,4,1,Conceptual,61,2.47
Economics,5,7,7,1,Practical,43,5.56
Geography,3,2,9,2,Theory,56,2.47
Economics,2,8,8,2,Conceptual,88,1.78
Computer Science,3,5,10,4,Conceptual,62,4.7
English,5,7,2,2,Conceptual,50,14.4
English,5,2,5,1,Conceptual,40,5.28
Statistics,1,4,2,5,Theory,49,5.63
Chemistry,1,4,14,1,Conceptual,41,3.0
Math,5,7,13,1,Conceptual,84,1.69
Math,5,5,6,2,Practical,82,6.08
Biology,4,1,6,1,Practical,74,3.56
Math,4,7,5,4,Theory,95,5.28
Biology,1,7,15,5,Conceptual,81,1.71
AI,3,3,9,1,Theory,68,1.56
Programming,5,7,1,2,Conceptual,60,25.92
AI,3,4,4,5,Theory,74,6.83
Programming,1,2,6,5,Theory,52,2.87
Computer Science,1,1,1,5,Conceptual,56,14.11
Programming,5,2,14,1,Practical,77,2.45
Machine Learning,4,6,8,2,Practical,65,5.1
Statistics,1,3,8,3,Theory,68,1.62
Chemistry,4,1,3,1,Practical,51,6.94
Biology,5,5,4,1,Practical,43,7.17
Math,5,2,10,3,Practical,84,5.46
Geography,1,7,2,1,Practical,45,4.8
English,1,7,2,3,Conceptual,76,4.75
Math,3,3,9,4,Conceptual,88,3.78
Statistics,1,4,3,3,Practical,69,4.86
AI,1,8,11,1,Conceptual,92,0.6
Statistics,4,7,9,2,Practical,76,4.11
Math,1,2,10,3,Theory,86,0.93
Math,4,2,8,2,Conceptual,81,3.31
English,1,1,11,1,Conceptual,49,2.67
Biology,5,6,4,2,Practical,75,9.0
English,3,3,2,1,Practical,43,7.92
Physics,5,7,7,1,Practical,64,4.3
Computer Science,4,8,4,4,Theory,67,7.46
Machine Learning,3,6,1,2,Conceptual,91,14.83
AI,5,1,8,4,Theory,54,5.47
Geography,4,4,12,2,Conceptual,77,2.7
Computer Science,4,7,5,4,Conceptual,94,7.97
Math,5,7,15,1,Theory,75,1.33
Chemistry,3,4,7,3,Practical,87,4.64
Physics,2,5,7,2,Theory,91,1.2
English,5,4,3,2,Practical,56,12.64
Statistics,2,8,3,3,Conceptual,56,6.91
AI,1,8,10,5,Theory,46,2.53
Biology,3,2,6,3,Conceptual,85,4.32
Computer Science,3,2,5,3,Theory,88,3.26
AI,1,5,3,4,Conceptual,42,5.98
Economics,3,8,1,4,Theory,48,20.86
Chemistry,2,3,12,1,Theory,41,2.15
Geography,3,6,13,4,Conceptual,82,3.08
Machine Learning,1,7,10,1,Practical,42,3.78
Economics,5,3,4,1,Theory,52,3.54
Physics,1,8,5,2,Practical,61,3.54
Economics,5,6,6,4,Practical,91,10.54
Programming,1,7,13,4,Practical,57,3.5
Math,4,2,15,3,Theory,86,1.73
AI,4,5,3,3,Theory,60,7.68
History,1,1,9,3,Practical,89,1.66
Statistics,4,6,8,4,Theory,62,4.42
Chemistry,2,8,14,2,Theory,71,1.39
Physics,4,6,15,3,Practical,45,5.7
Chemistry,5,8,15,3,Theory,78,2.3
Geography,3,2,12,4,Practical,70,4.8
English,2,5,6,4,Conceptual,50,5.6
AI,2,6,7,1,Conceptual,44,3.37
Statistics,4,1,8,5,Practical,85,8.4
AI,3,5,1,3,Practical,61,29.34
Machine Learning,2,7,13,2,Practical,78,2.24
Chemistry,4,7,2,1,Conceptual,93,5.14
Physics,5,6,6,2,Conceptual,65,5.68
English,1,3,10,4,Theory,85,1.12
Economics,3,3,6,5,Theory,44,5.79
Chemistry,3,6,9,1,Practical,80,2.2
Programming,5,5,1,1,Theory,49,9.63
English,2,6,6,1,Theory,90,0.85
Statistics,3,6,1,3,Theory,71,15.33
Physics,4,1,4,5,Conceptual,52,14.3
History,3,4,6,4,Practical,83,7.02
AI,5,1,3,5,Practical,50,28.0
English,3,7,15,5,Practical,66,5.04
Computer Science,3,1,7,2,Practical,64,4.73
Biology,3,5,9,3,Conceptual,66,4.03
Economics,4,6,2,2,Conceptual,45,12.24
Math,2,4,3,4,Practical,81,9.14
History,1,4,3,3,Practical,69,4.86
English,3,7,6,1,Theory,71,1.73
Programming,5,5,12,1,Conceptual,94,1.29
Biology,2,5,11,2,Theory,91,0.87
Programming,5,1,13,3,Conceptual,82,3.63
Programming,4,7,4,5,Conceptual,87,12.62
Programming,5,4,9,5,Practical,56,10.97
Physics,2,4,1,1,Theory,45,4.96
Computer Science,4,6,2,2,Theory,64,7.55
Geography,4,8,15,4,Theory,95,1.87
Chemistry,2,2,6,1,Practical,59,3.46
Computer Science,2,1,4,5,Theory,83,4.54
Machine Learning,3,7,14,4,Practical,95,2.87
Computer Science,1,8,9,3,Theory,95,0.69
Biology,2,5,14,4,Practical,92,2.19
Biology,2,1,13,4,Theory,92,1.24
Computer Science,4,3,9,3,Theory,82,2.71
Programming,1,3,4,3,Practical,73,3.87
Machine Learning,4,6,8,1,Conceptual,89,1.73
Biology,3,6,11,2,Conceptual,70,2.75
Biology,5,5,15,3,Conceptual,60,4.32
Programming,1,5,2,3,Conceptual,60,5.52
Geography,5,4,4,4,Practical,94,15.36
Computer Science,2,8,4,5,Conceptual,53,8.26
History,4,6,14,4,Practical,89,4.09
Economics,1,1,3,1,Practical,68,2.92
Statistics,3,4,14,2,Conceptual,50,3.43
Statistics,2,4,4,2,Theory,89,1.95
Statistics,4,8,7,1,Practical,63,3.93
History,5,2,5,3,Theory,68,5.82
Geography,5,4,3,3,Conceptual,77,13.1
Geography,2,1,1,3,Conceptual,78,15.46
Math,5,5,15,2,Conceptual,53,3.86
Machine Learning,3,7,12,1,Conceptual,85,1.32
History,5,5,14,2,Conceptual,52,4.02
Statistics,3,8,15,2,Theory,89,0.99
Chemistry,1,6,15,2,Practical,83,1.42
Programming,5,3,3,5,Conceptual,79,21.01
Physics,3,1,7,1,Practical,48,4.41
Math,2,2,12,5,Practical,65,4.6
Geography,2,6,6,1,Conceptual,50,3.2
History,1,8,8,5,Practical,58,4.39
Statistics,3,4,9,1,Practical,91,1.54
Statistics,1,8,8,3,Conceptual,50,3.3
Statistics,2,7,1,5,Conceptual,65,25.68
Biology,5,1,9,4,Conceptual,88,5.91
Programming,5,3,13,5,Theory,47,4.77
English,4,1,10,4,Theory,56,3.97
Machine Learning,2,1,5,5,Theory,92,3.46
AI,1,2,14,5,Conceptual,46,3.45
Machine Learning,4,7,1,1,Practical,54,14.76
Chemistry,3,3,14,4,Conceptual,94,2.35
Computer Science,4,5,11,1,Practical,71,2.83
Computer Science,3,1,7,2,Conceptual,61,3.93
AI,2,8,13,2,Practical,42,4.4
Biology,5,6,2,4,Conceptual,91,24.43
Biology,4,2,4,5,Practical,90,15.6
Biology,5,1,13,5,Practical,79,7.03
Machine Learning,5,1,3,5,Conceptual,85,20.72
Machine Learning,4,3,12,3,Conceptual,76,3.55
Physics,5,6,9,1,Theory,67,1.94
Programming,1,6,4,2,Theory,44,2.59
Economics,2,8,4,4,Conceptual,40,7.68
History,5,3,8,1,Theory,69,1.99
History,5,2,1,3,Practical,55,47.7
Statistics,2,4,9,1,Theory,47,2.05
Machine Learning,1,5,12,3,Theory,81,1.01
History,3,1,10,4,Conceptual,51,5.23
English,4,8,3,1,Theory,75,2.93
Statistics,2,4,15,1,Practical,59,2.86
Math,4,7,14,2,Conceptual,63,3.15
Statistics,2,6,11,4,Theory,87,1.58
English,3,1,8,4,Theory,68,3.42
Computer Science,4,2,9,4,Practical,76,6.77
Programming,5,8,3,3,Theory,62,9.22
Statistics,1,1,5,1,Practical,53,3.42
Math,2,5,14,3,Conceptual,75,2.23
AI,1,4,11,4,Theory,62,1.8
Physics,5,8,7,3,Theory,50,5.03
Economics,4,1,14,1,Theory,79,1.13
Statistics,3,8,1,5,Conceptual,44,38.69
Biology,2,6,14,2,Conceptual,64,2.41
AI,1,6,5,5,Practical,77,4.38
History,4,4,15,2,Theory,61,2.1
Biology,1,1,10,4,Practical,43,4.62
Computer Science,2,6,8,2,Practical,56,4.14
AI,5,1,15,1,Conceptual,85,1.52
English,5,1,12,3,Theory,40,3.92
Statistics,4,8,4,2,Practical,80,7.2
Statistics,2,6,6,2,Theory,89,1.42
English,1,7,7,2,Theory,73,1.32
Physics,2,3,9,2,Practical,52,4.21
Chemistry,1,5,5,3,Theory,89,1.31
Programming,4,2,1,4,Theory,73,26.46
Biology,3,2,13,5,Conceptual,73,4.07
English,4,1,9,4,Theory,69,3.84
Programming,2,3,4,1,Conceptual,90,1.68
Programming,3,3,13,1,Conceptual,93,0.89
Chemistry,3,5,7,1,Practical,72,2.97
History,5,1,7,5,Theory,44,7.51
Economics,4,3,6,4,Practical,54,10.76
Computer Science,5,3,5,5,Practical,56,17.64
Economics,3,6,13,3,Conceptual,62,3.49
Physics,2,8,2,5,Practical,78,16.32
Programming,4,4,1,5,Conceptual,69,49.49
Machine Learning,3,2,7,1,Practical,88,2.01
AI,2,2,2,5,Practical,64,17.16
Biology,4,1,10,4,Theory,49,4.19
History,1,5,4,2,Conceptual,41,4.03
Biology,5,5,9,3,Theory,47,4.36
Programming,1,4,7,3,Theory,82,1.26
Statistics,4,1,2,3,Conceptual,95,14.64
History,3,5,12,1,Practical,88,1.47
English,1,3,7,3,Theory,49,2.32
Statistics,3,3,2,1,Practical,83,5.52
AI,1,5,11,1,Conceptual,86,0.89
AI,3,2,8,3,Theory,70,2.76
Computer Science,5,5,15,1,Theory,89,0.89
Geography,2,1,10,4,Theory,60,2.56
Statistics,4,6,6,3,Theory,46,4.93
Programming,1,1,5,5,Theory,83,2.14
Chemistry,1,6,5,2,Practical,70,3.0
Biology,5,8,5,5,Theory,78,8.7
Economics,5,3,11,3,Practical,55,6.79
Machine Learning,2,1,7,4,Conceptual,86,3.41
Statistics,3,5,8,2,Practical,88,2.97
Computer Science,1,3,4,2,Conceptual,87,1.82
Math,5,5,13,3,Theory,64,3.0
Programming,3,3,13,5,Conceptual,63,4.55
Programming,1,4,15,5,Theory,95,0.69
Biology,3,5,15,1,Theory,59,1.63
Math,2,3,10,4,Conceptual,54,4.13
History,1,7,3,3,Theory,66,2.69
Computer Science,1,3,2,1,Practical,54,4.26
English,2,3,15,1,Practical,81,1.54
Geography,1,2,8,1,Theory,80,0.84
Chemistry,1,7,13,5,Theory,91,0.9
Geography,5,6,15,1,Theory,83,1.08
Geography,1,7,7,2,Conceptual,66,2.32
AI,5,7,6,3,Practical,45,10.8
Machine Learning,5,6,2,1,Practical,50,10.5
Geography,2,5,14,3,Theory,46,2.41
English,2,8,6,1,Theory,78,1.24
Economics,3,4,10,1,Theory,94,0.67
Geography,1,7,4,5,Conceptual,44,5.69
Geography,2,8,10,4,Conceptual,68,3.46
Physics,3,2,15,3,Theory,57,2.34
History,5,1,10,5,Theory,80,4.64
Programming,2,4,9,5,Conceptual,67,4.25
Physics,5,2,7,2,Practical,63,6.51
AI,5,8,6,1,Theory,50,2.93
Programming,5,8,13,1,Practical,69,3.01
Chemistry,5,7,12,5,Theory,73,4.2
AI,4,3,13,2,Practical,64,4.01
Programming,2,2,4,2,Practical,85,3.9
Geography,4,3,10,4,Theory,73,3.42
Computer Science,2,6,4,1,Practical,48,4.62
Economics,2,1,11,1,Conceptual,92,0.82
Computer Science,2,1,1,3,Conceptual,71,15.79
History,3,2,14,5,Conceptual,43,5.31
Machine Learning,1,6,2,3,Theory,44,4.19
Programming,4,2,2,5,Theory,89,16.35
Geography,3,1,15,2,Conceptual,87,1.58
Chemistry,1,1,7,1,Conceptual,62,2.17
Biology,3,7,10,5,Theory,70,3.36
Economics,5,4,14,4,Practical,74,5.85
AI,4,5,2,3,Practical,55,20.7
Economics,3,5,8,4,Theory,52,3.94
Machine Learning,1,7,15,2,Theory,85,0.69
English,4,8,1,5,Practical,73,61.62
Economics,4,3,5,4,Conceptual,73,8.98
Geography,1,1,14,5,Practical,71,2.81
AI,2,7,13,1,Practical,72,2.14
Computer Science,5,8,5,3,Conceptual,40,10.08
History,5,7,4,1,Theory,75,2.8
AI,4,5,8,3,Conceptual,85,4.32
Economics,1,8,10,5,Conceptual,67,2.78
Geography,3,1,2,4,Theory,84,10.11
Chemistry,3,6,4,1,Theory,87,1.62
Statistics,4,1,10,2,Practical,56,5.04
Computer Science,2,5,4,3,Conceptual,49,6.05
Computer Science,1,7,11,4,Theory,53,2.09
Physics,5,8,3,4,Practical,58,22.52
AI,1,3,12,5,Conceptual,82,1.86
Biology,2,3,4,2,Conceptual,85,3.12
Math,5,4,8,2,Conceptual,55,5.16
History,3,7,10,2,Conceptual,58,3.46
Physics,3,4,7,1,Theory,95,0.85
Economics,1,5,10,3,Practical,73,2.52
Math,4,3,10,3,Practical,71,5.34
Economics,4,3,9,1,Theory,57,2.09
Programming,1,1,14,3,Practical,95,0.94
AI,1,5,2,3,Conceptual,47,6.14
Economics,2,8,5,1,Theory,80,1.28
Statistics,5,3,11,4,Conceptual,83,5.18
Programming,5,1,14,4,Theory,74,3.12
Programming,5,7,3,3,Practical,77,16.38
Geography,5,3,5,1,Conceptual,74,3.65
AI,5,5,15,2,Practical,61,4.34
Physics,4,1,9,1,Conceptual,76,2.22
Geography,1,2,14,2,Conceptual,46,2.93
Geography,3,8,14,4,Theory,83,1.92
Geography,4,8,5,3,Practical,68,9.12
English,2,1,7,5,Practical,80,5.49
Statistics,3,4,7,1,Theory,46,2.41
History,4,1,13,5,Conceptual,81,4.6
Programming,4,1,2,4,Practical,50,27.0
Statistics,1,2,1,1,Theory,84,2.11
Economics,4,7,8,5,Theory,52,5.54
Physics,3,8,5,2,Conceptual,87,3.5
Economics,2,7,14,3,Practical,77,2.67
Chemistry,1,7,2,5,Theory,67,5.06
Machine Learning,5,7,4,1,Practical,89,4.41
Biology,1,2,14,2,Conceptual,45,2.98
Math,3,2,3,1,Conceptual,59,4.37
Math,2,8,14,5,Conceptual,79,2.72
History,3,7,15,4,Conceptual,41,4.75
Statistics,5,3,10,2,Theory,66,2.69
Physics,3,3,7,2,Practical,43,5.99
Biology,1,2,3,3,Practical,49,6.06
Physics,2,3,5,2,Conceptual,53,4.18
Math,1,8,6,5,Conceptual,94,2.29
Chemistry,1,3,6,5,Conceptual,57,4.06
Math,2,1,10,5,Practical,55,5.7
Economics,2,2,15,5,Conceptual,70,3.04
History,5,3,11,5,Practical,86,7.66
Computer Science,1,1,8,4,Conceptual,75,2.4
Economics,5,2,10,4,Practical,41,9.54
Statistics,2,5,15,2,Practical,48,3.92
Geography,2,1,6,3,Theory,64,2.75
Biology,5,8,12,5,Conceptual,76,6.15
Physics,4,4,8,5,Theory,88,4.38
Physics,5,6,7,2,Theory,64,3.44
Math,1,8,12,3,Conceptual,57,2.66
Machine Learning,3,7,2,3,Theory,46,8.93
English,4,3,4,1,Conceptual,82,3.26
AI,4,8,11,2,Theory,90,1.48
Programming,1,1,8,3,Theory,55,2.04
Machine Learning,3,8,12,5,Theory,93,2.22
Biology,5,8,1,5,Theory,67,41.06
English,4,1,12,2,Theory,71,1.99
Chemistry,2,3,1,3,Practical,75,19.5
Statistics,2,5,12,1,Practical,81,1.64
AI,1,8,15,1,Conceptual,63,1.94
Biology,4,6,12,5,Practical,91,5.54
Physics,4,3,12,1,Theory,45,2.29
Biology,5,5,4,5,Practical,77,20.13
Machine Learning,5,4,4,4,Theory,80,8.64
History,1,2,3,3,Conceptual,73,3.7
Biology,4,5,13,5,Theory,54,3.93
Biology,2,3,9,4,Theory,76,2.19
Programming,4,7,6,5,Conceptual,71,9.39
AI,4,2,1,4,Practical,77,49.38
Biology,5,2,9,5,Theory,88,4.83
Programming,4,8,8,4,Theory,51,4.77
Statistics,4,1,11,4,Conceptual,94,3.78
Physics,5,2,2,1,Theory,60,5.28
Math,5,7,7,4,Conceptual,90,7.34
Programming,3,8,7,2,Practical,79,3.83
Math,3,5,4,5,Theory,79,6.67
Geography,2,4,14,4,Practical,42,5.19
English,1,4,11,4,Conceptual,91,1.3
Programming,5,6,3,1,Theory,54,4.14
Math,2,1,8,4,Theory,42,3.46
Physics,5,8,5,5,Conceptual,51,14.35
Math,3,7,7,5,Conceptual,84,5.91
Chemistry,2,2,8,3,Conceptual,57,3.86
Machine Learning,4,1,5,2,Conceptual,44,6.53
Programming,2,1,4,5,Conceptual,94,6.29
Programming,4,1,7,5,Practical,82,9.65
Chemistry,3,6,9,1,Theory,47,2.23
History,2,1,3,4,Theory,72,5.16
AI,1,4,1,5,Practical,88,15.72
Computer Science,4,4,10,5,Theory,43,5.02
Math,1,6,6,5,Theory,46,3.06
Chemistry,3,7,6,3,Theory,84,2.91
Statistics,2,8,14,2,Theory,61,1.71
Economics,4,3,15,1,Conceptual,73,1.94
Statistics,3,3,12,4,Practical,85,3.9
Statistics,4,2,11,4,Theory,56,3.74
Statistics,2,8,2,3,Practical,80,10.2
Economics,5,8,3,5,Theory,70,14.29
Economics,5,1,6,2,Practical,42,8.48
Chemistry,1,8,8,2,Conceptual,93,0.94
English,4,7,14,5,Conceptual,66,5.06
Machine Learning,1,7,14,5,Practical,89,1.73
Machine Learning,5,3,12,4,Theory,51,4.23
AI,3,6,10,2,Conceptual,77,2.54
Machine Learning,5,2,7,5,Conceptual,91,9.0
English,4,4,12,2,Practical,91,2.54
Math,4,6,9,3,Conceptual,40,6.08
Biology,2,4,13,3,Theory,52,2.27
Geography,3,4,8,5,Theory,83,3.54
Computer Science,1,5,4,2,Conceptual,61,3.07
Computer Science,1,5,3,2,Conceptual,68,3.14
Machine Learning,4,1,8,3,Conceptual,62,5.42
Chemistry,1,4,14,1,Practical,72,1.89
Geography,2,8,8,4,Practical,52,5.88
Economics,4,6,10,1,Practical,62,3.48
Economics,2,8,7,1,Theory,75,1.26
Computer Science,2,8,13,3,Conceptual,43,3.84
History,2,8,6,1,Practical,86,1.84
Machine Learning,1,4,8,2,Theory,93,0.62
Math,4,7,11,5,Conceptual,83,5.18
English,1,5,7,5,Theory,79,1.81
Machine Learning,2,7,15,1,Practical,66,2.44
Economics,4,2,14,5,Conceptual,40,6.31
Physics,3,1,9,4,Practical,51,6.94
Statistics,3,1,5,5,Conceptual,67,8.78
Economics,5,7,4,1,Conceptual,53,5.26
Biology,5,1,2,1,Theory,68,5.02
Biology,4,8,14,5,Practical,75,5.79
History,4,7,14,3,Conceptual,48,4.55
Economics,4,6,15,4,Theory,84,2.22
Math,4,3,7,1,Theory,51,2.48
Statistics,3,7,8,3,Practical,89,4.04
Computer Science,2,1,12,1,Conceptual,89,0.93
Chemistry,5,7,10,2,Theory,67,2.66
English,5,8,5,5,Conceptual,93,12.34
AI,4,7,4,4,Conceptual,76,10.75
Machine Learning,4,2,3,5,Theory,93,10.89
AI,3,8,2,1,Theory,87,2.82
AI,1,3,11,5,Practical,93,1.78
History,5,3,10,4,Practical,47,9.18
English,3,3,14,5,Conceptual,55,4.73
Physics,2,5,4,5,Theory,45,5.76
Computer Science,4,2,15,5,Conceptual,45,5.84
Economics,2,7,1,3,Conceptual,89,14.93
Statistics,4,3,3,4,Conceptual,77,13.9
Computer Science,1,6,5,2,Theory,78,1.34
Math,5,7,7,2,Conceptual,82,4.29
Economics,1,2,3,3,Practical,57,5.58
Chemistry,2,4,2,1,Conceptual,60,4.32
English,1,5,6,1,Conceptual,93,0.74
Physics,4,5,14,5,Conceptual,71,4.82
Statistics,4,4,1,2,Practical,90,24.6
Economics,5,2,1,2,Practical,74,31.56
History,3,6,5,1,Theory,87,1.38
Programming,5,4,13,4,Theory,93,2.69
Physics,2,7,6,2,Practical,40,5.6
Chemistry,2,1,14,5,Conceptual,70,3.15
Chemistry,1,4,6,5,Practical,77,3.88
Biology,2,2,7,5,Practical,58,6.81
AI,4,1,3,1,Practical,48,7.12
Computer Science,2,3,2,1,Conceptual,61,4.27
Biology,1,1,13,1,Conceptual,66,1.82
Machine Learning,5,6,11,2,Theory,80,2.09
History,4,4,4,5,Conceptual,50,14.4
English,4,6,12,1,Practical,91,1.54
Physics,1,1,13,4,Theory,91,0.78
History,4,7,1,1,Conceptual,60,11.52
Biology,4,1,6,4,Conceptual,83,7.22
Programming,2,6,14,5,Conceptual,68,3.25
Economics,4,2,3,2,Practical,67,9.98
Computer Science,1,1,7,4,Practical,54,4.47
AI,1,6,2,2,Conceptual,55,4.56
Math,1,7,12,3,Practical,65,2.85
English,4,6,15,1,Theory,55,1.87
English,2,3,9,1,Conceptual,74,1.78
Programming,3,7,3,4,Conceptual,69,11.09
History,2,4,15,2,Practical,54,3.56
Computer Science,1,1,2,3,Theory,48,4.06
Statistics,2,1,7,5,Practical,54,7.05
Computer Science,5,5,11,3,Practical,58,6.61
Machine Learning,4,7,3,5,Conceptual,45,18.64
Machine Learning,1,5,3,4,Practical,91,4.54
Computer Science,5,4,10,4,Theory,91,3.49
History,1,2,13,4,Conceptual,49,3.19
Programming,3,6,15,5,Practical,68,4.92
Computer Science,3,7,8,1,Practical,40,4.72
Computer Science,1,6,15,2,Practical,59,2.86
Chemistry,1,7,11,1,Practical,94,0.63
Economics,1,8,1,5,Conceptual,40,14.88
Statistics,5,1,9,1,Theory,76,1.66
History,1,3,15,3,Conceptual,56,2.59
Physics,3,6,7,1,Conceptual,53,3.28
Physics,2,5,6,4,Practical,81,5.14
Programming,1,3,8,1,Theory,50,1.8
History,1,1,10,1,Theory,73,1.02
Programming,3,4,5,5,Theory,85,5.28
AI,5,6,7,1,Practical,50,5.14
Economics,5,8,1,4,Conceptual,90,48.48
Machine Learning,3,2,6,4,Theory,90,3.52
Statistics,4,6,4,2,Practical,54,8.76
Physics,4,6,15,5,Theory,89,2.49
Biology,3,5,12,5,Conceptual,82,3.86
Statistics,5,5,15,3,Theory,43,3.42
AI,4,1,3,4,Practical,70,17.8
History,3,3,3,4,Theory,58,7.74
Physics,4,4,14,1,Practical,95,1.16
Programming,3,1,4,1,Practical,95,2.55
English,2,8,9,4,Practical,59,5.13
English,1,7,11,3,Conceptual,80,1.61
Computer Science,2,6,12,1,Practical,92,0.98
Geography,1,8,9,1,Practical,90,0.93
Programming,4,4,6,4,Practical,95,8.3
Statistics,1,4,4,2,Theory,84,1.31
Biology,3,5,3,2,Theory,40,5.12
Statistics,1,7,6,4,Practical,52,4.88
Statistics,1,3,8,5,Theory,82,1.58
English,5,2,8,5,Conceptual,75,8.7
Programming,4,6,1,2,Practical,70,25.8
Chemistry,1,3,8,4,Practical,58,4.02
AI,2,3,10,2,Conceptual,77,2.06
Programming,1,4,4,4,Conceptual,62,4.22
English,1,1,13,4,Theory,93,0.72
Math,2,1,4,5,Conceptual,89,6.53
Economics,4,2,5,4,Practical,48,12.72
Statistics,3,1,2,2,Conceptual,69,8.69
Math,3,3,3,4,Theory,45,8.16
Biology,3,5,6,1,Practical,46,4.74
History,3,7,5,2,Conceptual,77,3.98
Physics,2,3,1,4,Conceptual,82,20.06
Biology,2,6,15,3,Theory,92,0.9
Economics,2,6,12,4,Theory,89,1.42
Statistics,4,7,14,1,Conceptual,62,2.51
Machine Learning,2,1,15,2,Theory,43,2.25
History,2,5,6,2,Theory,49,2.7
Geography,4,2,15,3,Conceptual,69,3.41
Physics,5,6,12,1,Practical,51,4.19
Math,2,2,1,4,Practical,56,26.64
Computer Science,2,1,3,1,Conceptual,75,2.8
Math,1,8,6,1,Theory,65,1.39
Biology,5,8,15,5,Theory,84,3.18
Economics,5,8,11,4,Theory,91,3.2
History,2,3,13,5,Theory,56,2.64
Computer Science,5,4,3,3,Theory,45,9.76
Geography,1,1,15,2,Theory,60,1.49
Economics,1,5,7,2,Practical,58,3.38
Geography,4,6,6,1,Theory,68,2.09
Biology,1,5,8,2,Theory,46,2.13
History,3,1,15,4,Theory,45,3.04
Math,5,1,14,2,Theory,66,2.23
Programming,4,1,11,3,Practical,81,4.41
Computer Science,5,7,6,2,Practical,92,5.48
English,5,8,13,1,Theory,80,1.26
Math,3,3,14,1,Conceptual,65,2.19
AI,5,5,8,5,Theory,63,6.18
Economics,5,4,11,1,Practical,82,2.44
Biology,1,6,11,1,Conceptual,79,1.23
English,3,6,7,3,Theory,46,3.79
Chemistry,1,1,12,5,Practical,89,1.91
Statistics,3,1,10,2,Theory,55,2.4
Biology,1,6,6,5,Conceptual,83,2.82
English,2,5,8,3,Practical,74,3.81
Biology,2,7,6,4,Practical,75,5.5
Biology,5,7,1,4,Practical,72,61.68
Machine Learning,5,1,9,1,Conceptual,91,1.77
Statistics,2,3,14,4,Theory,86,1.36
Economics,2,4,11,5,Theory,61,2.7
Physics,4,8,3,3,Theory,83,6.94
Statistics,2,5,3,3,Conceptual,89,5.33
Physics,3,1,14,2,Practical,93,1.71
Economics,1,6,2,4,Practical,48,9.12
Biology,1,3,15,5,Conceptual,68,2.34
Computer Science,5,1,1,5,Conceptual,80,60.96
Programming,3,6,3,1,Theory,90,1.92
Geography,5,6,8,5,Conceptual,78,8.56
Economics,2,7,2,2,Theory,70,4.16
History,4,4,15,1,Theory,74,1.26
Geography,1,4,8,3,Theory,85,1.08
Economics,4,1,3,4,Conceptual,51,15.15
Math,5,5,2,4,Practical,43,33.42
Biology,3,8,11,2,Practical,74,3.2
Biology,5,8,5,4,Practical,47,15.18
Math,5,3,11,1,Theory,89,1.08
History,3,7,14,2,Conceptual,51,3.38
Programming,2,8,15,5,Theory,69,2.06
Programming,1,5,4,5,Conceptual,58,5.02
Computer Science,2,7,2,5,Conceptual,52,14.3
Computer Science,4,5,1,4,Practical,56,50.64
Biology,3,6,1,4,Conceptual,69,30.29
Economics,3,1,10,4,Conceptual,73,4.18
Geography,1,1,3,4,Conceptual,84,3.97
Economics,5,6,6,4,Conceptual,79,9.01
Economics,5,7,4,2,Conceptual,64,7.73
Biology,2,2,4,2,Conceptual,69,3.89
English,2,1,1,3,Practical,56,20.64
Chemistry,4,1,5,2,Practical,83,5.82
Geography,4,6,1,4,Theory,74,26.43
Geography,5,3,10,5,Practical,56,10.14
Programming,5,3,8,5,Practical,94,9.73
Statistics,3,1,11,5,Practical,66,6.13
Programming,4,1,2,2,Practical,71,13.74
Physics,3,1,4,2,Conceptual,47,6.14
Computer Science,3,7,11,5,Practical,74,5.65
Geography,3,3,11,2,Conceptual,95,1.55
Statistics,3,3,1,4,Theory,55,20.64
Physics,4,8,10,2,Conceptual,68,3.46
Biology,4,5,14,3,Theory,68,2.4
Chemistry,2,5,10,2,Conceptual,90,1.44
Math,2,4,8,2,Practical,83,2.52
Chemistry,4,8,15,1,Practical,83,1.82
Machine Learning,2,6,11,4,Practical,88,2.9
Biology,2,2,1,2,Theory,60,7.68
Computer Science,3,1,4,3,Theory,65,4.72
Computer Science,5,5,4,2,Conceptual,78,7.06
AI,1,3,4,5,Practical,59,6.21
Programming,3,7,1,4,Theory,49,20.83
Physics,4,1,15,3,Conceptual,88,2.5
Math,4,2,7,3,Practical,89,5.8
History,5,7,15,2,Conceptual,67,3.18
Programming,4,6,13,1,Conceptual,58,2.75
Statistics,2,3,5,4,Practical,72,6.48
Physics,5,6,14,5,Practical,86,6.2
Physics,2,3,1,1,Conceptual,78,5.86
Programming,3,7,3,4,Conceptual,60,11.52
Computer Science,1,7,9,1,Practical,91,0.87
Geography,1,3,8,5,Theory,73,1.86
English,3,4,3,1,Conceptual,82,3.26
Biology,5,4,15,2,Theory,70,2.03
Chemistry,4,5,15,1,Theory,85,0.91
Math,5,2,7,2,Conceptual,95,3.67
AI,2,3,13,2,Conceptual,77,1.84
Math,5,1,1,3,Theory,41,25.89
Biology,4,2,1,4,Theory,66,26.69
English,3,2,12,5,Conceptual,53,5.26
Biology,4,1,12,5,Theory,77,3.4
English,1,7,8,2,Practical,83,1.77
Economics,1,4,10,3,Theory,70,1.44
History,2,5,1,3,Theory,40,11.52
Machine Learning,4,1,4,1,Theory,68,2.62
Chemistry,4,7,4,3,Theory,80,5.44
Computer Science,4,1,9,3,Theory,78,2.84
AI,3,5,9,1,Theory,91,0.82
Math,2,6,2,4,Theory,48,8.06
Programming,4,8,15,3,Practical,60,4.8
Physics,5,5,1,1,Theory,68,9.02
English,5,7,5,4,Theory,42,8.26
Machine Learning,1,4,11,5,Practical,52,4.24
Chemistry,5,6,12,3,Conceptual,77,4.1
English,3,7,6,2,Conceptual,61,4.27
Machine Learning,5,7,5,1,Conceptual,77,3.5
Physics,5,3,6,4,Theory,73,6.2
Chemistry,2,4,6,3,Conceptual,72,3.74
Machine Learning,4,4,7,5,Theory,75,5.37
Chemistry,1,4,9,4,Practical,45,4.63
Biology,3,1,15,5,Practical,46,6.24
Machine Learning,4,2,14,2,Practical,51,4.65
Math,3,2,3,1,Theory,69,2.59
History,5,8,11,5,Conceptual,88,6.03
Programming,1,4,15,3,Practical,53,3.42
History,3,1,1,5,Theory,90,24.32
Geography,4,1,15,5,Theory,64,3.29
History,5,7,8,4,Practical,66,9.54
Machine Learning,2,5,13,3,Practical,90,1.98
Computer Science,2,2,5,3,Theory,61,3.17
Geography,2,8,1,2,Theory,73,7.26
Computer Science,5,7,6,4,Conceptual,43,10.74
Chemistry,4,7,9,1,Theory,74,1.54
AI,5,1,5,4,Theory,46,8.13
Economics,4,3,8,2,Theory,48,3.26
Geography,1,6,2,4,Conceptual,52,7.1
Machine Learning,4,3,1,4,Conceptual,51,40.75
Programming,3,1,11,2,Theory,83,1.42
Physics,5,2,10,5,Practical,42,10.98
Biology,2,7,9,4,Theory,49,3.05
Geography,5,6,2,4,Conceptual,90,24.48
Biology,1,2,8,4,Theory,73,1.66
Computer Science,3,6,9,4,Practical,65,6.1
Computer Science,1,7,6,2,Theory,95,0.69
Computer Science,1,1,12,2,Conceptual,91,0.83
Physics,4,3,8,2,Conceptual,89,2.93
History,1,2,9,4,Theory,46,2.44
AI,4,3,9,5,Practical,54,9.43
English,5,6,15,4,Practical,59,6.46
Programming,3,3,5,1,Practical,54,4.56
Math,5,1,7,4,Practical,73,10.19
Geography,4,7,8,3,Theory,57,3.78
Biology,4,2,12,3,Conceptual,77,3.5
History,4,2,11,1,Conceptual,76,2.02
Computer Science,3,4,7,4,Theory,48,4.41
Geography,5,3,4,4,Conceptual,69,13.49
AI,1,1,3,4,Theory,52,3.67
Biology,5,8,13,2,Practical,82,3.39
Machine Learning,5,2,8,2,Conceptual,65,4.68
History,4,3,5,3,Practical,59,9.66
Chemistry,3,3,11,5,Practical,59,6.55
Chemistry,3,6,2,4,Conceptual,95,14.64
Machine Learning,2,8,14,1,Theory,55,1.67
Statistics,1,7,8,2,Practical,84,1.71
Chemistry,5,7,4,5,Conceptual,56,17.11
Physics,5,8,8,4,Conceptual,42,8.78
English,5,1,5,4,Practical,83,13.02
Physics,5,2,12,3,Theory,89,2.35
Computer Science,3,6,11,2,Theory,84,1.38
Geography,3,3,1,2,Conceptual,50,16.8
Computer Science,1,6,2,4,Conceptual,57,6.86
Economics,3,7,13,1,Practical,87,1.47
Economics,2,3,3,4,Practical,77,9.38
Biology,3,4,14,5,Conceptual,90,3.05
English,1,4,13,1,Practical,64,2.39
History,5,2,14,4,Theory,78,2.99
Geography,5,3,4,5,Practical,82,19.83
Math,4,2,1,4,Practical,95,48.3
Programming,3,3,5,2,Practical,91,4.14
AI,3,1,15,4,Theory,89,1.63
English,2,5,11,4,Practical,76,3.62
Machine Learning,4,6,7,3,Conceptual,71,5.51
History,4,2,13,3,Theory,82,2.05
Programming,2,3,13,2,Theory,95,0.65
Chemistry,1,2,1,5,Practical,86,15.84
History,1,7,3,5,Conceptual,63,5.78
Computer Science,5,4,10,3,Theory,42,4.26
Chemistry,1,5,5,1,Theory,45,2.08
Chemistry,5,6,5,4,Practical,74,13.56
History,2,3,12,2,Theory,78,1.24
Computer Science,4,4,12,4,Practical,59,6.46
Economics,1,5,14,3,Practical,68,2.56
Physics,5,5,2,1,Practical,40,11.1
Computer Science,5,5,10,2,Practical,57,5.58
English,1,1,8,5,Conceptual,54,3.71
AI,5,8,1,2,Theory,47,17.7
AI,1,1,3,5,Conceptual,60,5.92
English,5,2,7,5,Practical,72,12.39
Computer Science,4,2,3,1,Practical,51,6.94
Physics,4,3,11,5,Theory,87,3.33
Statistics,4,7,9,2,Conceptual,70,3.57
English,1,7,13,3,Conceptual,91,0.99
Computer Science,4,3,6,2,Theory,43,3.96
Economics,5,8,3,2,Practical,40,13.6
English,3,4,8,2,Practical,88,2.97
Statistics,3,2,13,4,Conceptual,70,3.66
Economics,5,2,8,4,Practical,78,8.82
Physics,4,5,11,1,Practical,65,3.19
Computer Science,5,3,6,5,Practical,70,14.3
Geography,2,6,7,3,Theory,89,1.72
Computer Science,5,7,14,4,Practical,92,4.77
English,1,1,13,4,Theory,70,1.45
Geography,1,4,4,1,Conceptual,43,3.34
History,1,4,5,2,Theory,75,1.44
AI,1,4,6,5,Theory,68,2.36
Economics,1,2,1,2,Conceptual,80,5.76
English,3,5,6,3,Theory,68,3.42
Physics,4,3,4,4,Theory,54,7.87
Physics,4,6,3,3,Theory,62,7.62
Programming,2,5,13,5,Theory,68,2.25
Biology,5,2,15,1,Theory,70,1.49
Computer Science,1,6,13,1,Theory,66,1.21
Machine Learning,4,5,2,5,Practical,94,30.36
Statistics,2,8,1,1,Theory,58,4.54
History,5,6,11,4,Conceptual,82,5.23
AI,4,5,12,3,Conceptual,82,3.26
Computer Science,1,1,11,5,Theory,64,1.88
Statistics,1,7,13,5,Practical,40,4.75
Computer Science,5,2,6,5,Practical,95,12.8
AI,2,3,13,1,Theory,64,1.4
Economics,1,4,14,2,Conceptual,84,1.11
Computer Science,4,4,5,3,Theory,49,5.47
Programming,1,5,11,4,Conceptual,90,1.35
Geography,3,2,3,3,Conceptual,62,9.02
Physics,5,6,1,1,Practical,47,18.18
AI,1,1,11,1,Theory,92,0.4
English,2,5,7,4,Practical,95,3.73
Economics,3,3,3,2,Conceptual,49,7.25
Programming,5,7,6,1,Practical,84,3.46
English,3,2,3,3,Theory,50,6.4
Biology,1,8,10,1,Theory,61,1.41
History,3,8,2,5,Theory,40,13.92
Math,3,7,8,1,Conceptual,94,1.19
Math,2,1,6,1,Conceptual,84,1.57
AI,2,8,6,2,Conceptual,78,2.66
Economics,2,1,7,3,Theory,68,2.4
Chemistry,1,5,10,1,Theory,89,0.51
Economics,1,7,6,4,Conceptual,45,4.24
AI,4,4,11,5,Practical,73,7.07
AI,5,6,8,2,Conceptual,75,4.2
History,5,6,15,1,Conceptual,66,2.43
Computer Science,3,2,12,3,Conceptual,74,3.05
Biology,4,7,8,3,Practical,61,6.84
Statistics,2,4,4,3,Conceptual,67,5.18
Economics,2,6,1,4,Theory,81,13.41
Statistics,2,6,12,4,Practical,67,3.98
Physics,5,7,9,4,Conceptual,82,6.2
Programming,4,4,9,3,Theory,75,2.93
Programming,4,2,10,4,Theory,55,4.0
AI,5,6,12,4,Conceptual,58,6.02
Chemistry,5,4,1,4,Conceptual,58,50.02
AI,1,6,12,4,Conceptual,47,3.34
Physics,1,3,8,2,Conceptual,41,3.43
Biology,1,7,2,5,Theory,78,4.7
AI,4,5,2,1,Practical,60,8.4
Biology,4,5,7,1,Practical,73,3.33
AI,1,8,11,4,Conceptual,72,2.22
AI,1,7,8,3,Theory,63,1.78
Geography,3,5,11,3,Conceptual,95,2.2
Physics,4,2,1,4,Conceptual,75,39.6
History,2,4,4,5,Theory,48,5.66
English,1,6,15,4,Theory,70,1.39
English,1,7,5,5,Conceptual,92,2.78
Physics,1,6,3,4,Theory,84,2.65
Geography,3,4,6,4,Theory,44,4.99
Economics,1,3,7,5,Conceptual,83,2.53
Chemistry,4,3,1,1,Conceptual,63,11.38
English,3,6,2,2,Theory,81,5.41
History,5,3,3,4,Theory,75,11.47
AI,3,7,14,4,Practical,77,3.95
Machine Learning,4,1,15,2,Theory,67,1.91
Computer Science,5,3,3,3,Conceptual,45,14.64
Math,3,8,4,4,Conceptual,93,7.54
Biology,1,8,15,5,Theory,95,0.69
Chemistry,3,7,1,5,Practical,80,46.2
AI,3,8,14,3,Practical,73,3.55
Computer Science,4,8,6,3,Practical,50,9.0
Machine Learning,4,6,14,5,Conceptual,95,3.67
Statistics,4,5,1,3,Conceptual,66,30.43
Chemistry,3,8,8,5,Practical,57,8.21
Biology,1,1,8,4,Practical,84,2.46
Math,4,7,3,3,Practical,88,12.72
Statistics,2,7,9,4,Practical,95,2.97
Machine Learning,3,8,12,3,Conceptual,75,3.0
Computer Science,4,4,10,2,Practical,74,3.96
Programming,3,8,10,5,Practical,64,6.66
English,2,7,13,3,Conceptual,57,3.17
Statistics,3,3,2,3,Practical,56,16.14
History,1,8,3,3,Practical,85,3.9
Programming,1,5,8,1,Conceptual,46,2.89
Geography,1,1,5,4,Conceptual,50,4.32
AI,4,7,8,4,Practical,45,9.3
Programming,2,1,9,4,Practical,57,5.25
English,1,3,14,1,Theory,69,1.11
Computer Science,1,8,15,4,Practical,66,2.84
Economics,3,7,4,4,Conceptual,46,9.79
Economics,3,8,13,3,Conceptual,81,2.57
Geography,1,5,6,1,Practical,75,2.0
Geography,1,8,1,3,Practical,77,10.38
History,3,7,11,1,Theory,92,0.69
Biology,4,7,13,1,Practical,72,2.6
History,3,3,11,5,Theory,72,3.08
Chemistry,2,5,13,4,Theory,57,2.36
Physics,2,2,7,5,Practical,67,6.27
Geography,3,4,10,4,Theory,69,2.91
English,5,1,13,5,Practical,63,7.99
Chemistry,3,4,12,4,Practical,75,4.5
Geography,3,7,2,3,Conceptual,77,11.9
Statistics,3,2,4,1,Conceptual,88,2.38
Economics,2,5,14,2,Conceptual,79,1.69
Computer Science,5,3,11,3,Conceptual,89,3.8
Economics,1,4,5,4,Theory,62,2.5
Machine Learning,1,3,13,5,Theory,93,0.84
Economics,1,4,7,5,Theory,57,2.52
History,5,4,3,3,Theory,69,8.99
Geography,4,7,6,2,Practical,94,4.36
Chemistry,4,6,6,4,Conceptual,73,7.7
English,1,8,2,3,Conceptual,44,6.29
Computer Science,3,2,1,4,Practical,77,37.38
Programming,4,1,12,3,Practical,43,6.42
English,2,2,5,1,Practical,74,2.76
English,5,8,1,5,Conceptual,94,60.29
Math,3,5,12,3,Conceptual,54,4.01
Physics,3,7,10,2,Practical,67,3.78
Biology,5,2,6,5,Theory,66,7.75
Programming,1,5,9,4,Conceptual,55,3.23
AI,1,4,8,4,Theory,95,0.96
Physics,1,5,10,3,Theory,49,2.11
Machine Learning,2,4,12,2,Practical,47,4.18
Machine Learning,4,6,11,5,Theory,53,4.41
Chemistry,5,5,13,3,Practical,79,4.72
Math,3,8,11,2,Conceptual,46,3.9
Geography,5,2,3,2,Practical,40,13.6
Machine Learning,4,8,1,4,Practical,59,50.46
Physics,2,7,6,1,Practical,79,2.26
Economics,3,6,4,1,Conceptual,89,2.33
Geography,5,4,13,2,Theory,77,1.97
Geography,2,8,4,1,Conceptual,48,3.7
AI,4,6,15,5,Conceptual,59,5.17
Math,3,8,2,5,Conceptual,87,18.62
Programming,1,6,9,1,Practical,50,3.33
AI,2,8,4,5,Practical,49,10.56
Chemistry,3,7,5,4,Conceptual,80,6.72
Chemistry,5,6,2,5,Conceptual,59,31.97
Geography,1,5,6,3,Practical,86,2.34
Biology,4,8,5,2,Conceptual,73,5.14
AI,3,6,6,4,Theory,89,3.55
Chemistry,4,1,1,2,Practical,89,24.66
Statistics,5,5,6,4,Conceptual,65,9.68
History,1,8,15,4,Conceptual,84,1.41
Economics,4,7,1,4,Practical,81,49.14
History,4,7,2,4,Theory,63,13.98
Biology,3,3,15,1,Conceptual,50,2.88
Math,5,8,8,3,Practical,53,8.45
Programming,1,8,13,4,Theory,52,2.03
English,3,3,5,4,Theory,69,4.83
Physics,1,3,14,3,Practical,53,3.46
Math,5,6,5,1,Practical,89,3.66
Biology,5,2,15,1,Practical,65,3.1
Physics,3,1,12,5,Practical,42,7.23
History,4,3,14,5,Theory,78,2.99
Chemistry,2,4,15,4,Practical,76,3.04
Physics,3,4,2,4,Practical,95,18.3
Physics,4,1,1,5,Practical,91,60.54
Programming,5,5,9,3,Practical,84,5.96
Physics,1,1,9,5,Practical,85,2.57
Physics,5,8,4,4,Practical,69,16.86
Computer Science,4,1,15,5,Theory,64,3.29
History,1,7,4,1,Theory,73,1.26
Physics,2,8,1,1,Practical,43,9.42
Programming,2,5,11,2,Conceptual,72,2.22
History,3,7,1,3,Theory,84,14.91
Physics,1,7,13,2,Practical,42,3.94
Biology,5,6,1,5,Conceptual,89,60.53
English,4,3,6,1,Practical,60,4.4
Economics,1,2,13,5,Theory,65,1.74
Physics,2,5,3,2,Practical,59,6.46
Machine Learning,2,7,13,1,Theory,95,0.41
Machine Learning,4,8,8,2,Theory,85,2.08
Math,1,5,13,1,Conceptual,45,2.82
Geography,4,3,14,4,Practical,64,5.59
History,1,7,13,3,Theory,91,0.66
Biology,3,5,6,1,Theory,94,0.99
Computer Science,3,1,13,5,Theory,80,2.49
Geography,1,7,12,2,Theory,77,1.0
Programming,4,4,3,4,Practical,74,17.56
Physics,2,8,7,2,Practical,92,2.19
AI,5,3,2,2,Theory,82,8.58
Economics,5,2,10,2,Conceptual,86,3.07
Chemistry,5,3,3,5,Conceptual,94,20.29
Physics,4,2,9,3,Theory,45,3.89
Programming,1,8,9,1,Theory,90,0.5
Economics,2,6,2,2,Practical,75,7.5
Machine Learning,4,3,3,5,Practical,83,21.02
Machine Learning,2,7,10,1,Conceptual,95,0.72
Computer Science,1,2,14,1,Theory,87,0.53
Statistics,1,6,4,1,Conceptual,42,3.38
English,1,7,10,2,Practical,94,0.96
Geography,2,4,3,4,Practical,86,8.84
AI,3,8,1,2,Practical,92,18.48
Chemistry,1,4,6,3,Practical,81,2.64
Statistics,4,5,5,3,Theory,93,4.06
Machine Learning,3,1,13,2,Theory,64,1.89
English,2,6,6,2,Conceptual,43,4.34
Math,3,5,1,4,Theory,70,20.16
Statistics,1,3,15,1,Theory,64,1.26
Math,4,6,12,4,Conceptual,86,3.87
Economics,4,7,11,2,Conceptual,55,3.91
Programming,3,6,14,2,Conceptual,67,2.61
History,3,4,3,1,Practical,61,5.34
Physics,4,7,15,3,Practical,66,4.44
History,2,4,12,4,Conceptual,49,4.05
Programming,2,6,3,5,Theory,85,5.81
History,2,4,15,2,Theory,41,2.31
Programming,2,4,11,1,Conceptual,73,1.73
Chemistry,3,2,3,3,Practical,83,10.02
History,4,4,10,1,Conceptual,44,3.65
Computer Science,3,8,8,1,Theory,77,1.34
History,3,6,3,3,Practical,59,11.46
History,3,7,2,4,Theory,48,11.26
Economics,5,6,9,2,Theory,75,2.58
Machine Learning,2,5,1,5,Practical,51,32.94
Geography,4,3,7,2,Theory,91,2.12
Physics,1,3,10,4,Practical,92,1.68
Math,1,7,7,5,Conceptual,85,2.43
Geography,1,6,8,5,Practical,80,3.07
AI,1,6,14,5,Theory,45,2.33
Math,1,7,7,2,Theory,71,1.39
Computer Science,1,6,15,3,Theory,61,1.57
Programming,3,2,13,1,Conceptual,92,0.94
History,3,6,11,1,Conceptual,63,2.43
Machine Learning,5,4,12,3,Conceptual,48,5.5
AI,5,3,2,3,Theory,95,12.16
Geography,1,7,8,1,Conceptual,55,2.46
AI,3,5,9,3,Theory,83,2.14
Physics,1,4,11,3,Practical,51,3.76
Economics,3,6,4,5,Conceptual,74,10.25
Machine Learning,1,2,2,3,Practical,69,6.36
Economics,2,2,8,3,Practical,89,2.91
Statistics,4,6,14,3,Conceptual,45,4.7
Biology,2,5,2,2,Practical,55,8.7
English,3,1,2,2,Theory,70,5.76
History,5,2,12,3,Theory,77,2.74
Economics,4,7,8,1,Practical,50,4.5
Chemistry,3,8,9,2,Conceptual,80,2.56
Statistics,3,8,1,3,Conceptual,55,23.76
Physics,1,5,7,5,Practical,60,4.54
Math,1,5,2,3,Theory,53,3.9
Economics,2,8,7,4,Practical,42,6.91
Computer Science,1,8,10,1,Conceptual,87,0.86
Programming,3,4,15,3,Theory,95,1.12
Computer Science,3,3,14,1,Theory,54,1.81
Economics,2,5,1,1,Conceptual,93,5.14
Programming,3,5,5,3,Theory,42,4.74
Economics,5,4,12,2,Practical,68,4.42
Math,4,7,14,4,Theory,60,3.11
Math,2,5,8,1,Practical,41,4.29
Geography,4,3,12,2,Theory,58,2.41
History,3,4,4,4,Theory,76,5.57
Geography,1,7,11,3,Practical,91,1.36
Math,1,3,3,5,Practical,81,6.14
Economics,2,5,12,4,Theory,47,2.76
Computer Science,4,4,9,4,Conceptual,77,5.37
AI,3,4,9,2,Conceptual,95,1.84
Economics,4,1,9,5,Conceptual,89,5.86
Biology,5,3,11,5,Theory,62,4.85
Computer Science,1,8,9,2,Practical,61,3.01
AI,5,3,11,5,Theory,56,5.04
Computer Science,1,5,4,2,Theory,77,1.54
Computer Science,5,3,4,3,Conceptual,51,11.35
Programming,2,8,7,3,Theory,72,2.27
Statistics,4,8,8,1,Practical,48,4.62
Programming,5,5,7,5,Conceptual,45,11.21
Geography,4,5,14,1,Conceptual,94,0.97
Physics,2,5,10,1,Practical,40,4.2
Machine Learning,1,4,2,1,Practical,62,3.78
English,2,7,10,4,Theory,44,3.07
AI,5,2,6,1,Conceptual,94,2.29
Economics,2,5,11,4,Conceptual,89,2.27
Computer Science,1,2,1,1,Practical,59,5.46
Geography,2,6,4,1,Conceptual,79,2.21
English,1,8,8,5,Conceptual,90,1.98
Biology,5,1,2,4,Theory,83,16.54
Math,1,7,3,1,Conceptual,77,1.9
Physics,3,3,3,5,Conceptual,41,14.83
History,3,6,1,1,Practical,43,12.42
AI,5,8,6,1,Practical,65,4.6
Geography,5,8,1,1,Practical,68,16.92
Computer Science,5,5,1,5,Conceptual,67,61.58
Statistics,3,2,10,3,Conceptual,84,2.93
Chemistry,4,8,12,2,Theory,79,1.74
Computer Science,1,4,15,1,Theory,57,1.48
AI,3,2,4,2,Theory,66,3.49
Machine Learning,1,5,5,5,Practical,51,5.94
Machine Learning,1,2,10,4,Practical,49,4.26
Math,4,3,5,2,Conceptual,75,5.04
Chemistry,5,5,11,2,Practical,79,3.99
Chemistry,4,1,13,5,Theory,82,3.04
English,4,1,1,4,Practical,58,50.52
English,3,4,11,2,Conceptual,48,3.81
Economics,2,1,1,2,Practical,77,13.38
Physics,3,5,11,5,Practical,66,6.13
Statistics,4,3,2,2,Theory,78,7.1
Computer Science,3,7,3,4,Theory,57,7.78
Computer Science,3,7,5,4,Conceptual,92,6.14
Programming,4,2,12,1,Conceptual,83,1.62
Statistics,1,4,14,1,Theory,55,1.55
Biology,5,8,4,2,Practical,80,8.7
English,1,5,10,5,Practical,71,3.24
Programming,5,4,11,5,Conceptual,93,5.79
Economics,5,2,2,5,Conceptual,81,30.91
English,4,3,10,1,Theory,70,1.6
AI,2,3,5,1,Theory,46,2.37
Biology,1,6,10,2,Theory,86,0.77
AI,4,8,14,4,Practical,89,4.09
Statistics,5,3,1,1,Practical,82,16.08
Programming,2,2,12,2,Theory,65,1.65
Machine Learning,1,5,9,1,Practical,73,1.95
Statistics,3,8,8,4,Theory,91,2.69
Economics,1,7,13,5,Theory,43,2.44
English,5,4,12,3,Conceptual,77,4.1
Economics,1,6,4,4,Conceptual,51,4.75
Physics,3,7,12,1,Theory,63,1.58
Math,5,2,8,1,Practical,94,2.23
Programming,2,2,2,4,Conceptual,87,10.22
Chemistry,1,1,1,4,Practical,63,14.22
English,3,4,5,1,Practical,75,3.3
AI,2,1,12,4,Conceptual,62,3.42
Biology,2,6,6,1,Conceptual,93,1.14
Chemistry,3,5,3,2,Theory,60,4.48
Statistics,2,5,7,4,Practical,50,6.43
